CONTRACT_NUMBER,PATH
SOW20210603GP,\\phsabc\root\HSSBC\SupplyChainAutomation\ConsultantContract\consultantcr\SOW20210603GP
SOW20211005SS-IMITPD-NSH,\\phsabc\root\HSSBC\SupplyChainAutomation\ConsultantContract\consultantcr\SOW20211005SS-IMITPD-NSH
SOW20211005SS-IMITPD-RCH,\\phsabc\root\HSSBC\SupplyChainAutomation\ConsultantContract\consultantcr\SOW20211005SS-IMITPD-RCH
SOW20220518SS-ITDM-RCH,\\phsabc\root\HSSBC\SupplyChainAutomation\ConsultantContract\consultantcr\SOW20220518SS-ITDM-RCH
SOW20221115SS-SPPM-RCH,\\phsabc\root\HSSBC\SupplyChainAutomation\ConsultantContract\consultantcr\SOW20221115SS-SPPM-RCH
SOW20221122SS-IMEPM-BH,\\phsabc\root\HSSBC\SupplyChainAutomation\ConsultantContract\consultantcr\SOW20221122SS-IMEPM-BH
SOW20221122SS-IMEPM-RCH,\\phsabc\root\HSSBC\SupplyChainAutomation\ConsultantContract\consultantcr\SOW20221122SS-IMEPM-RCH
SOW202251208AC,\\phsabc\root\HSSBC\SupplyChainAutomation\ConsultantContract\consultantcr\SOW202251208AC
SOW20230222SS-CCPM-RCH,\\phsabc\root\HSSBC\SupplyChainAutomation\ConsultantContract\consultantcr\SOW20230222SS-CCPM-RCH
SOW20230308SS-BA-SPMS-RCH,\\phsabc\root\HSSBC\SupplyChainAutomation\ConsultantContract\consultantcr\SOW20230308SS-BA-SPMS-RCH
SOW20230324SS-BA-EIP-RCH,\\phsabc\root\HSSBC\SupplyChainAutomation\ConsultantContract\consultantcr\SOW20230324SS-BA-EIP-RCH
SOW20230503LT,\\phsabc\root\HSSBC\SupplyChainAutomation\ConsultantContract\consultantcr\SOW20230503LT
SOW20230922BP,\\phsabc\root\HSSBC\SupplyChainAutomation\ConsultantContract\consultantcr\SOW20230922BP
SOW20231025MB1-CH-Ontec-05,\\phsabc\root\HSSBC\SupplyChainAutomation\ConsultantContract\consultantcr\SOW20231025MB1-CH-Ontec-05
SOW20231025MB1-CH-Ontec-06,\\phsabc\root\HSSBC\SupplyChainAutomation\ConsultantContract\consultantcr\SOW20231025MB1-CH-Ontec-06
SOW20231102RL,\\phsabc\root\HSSBC\SupplyChainAutomation\ConsultantContract\consultantcr\SOW20231102RL
SOW20231107KN,\\phsabc\root\HSSBC\SupplyChainAutomation\ConsultantContract\consultantcr\SOW20231107KN
SOW20231107KN-1,\\phsabc\root\HSSBC\SupplyChainAutomation\ConsultantContract\consultantcr\SOW20231107KN-1
SOW20231107KN-2,\\phsabc\root\HSSBC\SupplyChainAutomation\ConsultantContract\consultantcr\SOW20231107KN-2
SOW20231109BW,\\phsabc\root\HSSBC\SupplyChainAutomation\ConsultantContract\consultantcr\SOW20231109BW
SOW20231109TB,\\phsabc\root\HSSBC\SupplyChainAutomation\ConsultantContract\consultantcr\SOW20231109TB
SOW20231110BP-2,\\phsabc\root\HSSBC\SupplyChainAutomation\ConsultantContract\consultantcr\SOW20231110BP-2
SOW20231115CL,\\phsabc\root\HSSBC\SupplyChainAutomation\ConsultantContract\consultantcr\SOW20231115CL
SOW20231115DV,\\phsabc\root\HSSBC\SupplyChainAutomation\ConsultantContract\consultantcr\SOW20231115DV
SOW20231117JH,\\phsabc\root\HSSBC\SupplyChainAutomation\ConsultantContract\consultantcr\SOW20231117JH
SOW20231117SS-POSPF-R,\\phsabc\root\HSSBC\SupplyChainAutomation\ConsultantContract\consultantcr\SOW20231117SS-POSPF-R
SOW20231120JJ,\\phsabc\root\HSSBC\SupplyChainAutomation\ConsultantContract\consultantcr\SOW20231120JJ
SOW20231124DV,\\phsabc\root\HSSBC\SupplyChainAutomation\ConsultantContract\consultantcr\SOW20231124DV
SOW20231128CA,\\phsabc\root\HSSBC\SupplyChainAutomation\ConsultantContract\consultantcr\SOW20231128CA
SOW20231128RL,\\phsabc\root\HSSBC\SupplyChainAutomation\ConsultantContract\consultantcr\SOW20231128RL
SOW20231129CA,\\phsabc\root\HSSBC\SupplyChainAutomation\ConsultantContract\consultantcr\SOW20231129CA
SOW20231130JZ,\\phsabc\root\HSSBC\SupplyChainAutomation\ConsultantContract\consultantcr\SOW20231130JZ
SOW20231205BW,\\phsabc\root\HSSBC\SupplyChainAutomation\ConsultantContract\consultantcr\SOW20231205BW
SOW20231208SS-STRA-r,\\phsabc\root\HSSBC\SupplyChainAutomation\ConsultantContract\consultantcr\SOW20231208SS-STRA-r
SOW20231219NSHBCCCct,\\phsabc\root\HSSBC\SupplyChainAutomation\ConsultantContract\consultantcr\SOW20231219NSHBCCCct
SOW20240104BP,\\phsabc\root\HSSBC\SupplyChainAutomation\ConsultantContract\consultantcr\SOW20240104BP
SOW20240112SL-2,\\phsabc\root\HSSBC\SupplyChainAutomation\ConsultantContract\consultantcr\SOW20240112SL-2
SOW20240112SL-3,\\phsabc\root\HSSBC\SupplyChainAutomation\ConsultantContract\consultantcr\SOW20240112SL-3
SOW20240123PH-2,\\phsabc\root\HSSBC\SupplyChainAutomation\ConsultantContract\consultantcr\SOW20240123PH-2
SOW20240123RL-1,\\phsabc\root\HSSBC\SupplyChainAutomation\ConsultantContract\consultantcr\SOW20240123RL-1
SOW20240123RL-2,\\phsabc\root\HSSBC\SupplyChainAutomation\ConsultantContract\consultantcr\SOW20240123RL-2
SOW20240123RL-3,\\phsabc\root\HSSBC\SupplyChainAutomation\ConsultantContract\consultantcr\SOW20240123RL-3
SOW20240125MB2,\\phsabc\root\HSSBC\SupplyChainAutomation\ConsultantContract\consultantcr\SOW20240125MB2
SOW20240126DA,\\phsabc\root\HSSBC\SupplyChainAutomation\ConsultantContract\consultantcr\SOW20240126DA
SOW20240126DV-1,\\phsabc\root\HSSBC\SupplyChainAutomation\ConsultantContract\consultantcr\SOW20240126DV-1
SOW20240126DV-2,\\phsabc\root\HSSBC\SupplyChainAutomation\ConsultantContract\consultantcr\SOW20240126DV-2
SOW20240126GG,\\phsabc\root\HSSBC\SupplyChainAutomation\ConsultantContract\consultantcr\SOW20240126GG
SOW20240126SL,\\phsabc\root\HSSBC\SupplyChainAutomation\ConsultantContract\consultantcr\SOW20240126SL
SOW20240129JM,\\phsabc\root\HSSBC\SupplyChainAutomation\ConsultantContract\consultantcr\SOW20240129JM
SOW20240129MB2-1,\\phsabc\root\HSSBC\SupplyChainAutomation\ConsultantContract\consultantcr\SOW20240129MB2-1
SOW20240129MB6,\\phsabc\root\HSSBC\SupplyChainAutomation\ConsultantContract\consultantcr\SOW20240129MB6
SOW20240129MB7,\\phsabc\root\HSSBC\SupplyChainAutomation\ConsultantContract\consultantcr\SOW20240129MB7
SOW20240129MB8,\\phsabc\root\HSSBC\SupplyChainAutomation\ConsultantContract\consultantcr\SOW20240129MB8
SOW20240131JM,\\phsabc\root\HSSBC\SupplyChainAutomation\ConsultantContract\consultantcr\SOW20240131JM
SOW20240202SS-LITS-RCDD-BH,\\phsabc\root\HSSBC\SupplyChainAutomation\ConsultantContract\consultantcr\SOW20240202SS-LITS-RCDD-BH
SOW20240205JR,\\phsabc\root\HSSBC\SupplyChainAutomation\ConsultantContract\consultantcr\SOW20240205JR
SOW20240205LM,\\phsabc\root\HSSBC\SupplyChainAutomation\ConsultantContract\consultantcr\SOW20240205LM
SOW20240205MB CH Procom-01,\\phsabc\root\HSSBC\SupplyChainAutomation\ConsultantContract\consultantcr\SOW20240205MB CH Procom-01
SOW20240206MB4,\\phsabc\root\HSSBC\SupplyChainAutomation\ConsultantContract\consultantcr\SOW20240206MB4
SOW20240207MB1,\\phsabc\root\HSSBC\SupplyChainAutomation\ConsultantContract\consultantcr\SOW20240207MB1
SOW20240207MB2,\\phsabc\root\HSSBC\SupplyChainAutomation\ConsultantContract\consultantcr\SOW20240207MB2
SOW20240208ML,\\phsabc\root\HSSBC\SupplyChainAutomation\ConsultantContract\consultantcr\SOW20240208ML
SOW20240209HP,\\phsabc\root\HSSBC\SupplyChainAutomation\ConsultantContract\consultantcr\SOW20240209HP
SOW20240209HX,\\phsabc\root\HSSBC\SupplyChainAutomation\ConsultantContract\consultantcr\SOW20240209HX
SOW20240214MB3,\\phsabc\root\HSSBC\SupplyChainAutomation\ConsultantContract\consultantcr\SOW20240214MB3
SOW20240214NJB,\\phsabc\root\HSSBC\SupplyChainAutomation\ConsultantContract\consultantcr\SOW20240214NJB
SOW20240216SS-SIIDS-r,\\phsabc\root\HSSBC\SupplyChainAutomation\ConsultantContract\consultantcr\SOW20240216SS-SIIDS-r
SOW20240216TG-01-Apex Systems-AMD6,\\phsabc\root\HSSBC\SupplyChainAutomation\ConsultantContract\consultantcr\SOW20240216TG-01-Apex Systems-AMD6
SOW20240216TG-01-ApexSystems,\\phsabc\root\HSSBC\SupplyChainAutomation\ConsultantContract\consultantcr\SOW20240216TG-01-ApexSystems
SOW20240216TG-03-Forecight,\\phsabc\root\HSSBC\SupplyChainAutomation\ConsultantContract\consultantcr\SOW20240216TG-03-Forecight
SOW20240216TG-04-TEKsystems,\\phsabc\root\HSSBC\SupplyChainAutomation\ConsultantContract\consultantcr\SOW20240216TG-04-TEKsystems
SOW20240223JR,\\phsabc\root\HSSBC\SupplyChainAutomation\ConsultantContract\consultantcr\SOW20240223JR
SOW20240227SS-ITDM-BH,\\phsabc\root\HSSBC\SupplyChainAutomation\ConsultantContract\consultantcr\SOW20240227SS-ITDM-BH
SOW20240228SS-ITTSL-r-1-NSH,\\phsabc\root\HSSBC\SupplyChainAutomation\ConsultantContract\consultantcr\SOW20240228SS-ITTSL-r-1-NSH
SOW20240228SS-ITTSL-r-1-RCH,\\phsabc\root\HSSBC\SupplyChainAutomation\ConsultantContract\consultantcr\SOW20240228SS-ITTSL-r-1-RCH
SOW20240229SS-ITTSL-BH,\\phsabc\root\HSSBC\SupplyChainAutomation\ConsultantContract\consultantcr\SOW20240229SS-ITTSL-BH
SOW20240301MB1,\\phsabc\root\HSSBC\SupplyChainAutomation\ConsultantContract\consultantcr\SOW20240301MB1
SOW20240301SSC,\\phsabc\root\HSSBC\SupplyChainAutomation\ConsultantContract\consultantcr\SOW20240301SSC
SOW20240304JP,\\phsabc\root\HSSBC\SupplyChainAutomation\ConsultantContract\consultantcr\SOW20240304JP
SOW20240306DH,\\phsabc\root\HSSBC\SupplyChainAutomation\ConsultantContract\consultantcr\SOW20240306DH
SOW20240306PH-MSA-Cascadia-CH-02,\\phsabc\root\HSSBC\SupplyChainAutomation\ConsultantContract\consultantcr\SOW20240306PH-MSA-Cascadia-CH-02
SOW20240306PH-MSA-Cascadia-CH-03,\\phsabc\root\HSSBC\SupplyChainAutomation\ConsultantContract\consultantcr\SOW20240306PH-MSA-Cascadia-CH-03
SOW20240306PH-MSA-Cascadia-CH-04-AMD2,\\phsabc\root\HSSBC\SupplyChainAutomation\ConsultantContract\consultantcr\SOW20240306PH-MSA-Cascadia-CH-04-AMD2
SOW20240306PH-MSA-DEETKEN-CH-03,\\phsabc\root\HSSBC\SupplyChainAutomation\ConsultantContract\consultantcr\SOW20240306PH-MSA-DEETKEN-CH-03
SOW20240306PH-MSA-EY-CH-01,\\phsabc\root\HSSBC\SupplyChainAutomation\ConsultantContract\consultantcr\SOW20240306PH-MSA-EY-CH-01
SOW20240306PH-MSA-KPMG-CH-02,\\phsabc\root\HSSBC\SupplyChainAutomation\ConsultantContract\consultantcr\SOW20240306PH-MSA-KPMG-CH-02
SOW20240306PH-MSA-KPMG-CH-03,\\phsabc\root\HSSBC\SupplyChainAutomation\ConsultantContract\consultantcr\SOW20240306PH-MSA-KPMG-CH-03
SOW20240306PH-MSA-PwCManagementCH-01,\\phsabc\root\HSSBC\SupplyChainAutomation\ConsultantContract\consultantcr\SOW20240306PH-MSA-PwCManagementCH-01
SOW20240306SS-LNV-BH,\\phsabc\root\HSSBC\SupplyChainAutomation\ConsultantContract\consultantcr\SOW20240306SS-LNV-BH
SOW20240306SS-LNV-NSH,\\phsabc\root\HSSBC\SupplyChainAutomation\ConsultantContract\consultantcr\SOW20240306SS-LNV-NSH
SOW20240306SS-LNV-RCH,\\phsabc\root\HSSBC\SupplyChainAutomation\ConsultantContract\consultantcr\SOW20240306SS-LNV-RCH
SOW20240307HP,\\phsabc\root\HSSBC\SupplyChainAutomation\ConsultantContract\consultantcr\SOW20240307HP
SOW20240307IJ,\\phsabc\root\HSSBC\SupplyChainAutomation\ConsultantContract\consultantcr\SOW20240307IJ
SOW20240307MWC,\\phsabc\root\HSSBC\SupplyChainAutomation\ConsultantContract\consultantcr\SOW20240307MWC
SOW20240307RL,\\phsabc\root\HSSBC\SupplyChainAutomation\ConsultantContract\consultantcr\SOW20240307RL
SOW20240308MH,\\phsabc\root\HSSBC\SupplyChainAutomation\ConsultantContract\consultantcr\SOW20240308MH
SOW20240308MH-AMD13,\\phsabc\root\HSSBC\SupplyChainAutomation\ConsultantContract\consultantcr\SOW20240308MH-AMD13
SOW20240311AM,\\phsabc\root\HSSBC\SupplyChainAutomation\ConsultantContract\consultantcr\SOW20240311AM
SOW20240318BD,\\phsabc\root\HSSBC\SupplyChainAutomation\ConsultantContract\consultantcr\SOW20240318BD
SOW20240322MB,\\phsabc\root\HSSBC\SupplyChainAutomation\ConsultantContract\consultantcr\SOW20240322MB
SOW20240326JM,\\phsabc\root\HSSBC\SupplyChainAutomation\ConsultantContract\consultantcr\SOW20240326JM
SOW20240327SS-ITDC-BH,\\phsabc\root\HSSBC\SupplyChainAutomation\ConsultantContract\consultantcr\SOW20240327SS-ITDC-BH
SOW20240327SS-ITPC-BH,\\phsabc\root\HSSBC\SupplyChainAutomation\ConsultantContract\consultantcr\SOW20240327SS-ITPC-BH
SOW20240328RK-1,\\phsabc\root\HSSBC\SupplyChainAutomation\ConsultantContract\consultantcr\SOW20240328RK-1
SOW20240328RK-2,\\phsabc\root\HSSBC\SupplyChainAutomation\ConsultantContract\consultantcr\SOW20240328RK-2
SOW20240401BC,\\phsabc\root\HSSBC\SupplyChainAutomation\ConsultantContract\consultantcr\SOW20240401BC
SOW20240401BC-02,\\phsabc\root\HSSBC\SupplyChainAutomation\ConsultantContract\consultantcr\SOW20240401BC-02
SOW20240401BC-03,\\phsabc\root\HSSBC\SupplyChainAutomation\ConsultantContract\consultantcr\SOW20240401BC-03
SOW20240401BC-04,\\phsabc\root\HSSBC\SupplyChainAutomation\ConsultantContract\consultantcr\SOW20240401BC-04
SOW20240401BC-05,\\phsabc\root\HSSBC\SupplyChainAutomation\ConsultantContract\consultantcr\SOW20240401BC-05
SOW20240401BC-06,\\phsabc\root\HSSBC\SupplyChainAutomation\ConsultantContract\consultantcr\SOW20240401BC-06
SOW20240401BC-07,\\phsabc\root\HSSBC\SupplyChainAutomation\ConsultantContract\consultantcr\SOW20240401BC-07
SOW20240401BC-08,\\phsabc\root\HSSBC\SupplyChainAutomation\ConsultantContract\consultantcr\SOW20240401BC-08
SOW20240401BC-09,\\phsabc\root\HSSBC\SupplyChainAutomation\ConsultantContract\consultantcr\SOW20240401BC-09
SOW20240404JM-1,\\phsabc\root\HSSBC\SupplyChainAutomation\ConsultantContract\consultantcr\SOW20240404JM-1
SOW20240411JZ,\\phsabc\root\HSSBC\SupplyChainAutomation\ConsultantContract\consultantcr\SOW20240411JZ
SOW20240412DA,\\phsabc\root\HSSBC\SupplyChainAutomation\ConsultantContract\consultantcr\SOW20240412DA
SOW20240412JM,\\phsabc\root\HSSBC\SupplyChainAutomation\ConsultantContract\consultantcr\SOW20240412JM
SOW20240412SS-MMITS-BH,\\phsabc\root\HSSBC\SupplyChainAutomation\ConsultantContract\consultantcr\SOW20240412SS-MMITS-BH
SOW20240412SS-MMITS-NSH,\\phsabc\root\HSSBC\SupplyChainAutomation\ConsultantContract\consultantcr\SOW20240412SS-MMITS-NSH
SOW20240412SS-MMITS-RCH,\\phsabc\root\HSSBC\SupplyChainAutomation\ConsultantContract\consultantcr\SOW20240412SS-MMITS-RCH
SOW20240419CH-1,\\phsabc\root\HSSBC\SupplyChainAutomation\ConsultantContract\consultantcr\SOW20240419CH-1
SOW20240419CH-2,\\phsabc\root\HSSBC\SupplyChainAutomation\ConsultantContract\consultantcr\SOW20240419CH-2
SOW2024041BC,\\phsabc\root\HSSBC\SupplyChainAutomation\ConsultantContract\consultantcr\SOW2024041BC
SOW20240422SS-BANCI-RCH,\\phsabc\root\HSSBC\SupplyChainAutomation\ConsultantContract\consultantcr\SOW20240422SS-BANCI-RCH
SOW20240425RK-1,\\phsabc\root\HSSBC\SupplyChainAutomation\ConsultantContract\consultantcr\SOW20240425RK-1
SOW20240503MD,\\phsabc\root\HSSBC\SupplyChainAutomation\ConsultantContract\consultantcr\SOW20240503MD
SOW20240503SS-PMMM-BH,\\phsabc\root\HSSBC\SupplyChainAutomation\ConsultantContract\consultantcr\SOW20240503SS-PMMM-BH
SOW20240503SS-PMMM-RCH,\\phsabc\root\HSSBC\SupplyChainAutomation\ConsultantContract\consultantcr\SOW20240503SS-PMMM-RCH
SOW20240507JB,\\phsabc\root\HSSBC\SupplyChainAutomation\ConsultantContract\consultantcr\SOW20240507JB
SOW20240509IJ-2,\\phsabc\root\HSSBC\SupplyChainAutomation\ConsultantContract\consultantcr\SOW20240509IJ-2
SOW20240509RK,\\phsabc\root\HSSBC\SupplyChainAutomation\ConsultantContract\consultantcr\SOW20240509RK
SOW20240513BK,\\phsabc\root\HSSBC\SupplyChainAutomation\ConsultantContract\consultantcr\SOW20240513BK
SOW20240516SS-ITTDL-BH,\\phsabc\root\HSSBC\SupplyChainAutomation\ConsultantContract\consultantcr\SOW20240516SS-ITTDL-BH
SOW20240516SS-ITTDL-NSH,\\phsabc\root\HSSBC\SupplyChainAutomation\ConsultantContract\consultantcr\SOW20240516SS-ITTDL-NSH
SOW20240516SS-ITTDL-RCH,\\phsabc\root\HSSBC\SupplyChainAutomation\ConsultantContract\consultantcr\SOW20240516SS-ITTDL-RCH
SOW20240517VK,\\phsabc\root\HSSBC\SupplyChainAutomation\ConsultantContract\consultantcr\SOW20240517VK
SOW20240523CH,\\phsabc\root\HSSBC\SupplyChainAutomation\ConsultantContract\consultantcr\SOW20240523CH
SOW20240523JM,\\phsabc\root\HSSBC\SupplyChainAutomation\ConsultantContract\consultantcr\SOW20240523JM
SOW20240523MR,\\phsabc\root\HSSBC\SupplyChainAutomation\ConsultantContract\consultantcr\SOW20240523MR
SOW20240523MS,\\phsabc\root\HSSBC\SupplyChainAutomation\ConsultantContract\consultantcr\SOW20240523MS
SOW20240524JM,\\phsabc\root\HSSBC\SupplyChainAutomation\ConsultantContract\consultantcr\SOW20240524JM
SOW20240527IJ,\\phsabc\root\HSSBC\SupplyChainAutomation\ConsultantContract\consultantcr\SOW20240527IJ
SOW20240527MB3,\\phsabc\root\HSSBC\SupplyChainAutomation\ConsultantContract\consultantcr\SOW20240527MB3
SOW20240528MB1,\\phsabc\root\HSSBC\SupplyChainAutomation\ConsultantContract\consultantcr\SOW20240528MB1
SOW20240531GG-1,\\phsabc\root\HSSBC\SupplyChainAutomation\ConsultantContract\consultantcr\SOW20240531GG-1
SOW20240531MA,\\phsabc\root\HSSBC\SupplyChainAutomation\ConsultantContract\consultantcr\SOW20240531MA
SOW20240531PD-2,\\phsabc\root\HSSBC\SupplyChainAutomation\ConsultantContract\consultantcr\SOW20240531PD-2
SOW20240531PD-4,\\phsabc\root\HSSBC\SupplyChainAutomation\ConsultantContract\consultantcr\SOW20240531PD-4
SOW20240531PK,\\phsabc\root\HSSBC\SupplyChainAutomation\ConsultantContract\consultantcr\SOW20240531PK
SOW20240603CS,\\phsabc\root\HSSBC\SupplyChainAutomation\ConsultantContract\consultantcr\SOW20240603CS
SOW20240606SR-1,\\phsabc\root\HSSBC\SupplyChainAutomation\ConsultantContract\consultantcr\SOW20240606SR-1
SOW20240606SS-VBA-BH,\\phsabc\root\HSSBC\SupplyChainAutomation\ConsultantContract\consultantcr\SOW20240606SS-VBA-BH
SOW20240606SS-VBA-RCH,\\phsabc\root\HSSBC\SupplyChainAutomation\ConsultantContract\consultantcr\SOW20240606SS-VBA-RCH
SOW20240607MB1,\\phsabc\root\HSSBC\SupplyChainAutomation\ConsultantContract\consultantcr\SOW20240607MB1
SOW20240607SS-MSA-TDS-Procom-CH-01-ITPM-BH,\\phsabc\root\HSSBC\SupplyChainAutomation\ConsultantContract\consultantcr\SOW20240607SS-MSA-TDS-Procom-CH-01-ITPM-BH
SOW20240610GG,\\phsabc\root\HSSBC\SupplyChainAutomation\ConsultantContract\consultantcr\SOW20240610GG
SOW20240610ML,\\phsabc\root\HSSBC\SupplyChainAutomation\ConsultantContract\consultantcr\SOW20240610ML
SOW20240611MB-CH-CGI-03,\\phsabc\root\HSSBC\SupplyChainAutomation\ConsultantContract\consultantcr\SOW20240611MB-CH-CGI-03
SOW20240611MB CH CGI-03,\\phsabc\root\HSSBC\SupplyChainAutomation\ConsultantContract\consultantcr\SOW20240611MB CH CGI-03
SOW20240611MB-CH-TEEMA-02,\\phsabc\root\HSSBC\SupplyChainAutomation\ConsultantContract\consultantcr\SOW20240611MB-CH-TEEMA-02
SOW20240611MB-CH-TEEMA-03,\\phsabc\root\HSSBC\SupplyChainAutomation\ConsultantContract\consultantcr\SOW20240611MB-CH-TEEMA-03
SOW20240617SS-BAIWS-RCH,\\phsabc\root\HSSBC\SupplyChainAutomation\ConsultantContract\consultantcr\SOW20240617SS-BAIWS-RCH
SOW20240617TC,\\phsabc\root\HSSBC\SupplyChainAutomation\ConsultantContract\consultantcr\SOW20240617TC
SOW20240617TDT,\\phsabc\root\HSSBC\SupplyChainAutomation\ConsultantContract\consultantcr\SOW20240617TDT
SOW20240618DM,\\phsabc\root\HSSBC\SupplyChainAutomation\ConsultantContract\consultantcr\SOW20240618DM
SOW20240619MB1,\\phsabc\root\HSSBC\SupplyChainAutomation\ConsultantContract\consultantcr\SOW20240619MB1
SOW20240619MB-1-AMD4,\\phsabc\root\HSSBC\SupplyChainAutomation\ConsultantContract\consultantcr\SOW20240619MB-1-AMD4
SOW20240624BCR,\\phsabc\root\HSSBC\SupplyChainAutomation\ConsultantContract\consultantcr\SOW20240624BCR
SOW20240624SS-HADS-MSA-Affinity-CH-01-IMDL-BH,\\phsabc\root\HSSBC\SupplyChainAutomation\ConsultantContract\consultantcr\SOW20240624SS-HADS-MSA-Affinity-CH-01-IMDL-BH
SOW20240624SS-HADS-MSA-Affinity-CH-02-BANCI-RCH,\\phsabc\root\HSSBC\SupplyChainAutomation\ConsultantContract\consultantcr\SOW20240624SS-HADS-MSA-Affinity-CH-02-BANCI-RCH
SOW20240624SS-HADS-MSA-Affinity-CH-03-BANCI-BH,\\phsabc\root\HSSBC\SupplyChainAutomation\ConsultantContract\consultantcr\SOW20240624SS-HADS-MSA-Affinity-CH-03-BANCI-BH
SOW20240624SS-HADS-MSA-Affinity-CH-04-PMEUDP3-RCH,\\phsabc\root\HSSBC\SupplyChainAutomation\ConsultantContract\consultantcr\SOW20240624SS-HADS-MSA-Affinity-CH-04-PMEUDP3-RCH
SOW20240624SS-HADS-MSA-Affinity-CH-05-PMEUDP2-RCH,\\phsabc\root\HSSBC\SupplyChainAutomation\ConsultantContract\consultantcr\SOW20240624SS-HADS-MSA-Affinity-CH-05-PMEUDP2-RCH
SOW20240624SS-HADS-MSA-Affinity-CH-06-PMEUD-ST2,\\phsabc\root\HSSBC\SupplyChainAutomation\ConsultantContract\consultantcr\SOW20240624SS-HADS-MSA-Affinity-CH-06-PMEUD-ST2
SOW20240624SS-HADS-MSA-PROCOM-CH-01-SSVBA-RCH,\\phsabc\root\HSSBC\SupplyChainAutomation\ConsultantContract\consultantcr\SOW20240624SS-HADS-MSA-PROCOM-CH-01-SSVBA-RCH
SOW20240624SS-HADS-MSA-Procom-CH02-PM-EUD-NSH,\\phsabc\root\HSSBC\SupplyChainAutomation\ConsultantContract\consultantcr\SOW20240624SS-HADS-MSA-Procom-CH02-PM-EUD-NSH
SOW20240624SS-HADS-MSA-Procom-CH03ITDM-NSH,\\phsabc\root\HSSBC\SupplyChainAutomation\ConsultantContract\consultantcr\SOW20240624SS-HADS-MSA-Procom-CH03ITDM-NSH
SOW20240624SS-HADS-MSA-SI System-CH-01-PCEM-RCH,\\phsabc\root\HSSBC\SupplyChainAutomation\ConsultantContract\consultantcr\SOW20240624SS-HADS-MSA-SI System-CH-01-PCEM-RCH
SOW20240624SS-HADS-MSA-SISystems-CH-01-PCEM-RCH,\\phsabc\root\HSSBC\SupplyChainAutomation\ConsultantContract\consultantcr\SOW20240624SS-HADS-MSA-SISystems-CH-01-PCEM-RCH
SOW20240624SS-HADS-MSA-SiSystems-CH-02-PMEUD-RCH,\\phsabc\root\HSSBC\SupplyChainAutomation\ConsultantContract\consultantcr\SOW20240624SS-HADS-MSA-SiSystems-CH-02-PMEUD-RCH
SOW20240624SS-HADS-MSA-Teema-CH-01-PMCath-RCH,\\phsabc\root\HSSBC\SupplyChainAutomation\ConsultantContract\consultantcr\SOW20240624SS-HADS-MSA-Teema-CH-01-PMCath-RCH
SOW20240625FS,\\phsabc\root\HSSBC\SupplyChainAutomation\ConsultantContract\consultantcr\SOW20240625FS
SOW20240702DA,\\phsabc\root\HSSBC\SupplyChainAutomation\ConsultantContract\consultantcr\SOW20240702DA
SOW20240702MA,\\phsabc\root\HSSBC\SupplyChainAutomation\ConsultantContract\consultantcr\SOW20240702MA
SOW20240704ML,\\phsabc\root\HSSBC\SupplyChainAutomation\ConsultantContract\consultantcr\SOW20240704ML
SOW20240704SS-PPSI-BH,\\phsabc\root\HSSBC\SupplyChainAutomation\ConsultantContract\consultantcr\SOW20240704SS-PPSI-BH
SOW20240704SS-PPSI-NSH,\\phsabc\root\HSSBC\SupplyChainAutomation\ConsultantContract\consultantcr\SOW20240704SS-PPSI-NSH
SOW20240704SS-PPSI-RCH,\\phsabc\root\HSSBC\SupplyChainAutomation\ConsultantContract\consultantcr\SOW20240704SS-PPSI-RCH
SOW20240710SS-SAS-BH,\\phsabc\root\HSSBC\SupplyChainAutomation\ConsultantContract\consultantcr\SOW20240710SS-SAS-BH
SOW20240710SS-SAS-NSH,\\phsabc\root\HSSBC\SupplyChainAutomation\ConsultantContract\consultantcr\SOW20240710SS-SAS-NSH
SOW20240710SS-SAS-RCH,\\phsabc\root\HSSBC\SupplyChainAutomation\ConsultantContract\consultantcr\SOW20240710SS-SAS-RCH
SOW20240712KF-1,\\phsabc\root\HSSBC\SupplyChainAutomation\ConsultantContract\consultantcr\SOW20240712KF-1
SOW20240712KF-10,\\phsabc\root\HSSBC\SupplyChainAutomation\ConsultantContract\consultantcr\SOW20240712KF-10
SOW20240712KF-3,\\phsabc\root\HSSBC\SupplyChainAutomation\ConsultantContract\consultantcr\SOW20240712KF-3
SOW20240712KF-7,\\phsabc\root\HSSBC\SupplyChainAutomation\ConsultantContract\consultantcr\SOW20240712KF-7
SOW20240715MC,\\phsabc\root\HSSBC\SupplyChainAutomation\ConsultantContract\consultantcr\SOW20240715MC
SOW20240716AK,\\phsabc\root\HSSBC\SupplyChainAutomation\ConsultantContract\consultantcr\SOW20240716AK
SOW20240716MB1,\\phsabc\root\HSSBC\SupplyChainAutomation\ConsultantContract\consultantcr\SOW20240716MB1
SOW20240718MB1,\\phsabc\root\HSSBC\SupplyChainAutomation\ConsultantContract\consultantcr\SOW20240718MB1
SOW20240718SR-1,\\phsabc\root\HSSBC\SupplyChainAutomation\ConsultantContract\consultantcr\SOW20240718SR-1
SOW20240719KF,\\phsabc\root\HSSBC\SupplyChainAutomation\ConsultantContract\consultantcr\SOW20240719KF
SOW20240719KF-1,\\phsabc\root\HSSBC\SupplyChainAutomation\ConsultantContract\consultantcr\SOW20240719KF-1
SOW20240719RK,\\phsabc\root\HSSBC\SupplyChainAutomation\ConsultantContract\consultantcr\SOW20240719RK
SOW20240722AA,\\phsabc\root\HSSBC\SupplyChainAutomation\ConsultantContract\consultantcr\SOW20240722AA
SOW20240724SS-NWS-NSH,\\phsabc\root\HSSBC\SupplyChainAutomation\ConsultantContract\consultantcr\SOW20240724SS-NWS-NSH
SOW20240726VK,\\phsabc\root\HSSBC\SupplyChainAutomation\ConsultantContract\consultantcr\SOW20240726VK
SOW20240729KF,\\phsabc\root\HSSBC\SupplyChainAutomation\ConsultantContract\consultantcr\SOW20240729KF
SOW20240729KF-AMD2,\\phsabc\root\HSSBC\SupplyChainAutomation\ConsultantContract\consultantcr\SOW20240729KF-AMD2
SOW20240730TG,\\phsabc\root\HSSBC\SupplyChainAutomation\ConsultantContract\consultantcr\SOW20240730TG
SOW20240731JM,\\phsabc\root\HSSBC\SupplyChainAutomation\ConsultantContract\consultantcr\SOW20240731JM
SOW20240731JM-AMD2,\\phsabc\root\HSSBC\SupplyChainAutomation\ConsultantContract\consultantcr\SOW20240731JM-AMD2
SOW20240801AK,\\phsabc\root\HSSBC\SupplyChainAutomation\ConsultantContract\consultantcr\SOW20240801AK
SOW20240806PD,\\phsabc\root\HSSBC\SupplyChainAutomation\ConsultantContract\consultantcr\SOW20240806PD
SOW20240806PD-02,\\phsabc\root\HSSBC\SupplyChainAutomation\ConsultantContract\consultantcr\SOW20240806PD-02
SOW20240808SS-TLUCC-BH,\\phsabc\root\HSSBC\SupplyChainAutomation\ConsultantContract\consultantcr\SOW20240808SS-TLUCC-BH
SOW20240808SS-TLUCC-RCH,\\phsabc\root\HSSBC\SupplyChainAutomation\ConsultantContract\consultantcr\SOW20240808SS-TLUCC-RCH
SOW20240809PD,\\phsabc\root\HSSBC\SupplyChainAutomation\ConsultantContract\consultantcr\SOW20240809PD
SOW20240816RS,\\phsabc\root\HSSBC\SupplyChainAutomation\ConsultantContract\consultantcr\SOW20240816RS
SOW20240822DB-1,\\phsabc\root\HSSBC\SupplyChainAutomation\ConsultantContract\consultantcr\SOW20240822DB-1
SOW20240822DB-2,\\phsabc\root\HSSBC\SupplyChainAutomation\ConsultantContract\consultantcr\SOW20240822DB-2
SOW20240823DG,\\phsabc\root\HSSBC\SupplyChainAutomation\ConsultantContract\consultantcr\SOW20240823DG
SOW20240823JM,\\phsabc\root\HSSBC\SupplyChainAutomation\ConsultantContract\consultantcr\SOW20240823JM
SOW20240823JM-1,\\phsabc\root\HSSBC\SupplyChainAutomation\ConsultantContract\consultantcr\SOW20240823JM-1
SOW20240823PK,\\phsabc\root\HSSBC\SupplyChainAutomation\ConsultantContract\consultantcr\SOW20240823PK
SOW20240825SCH,\\phsabc\root\HSSBC\SupplyChainAutomation\ConsultantContract\consultantcr\SOW20240825SCH
SOW20240826JM,\\phsabc\root\HSSBC\SupplyChainAutomation\ConsultantContract\consultantcr\SOW20240826JM
SOW20240827DG,\\phsabc\root\HSSBC\SupplyChainAutomation\ConsultantContract\consultantcr\SOW20240827DG
SOW20240827JM,\\phsabc\root\HSSBC\SupplyChainAutomation\ConsultantContract\consultantcr\SOW20240827JM
SOW20240904PK,\\phsabc\root\HSSBC\SupplyChainAutomation\ConsultantContract\consultantcr\SOW20240904PK
SOW20240909SF,\\phsabc\root\HSSBC\SupplyChainAutomation\ConsultantContract\consultantcr\SOW20240909SF
SOW20240911MD,\\phsabc\root\HSSBC\SupplyChainAutomation\ConsultantContract\consultantcr\SOW20240911MD
SOW20240912KS,\\phsabc\root\HSSBC\SupplyChainAutomation\ConsultantContract\consultantcr\SOW20240912KS
SOW20240913AS,\\phsabc\root\HSSBC\SupplyChainAutomation\ConsultantContract\consultantcr\SOW20240913AS
SOW20240916TRSC,\\phsabc\root\HSSBC\SupplyChainAutomation\ConsultantContract\consultantcr\SOW20240916TRSC
SOW20240917BP,\\phsabc\root\HSSBC\SupplyChainAutomation\ConsultantContract\consultantcr\SOW20240917BP
SOW20240918IXM,\\phsabc\root\HSSBC\SupplyChainAutomation\ConsultantContract\consultantcr\SOW20240918IXM
SOW20240919DG,\\phsabc\root\HSSBC\SupplyChainAutomation\ConsultantContract\consultantcr\SOW20240919DG
SOW20240919SS-IMDL-1,\\phsabc\root\HSSBC\SupplyChainAutomation\ConsultantContract\consultantcr\SOW20240919SS-IMDL-1
SOW20240919SS-IMDL-2,\\phsabc\root\HSSBC\SupplyChainAutomation\ConsultantContract\consultantcr\SOW20240919SS-IMDL-2
SOW20240920CS,\\phsabc\root\HSSBC\SupplyChainAutomation\ConsultantContract\consultantcr\SOW20240920CS
SOW20240920CS-1,\\phsabc\root\HSSBC\SupplyChainAutomation\ConsultantContract\consultantcr\SOW20240920CS-1
SOW20240920CS-11,\\phsabc\root\HSSBC\SupplyChainAutomation\ConsultantContract\consultantcr\SOW20240920CS-11
SOW20240920CS-14,\\phsabc\root\HSSBC\SupplyChainAutomation\ConsultantContract\consultantcr\SOW20240920CS-14
SOW20240920CS-16,\\phsabc\root\HSSBC\SupplyChainAutomation\ConsultantContract\consultantcr\SOW20240920CS-16
SOW20240920CS-3,\\phsabc\root\HSSBC\SupplyChainAutomation\ConsultantContract\consultantcr\SOW20240920CS-3
SOW20240920CS-6,\\phsabc\root\HSSBC\SupplyChainAutomation\ConsultantContract\consultantcr\SOW20240920CS-6
SOW20240920CS-8,\\phsabc\root\HSSBC\SupplyChainAutomation\ConsultantContract\consultantcr\SOW20240920CS-8
SOW20240920SR,\\phsabc\root\HSSBC\SupplyChainAutomation\ConsultantContract\consultantcr\SOW20240920SR
SOW20240920SR-1,\\phsabc\root\HSSBC\SupplyChainAutomation\ConsultantContract\consultantcr\SOW20240920SR-1
SOW20240923BP,\\phsabc\root\HSSBC\SupplyChainAutomation\ConsultantContract\consultantcr\SOW20240923BP
SOW20240923BP-1,\\phsabc\root\HSSBC\SupplyChainAutomation\ConsultantContract\consultantcr\SOW20240923BP-1
SOW20240923GG-1,\\phsabc\root\HSSBC\SupplyChainAutomation\ConsultantContract\consultantcr\SOW20240923GG-1
SOW20240923IJ-1,\\phsabc\root\HSSBC\SupplyChainAutomation\ConsultantContract\consultantcr\SOW20240923IJ-1
SOW20240923JM,\\phsabc\root\HSSBC\SupplyChainAutomation\ConsultantContract\consultantcr\SOW20240923JM
SOW20240923KS,\\phsabc\root\HSSBC\SupplyChainAutomation\ConsultantContract\consultantcr\SOW20240923KS
SOW20240923RL,\\phsabc\root\HSSBC\SupplyChainAutomation\ConsultantContract\consultantcr\SOW20240923RL
SOW20240923SV,\\phsabc\root\HSSBC\SupplyChainAutomation\ConsultantContract\consultantcr\SOW20240923SV
SOW20240926CS,\\phsabc\root\HSSBC\SupplyChainAutomation\ConsultantContract\consultantcr\SOW20240926CS
SOW20241001GG,\\phsabc\root\HSSBC\SupplyChainAutomation\ConsultantContract\consultantcr\SOW20241001GG
SOW20241001LBCO,\\phsabc\root\HSSBC\SupplyChainAutomation\ConsultantContract\consultantcr\SOW20241001LBCO
SOW20241002EY-1,\\phsabc\root\HSSBC\SupplyChainAutomation\ConsultantContract\consultantcr\SOW20241002EY-1
SOW20241003JP,\\phsabc\root\HSSBC\SupplyChainAutomation\ConsultantContract\consultantcr\SOW20241003JP
SOW20241004PP,\\phsabc\root\HSSBC\SupplyChainAutomation\ConsultantContract\consultantcr\SOW20241004PP
SOW20241006eil,\\phsabc\root\HSSBC\SupplyChainAutomation\ConsultantContract\consultantcr\SOW20241006eil
SOW20241016OD,\\phsabc\root\HSSBC\SupplyChainAutomation\ConsultantContract\consultantcr\SOW20241016OD
SOW20241022SF,\\phsabc\root\HSSBC\SupplyChainAutomation\ConsultantContract\consultantcr\SOW20241022SF
SOW20241025MB2,\\phsabc\root\HSSBC\SupplyChainAutomation\ConsultantContract\consultantcr\SOW20241025MB2
SOW20241031DA,\\phsabc\root\HSSBC\SupplyChainAutomation\ConsultantContract\consultantcr\SOW20241031DA
SOW20241031MC,\\phsabc\root\HSSBC\SupplyChainAutomation\ConsultantContract\consultantcr\SOW20241031MC
SOW20241101CJ,\\phsabc\root\HSSBC\SupplyChainAutomation\ConsultantContract\consultantcr\SOW20241101CJ
SOW20241105,\\phsabc\root\HSSBC\SupplyChainAutomation\ConsultantContract\consultantcr\SOW20241105
SOW20241108JR,\\phsabc\root\HSSBC\SupplyChainAutomation\ConsultantContract\consultantcr\SOW20241108JR
SOW20241108MB,\\phsabc\root\HSSBC\SupplyChainAutomation\ConsultantContract\consultantcr\SOW20241108MB
SOW20241108SS-SDEV-RCH,\\phsabc\root\HSSBC\SupplyChainAutomation\ConsultantContract\consultantcr\SOW20241108SS-SDEV-RCH
SOW20241113MW,\\phsabc\root\HSSBC\SupplyChainAutomation\ConsultantContract\consultantcr\SOW20241113MW
SOW20241115BP,\\phsabc\root\HSSBC\SupplyChainAutomation\ConsultantContract\consultantcr\SOW20241115BP
SOW20241115CDG,\\phsabc\root\HSSBC\SupplyChainAutomation\ConsultantContract\consultantcr\SOW20241115CDG
SOW20241115JM,\\phsabc\root\HSSBC\SupplyChainAutomation\ConsultantContract\consultantcr\SOW20241115JM
SOW20241115JM-AMD2,\\phsabc\root\HSSBC\SupplyChainAutomation\ConsultantContract\consultantcr\SOW20241115JM-AMD2
SOW20241115MC,\\phsabc\root\HSSBC\SupplyChainAutomation\ConsultantContract\consultantcr\SOW20241115MC
SOW20241115PK,\\phsabc\root\HSSBC\SupplyChainAutomation\ConsultantContract\consultantcr\SOW20241115PK
SOW20241115RL-1,\\phsabc\root\HSSBC\SupplyChainAutomation\ConsultantContract\consultantcr\SOW20241115RL-1
SOW20241115SS-EUD-BH,\\phsabc\root\HSSBC\SupplyChainAutomation\ConsultantContract\consultantcr\SOW20241115SS-EUD-BH
SOW20241115SS-EUD-RCH,\\phsabc\root\HSSBC\SupplyChainAutomation\ConsultantContract\consultantcr\SOW20241115SS-EUD-RCH
SOW20241115SS-EUD-ST2,\\phsabc\root\HSSBC\SupplyChainAutomation\ConsultantContract\consultantcr\SOW20241115SS-EUD-ST2
SOW20241118DO,\\phsabc\root\HSSBC\SupplyChainAutomation\ConsultantContract\consultantcr\SOW20241118DO
SOW20241119SR,\\phsabc\root\HSSBC\SupplyChainAutomation\ConsultantContract\consultantcr\SOW20241119SR
SOW20241122BB,\\phsabc\root\HSSBC\SupplyChainAutomation\ConsultantContract\consultantcr\SOW20241122BB
SOW20241122BB-AMD2,\\phsabc\root\HSSBC\SupplyChainAutomation\ConsultantContract\consultantcr\SOW20241122BB-AMD2
SOW20241122MB1,\\phsabc\root\HSSBC\SupplyChainAutomation\ConsultantContract\consultantcr\SOW20241122MB1
SOW20241122MB3,\\phsabc\root\HSSBC\SupplyChainAutomation\ConsultantContract\consultantcr\SOW20241122MB3
SOW20241122MB4,\\phsabc\root\HSSBC\SupplyChainAutomation\ConsultantContract\consultantcr\SOW20241122MB4
SOW20241122MB5,\\phsabc\root\HSSBC\SupplyChainAutomation\ConsultantContract\consultantcr\SOW20241122MB5
SOW20241122MB6,\\phsabc\root\HSSBC\SupplyChainAutomation\ConsultantContract\consultantcr\SOW20241122MB6
SOW20241126CP,\\phsabc\root\HSSBC\SupplyChainAutomation\ConsultantContract\consultantcr\SOW20241126CP
SOW20241126SV,\\phsabc\root\HSSBC\SupplyChainAutomation\ConsultantContract\consultantcr\SOW20241126SV
SOW20241127MS,\\phsabc\root\HSSBC\SupplyChainAutomation\ConsultantContract\consultantcr\SOW20241127MS
SOW202411RL,\\phsabc\root\HSSBC\SupplyChainAutomation\ConsultantContract\consultantcr\SOW202411RL
SOW20241202MP,\\phsabc\root\HSSBC\SupplyChainAutomation\ConsultantContract\consultantcr\SOW20241202MP
SOW20241202SF,\\phsabc\root\HSSBC\SupplyChainAutomation\ConsultantContract\consultantcr\SOW20241202SF
SOW20241204MB1,\\phsabc\root\HSSBC\SupplyChainAutomation\ConsultantContract\consultantcr\SOW20241204MB1
SOW20241205BC-GAB,\\phsabc\root\HSSBC\SupplyChainAutomation\ConsultantContract\consultantcr\SOW20241205BC-GAB
SOW20241205SC,\\phsabc\root\HSSBC\SupplyChainAutomation\ConsultantContract\consultantcr\SOW20241205SC
SOW20241205SC-1,\\phsabc\root\HSSBC\SupplyChainAutomation\ConsultantContract\consultantcr\SOW20241205SC-1
SOW20241205SC-1-AMD2,\\phsabc\root\HSSBC\SupplyChainAutomation\ConsultantContract\consultantcr\SOW20241205SC-1-AMD2
SOW20241205SC-AMD1,\\phsabc\root\HSSBC\SupplyChainAutomation\ConsultantContract\consultantcr\SOW20241205SC-AMD1
SOW20241205SC-AMD2,\\phsabc\root\HSSBC\SupplyChainAutomation\ConsultantContract\consultantcr\SOW20241205SC-AMD2
SOW20241210JK,\\phsabc\root\HSSBC\SupplyChainAutomation\ConsultantContract\consultantcr\SOW20241210JK
SOW20241211SB,\\phsabc\root\HSSBC\SupplyChainAutomation\ConsultantContract\consultantcr\SOW20241211SB
SOW20241212ME,\\phsabc\root\HSSBC\SupplyChainAutomation\ConsultantContract\consultantcr\SOW20241212ME
SOW20241212PD,\\phsabc\root\HSSBC\SupplyChainAutomation\ConsultantContract\consultantcr\SOW20241212PD
SOW20241216MB1,\\phsabc\root\HSSBC\SupplyChainAutomation\ConsultantContract\consultantcr\SOW20241216MB1
SOW20241220CS-10,\\phsabc\root\HSSBC\SupplyChainAutomation\ConsultantContract\consultantcr\SOW20241220CS-10
SOW20241220CS-11,\\phsabc\root\HSSBC\SupplyChainAutomation\ConsultantContract\consultantcr\SOW20241220CS-11
SOW20241220CS-12,\\phsabc\root\HSSBC\SupplyChainAutomation\ConsultantContract\consultantcr\SOW20241220CS-12
SOW20241220CS-14,\\phsabc\root\HSSBC\SupplyChainAutomation\ConsultantContract\consultantcr\SOW20241220CS-14
SOW20241220CS-15,\\phsabc\root\HSSBC\SupplyChainAutomation\ConsultantContract\consultantcr\SOW20241220CS-15
SOW20241220CS-2,\\phsabc\root\HSSBC\SupplyChainAutomation\ConsultantContract\consultantcr\SOW20241220CS-2
SOW20241220CS-3,\\phsabc\root\HSSBC\SupplyChainAutomation\ConsultantContract\consultantcr\SOW20241220CS-3
SOW20241220CS-4,\\phsabc\root\HSSBC\SupplyChainAutomation\ConsultantContract\consultantcr\SOW20241220CS-4
SOW20241220CS-8,\\phsabc\root\HSSBC\SupplyChainAutomation\ConsultantContract\consultantcr\SOW20241220CS-8
SOW20241220CS-9,\\phsabc\root\HSSBC\SupplyChainAutomation\ConsultantContract\consultantcr\SOW20241220CS-9
SOW20241223,\\phsabc\root\HSSBC\SupplyChainAutomation\ConsultantContract\consultantcr\SOW20241223
SOW20241223SV,\\phsabc\root\HSSBC\SupplyChainAutomation\ConsultantContract\consultantcr\SOW20241223SV
SOW20241224DY-CH-Affinity-01,\\phsabc\root\HSSBC\SupplyChainAutomation\ConsultantContract\consultantcr\SOW20241224DY-CH-Affinity-01
SOW20241224DY-CH-ITIQ-01,\\phsabc\root\HSSBC\SupplyChainAutomation\ConsultantContract\consultantcr\SOW20241224DY-CH-ITIQ-01
SOW20241224DY-CH-Stellar-01,\\phsabc\root\HSSBC\SupplyChainAutomation\ConsultantContract\consultantcr\SOW20241224DY-CH-Stellar-01
SOW20241224DY-CH-TEEMA-01,\\phsabc\root\HSSBC\SupplyChainAutomation\ConsultantContract\consultantcr\SOW20241224DY-CH-TEEMA-01
SOW20241224DY-CH-TEEMA-01-AMD3,\\phsabc\root\HSSBC\SupplyChainAutomation\ConsultantContract\consultantcr\SOW20241224DY-CH-TEEMA-01-AMD3
SOW20241224DY-CH-TEKsystems-01,\\phsabc\root\HSSBC\SupplyChainAutomation\ConsultantContract\consultantcr\SOW20241224DY-CH-TEKsystems-01
SOW20241224DY-CH-Workiy-01,\\phsabc\root\HSSBC\SupplyChainAutomation\ConsultantContract\consultantcr\SOW20241224DY-CH-Workiy-01
SOW202500903AD,\\phsabc\root\HSSBC\SupplyChainAutomation\ConsultantContract\consultantcr\SOW202500903AD
SOW20250101SKY,\\phsabc\root\HSSBC\SupplyChainAutomation\ConsultantContract\consultantcr\SOW20250101SKY
SOW20250102CS,\\phsabc\root\HSSBC\SupplyChainAutomation\ConsultantContract\consultantcr\SOW20250102CS
SOW20250102CS-1,\\phsabc\root\HSSBC\SupplyChainAutomation\ConsultantContract\consultantcr\SOW20250102CS-1
SOW20250103CS,\\phsabc\root\HSSBC\SupplyChainAutomation\ConsultantContract\consultantcr\SOW20250103CS
SOW20250103CS-1,\\phsabc\root\HSSBC\SupplyChainAutomation\ConsultantContract\consultantcr\SOW20250103CS-1
SOW20250103CS-2,\\phsabc\root\HSSBC\SupplyChainAutomation\ConsultantContract\consultantcr\SOW20250103CS-2
SOW20250107BC-DG,\\phsabc\root\HSSBC\SupplyChainAutomation\ConsultantContract\consultantcr\SOW20250107BC-DG
SOW20250107BC-SK,\\phsabc\root\HSSBC\SupplyChainAutomation\ConsultantContract\consultantcr\SOW20250107BC-SK
SOW20250107bdw,\\phsabc\root\HSSBC\SupplyChainAutomation\ConsultantContract\consultantcr\SOW20250107bdw
SOW20250108IC,\\phsabc\root\HSSBC\SupplyChainAutomation\ConsultantContract\consultantcr\SOW20250108IC
SOW20250108JM,\\phsabc\root\HSSBC\SupplyChainAutomation\ConsultantContract\consultantcr\SOW20250108JM
SOW20250109IC,\\phsabc\root\HSSBC\SupplyChainAutomation\ConsultantContract\consultantcr\SOW20250109IC
SOW20250110SCH,\\phsabc\root\HSSBC\SupplyChainAutomation\ConsultantContract\consultantcr\SOW20250110SCH
SOW20250113ML,\\phsabc\root\HSSBC\SupplyChainAutomation\ConsultantContract\consultantcr\SOW20250113ML
SOW20250113ML-AMD1,\\phsabc\root\HSSBC\SupplyChainAutomation\ConsultantContract\consultantcr\SOW20250113ML-AMD1
SOW20250113SF-1,\\phsabc\root\HSSBC\SupplyChainAutomation\ConsultantContract\consultantcr\SOW20250113SF-1
SOW20250113SF-2,\\phsabc\root\HSSBC\SupplyChainAutomation\ConsultantContract\consultantcr\SOW20250113SF-2
SOW20250114CP,\\phsabc\root\HSSBC\SupplyChainAutomation\ConsultantContract\consultantcr\SOW20250114CP
SOW20250114MB1,\\phsabc\root\HSSBC\SupplyChainAutomation\ConsultantContract\consultantcr\SOW20250114MB1
SOW20250116BW,\\phsabc\root\HSSBC\SupplyChainAutomation\ConsultantContract\consultantcr\SOW20250116BW
SOW20250116RT,\\phsabc\root\HSSBC\SupplyChainAutomation\ConsultantContract\consultantcr\SOW20250116RT
SOW20250117BW-1,\\phsabc\root\HSSBC\SupplyChainAutomation\ConsultantContract\consultantcr\SOW20250117BW-1
SOW20250117BW-2,\\phsabc\root\HSSBC\SupplyChainAutomation\ConsultantContract\consultantcr\SOW20250117BW-2
SOW20250117LV,\\phsabc\root\HSSBC\SupplyChainAutomation\ConsultantContract\consultantcr\SOW20250117LV
SOW20250121KJ,\\phsabc\root\HSSBC\SupplyChainAutomation\ConsultantContract\consultantcr\SOW20250121KJ
SOW20250121KJ-AMD1,\\phsabc\root\HSSBC\SupplyChainAutomation\ConsultantContract\consultantcr\SOW20250121KJ-AMD1
SOW20250121VJ,\\phsabc\root\HSSBC\SupplyChainAutomation\ConsultantContract\consultantcr\SOW20250121VJ
SOW20250124SCH,\\phsabc\root\HSSBC\SupplyChainAutomation\ConsultantContract\consultantcr\SOW20250124SCH
SOW20250127AD,\\phsabc\root\HSSBC\SupplyChainAutomation\ConsultantContract\consultantcr\SOW20250127AD
SOW20250127AD-AMD2,\\phsabc\root\HSSBC\SupplyChainAutomation\ConsultantContract\consultantcr\SOW20250127AD-AMD2
SOW20250127PK,\\phsabc\root\HSSBC\SupplyChainAutomation\ConsultantContract\consultantcr\SOW20250127PK
SOW20250127PK-1,\\phsabc\root\HSSBC\SupplyChainAutomation\ConsultantContract\consultantcr\SOW20250127PK-1
SOW20250127PK-1-AMD1,\\phsabc\root\HSSBC\SupplyChainAutomation\ConsultantContract\consultantcr\SOW20250127PK-1-AMD1
SOW20250127PK-AMD1,\\phsabc\root\HSSBC\SupplyChainAutomation\ConsultantContract\consultantcr\SOW20250127PK-AMD1
SOW20250129AF,\\phsabc\root\HSSBC\SupplyChainAutomation\ConsultantContract\consultantcr\SOW20250129AF
SOW20250131AM37ArcGIS,\\phsabc\root\HSSBC\SupplyChainAutomation\ConsultantContract\consultantcr\SOW20250131AM37ArcGIS
SOW20250131MB1,\\phsabc\root\HSSBC\SupplyChainAutomation\ConsultantContract\consultantcr\SOW20250131MB1
SOW20250201AM38,\\phsabc\root\HSSBC\SupplyChainAutomation\ConsultantContract\consultantcr\SOW20250201AM38
SOW20250204JY,\\phsabc\root\HSSBC\SupplyChainAutomation\ConsultantContract\consultantcr\SOW20250204JY
SOW20250204JY-AMD1,\\phsabc\root\HSSBC\SupplyChainAutomation\ConsultantContract\consultantcr\SOW20250204JY-AMD1
SOW20250204PK,\\phsabc\root\HSSBC\SupplyChainAutomation\ConsultantContract\consultantcr\SOW20250204PK
SOW20250204SF-1,\\phsabc\root\HSSBC\SupplyChainAutomation\ConsultantContract\consultantcr\SOW20250204SF-1
SOW20250205IC,\\phsabc\root\HSSBC\SupplyChainAutomation\ConsultantContract\consultantcr\SOW20250205IC
SOW20250206JR,\\phsabc\root\HSSBC\SupplyChainAutomation\ConsultantContract\consultantcr\SOW20250206JR
SOW20250206JR-AMD1,\\phsabc\root\HSSBC\SupplyChainAutomation\ConsultantContract\consultantcr\SOW20250206JR-AMD1
SOW20250206tw,\\phsabc\root\HSSBC\SupplyChainAutomation\ConsultantContract\consultantcr\SOW20250206tw
SOW20250210JP,\\phsabc\root\HSSBC\SupplyChainAutomation\ConsultantContract\consultantcr\SOW20250210JP
SOW20250211CS,\\phsabc\root\HSSBC\SupplyChainAutomation\ConsultantContract\consultantcr\SOW20250211CS
SOW20250211CS-0,\\phsabc\root\HSSBC\SupplyChainAutomation\ConsultantContract\consultantcr\SOW20250211CS-0
SOW20250211CS-1,\\phsabc\root\HSSBC\SupplyChainAutomation\ConsultantContract\consultantcr\SOW20250211CS-1
SOW20250211CS-2,\\phsabc\root\HSSBC\SupplyChainAutomation\ConsultantContract\consultantcr\SOW20250211CS-2
SOW20250211CS-3,\\phsabc\root\HSSBC\SupplyChainAutomation\ConsultantContract\consultantcr\SOW20250211CS-3
SOW20250211CS-5,\\phsabc\root\HSSBC\SupplyChainAutomation\ConsultantContract\consultantcr\SOW20250211CS-5
SOW20250211SCH,\\phsabc\root\HSSBC\SupplyChainAutomation\ConsultantContract\consultantcr\SOW20250211SCH
SOW20250214BP,\\phsabc\root\HSSBC\SupplyChainAutomation\ConsultantContract\consultantcr\SOW20250214BP
SOW20250214HC,\\phsabc\root\HSSBC\SupplyChainAutomation\ConsultantContract\consultantcr\SOW20250214HC
SOW20250214IJ,\\phsabc\root\HSSBC\SupplyChainAutomation\ConsultantContract\consultantcr\SOW20250214IJ
SOW20250214JM,\\phsabc\root\HSSBC\SupplyChainAutomation\ConsultantContract\consultantcr\SOW20250214JM
SOW20250214RL,\\phsabc\root\HSSBC\SupplyChainAutomation\ConsultantContract\consultantcr\SOW20250214RL
SOW20250214RL-1,\\phsabc\root\HSSBC\SupplyChainAutomation\ConsultantContract\consultantcr\SOW20250214RL-1
SOW20250215MF,\\phsabc\root\HSSBC\SupplyChainAutomation\ConsultantContract\consultantcr\SOW20250215MF
SOW20250218BG,\\phsabc\root\HSSBC\SupplyChainAutomation\ConsultantContract\consultantcr\SOW20250218BG
SOW20250218DN,\\phsabc\root\HSSBC\SupplyChainAutomation\ConsultantContract\consultantcr\SOW20250218DN
SOW20250218DN-AMD1,\\phsabc\root\HSSBC\SupplyChainAutomation\ConsultantContract\consultantcr\SOW20250218DN-AMD1
SOW20250219BG,\\phsabc\root\HSSBC\SupplyChainAutomation\ConsultantContract\consultantcr\SOW20250219BG
SOW20250219CA,\\phsabc\root\HSSBC\SupplyChainAutomation\ConsultantContract\consultantcr\SOW20250219CA
SOW20250219CS-1,\\phsabc\root\HSSBC\SupplyChainAutomation\ConsultantContract\consultantcr\SOW20250219CS-1
SOW20250219CS-2,\\phsabc\root\HSSBC\SupplyChainAutomation\ConsultantContract\consultantcr\SOW20250219CS-2
SOW20250219LV-FHA-FD-ME,\\phsabc\root\HSSBC\SupplyChainAutomation\ConsultantContract\consultantcr\SOW20250219LV-FHA-FD-ME
SOW20250219MC,\\phsabc\root\HSSBC\SupplyChainAutomation\ConsultantContract\consultantcr\SOW20250219MC
SOW20250220DN,\\phsabc\root\HSSBC\SupplyChainAutomation\ConsultantContract\consultantcr\SOW20250220DN
SOW20250220MC,\\phsabc\root\HSSBC\SupplyChainAutomation\ConsultantContract\consultantcr\SOW20250220MC
SOW20250220NSPH,\\phsabc\root\HSSBC\SupplyChainAutomation\ConsultantContract\consultantcr\SOW20250220NSPH
SOW20250221MD,\\phsabc\root\HSSBC\SupplyChainAutomation\ConsultantContract\consultantcr\SOW20250221MD
SOW20250221PD,\\phsabc\root\HSSBC\SupplyChainAutomation\ConsultantContract\consultantcr\SOW20250221PD
SOW20250225SD,\\phsabc\root\HSSBC\SupplyChainAutomation\ConsultantContract\consultantcr\SOW20250225SD
SOW20250226BM,\\phsabc\root\HSSBC\SupplyChainAutomation\ConsultantContract\consultantcr\SOW20250226BM
SOW20250228JM,\\phsabc\root\HSSBC\SupplyChainAutomation\ConsultantContract\consultantcr\SOW20250228JM
SOW20250228RY,\\phsabc\root\HSSBC\SupplyChainAutomation\ConsultantContract\consultantcr\SOW20250228RY
SOW20250303AL,\\phsabc\root\HSSBC\SupplyChainAutomation\ConsultantContract\consultantcr\SOW20250303AL
SOW20250303EY-1,\\phsabc\root\HSSBC\SupplyChainAutomation\ConsultantContract\consultantcr\SOW20250303EY-1
SOW20250303EY-2,\\phsabc\root\HSSBC\SupplyChainAutomation\ConsultantContract\consultantcr\SOW20250303EY-2
SOW20250303JB,\\phsabc\root\HSSBC\SupplyChainAutomation\ConsultantContract\consultantcr\SOW20250303JB
SOW20250303JB-AMD7,\\phsabc\root\HSSBC\SupplyChainAutomation\ConsultantContract\consultantcr\SOW20250303JB-AMD7
SOW20250303JB-AMD8,\\phsabc\root\HSSBC\SupplyChainAutomation\ConsultantContract\consultantcr\SOW20250303JB-AMD8
SOW20250303JB-AMD9,\\phsabc\root\HSSBC\SupplyChainAutomation\ConsultantContract\consultantcr\SOW20250303JB-AMD9
SOW20250304MB1,\\phsabc\root\HSSBC\SupplyChainAutomation\ConsultantContract\consultantcr\SOW20250304MB1
SOW20250304MB2,\\phsabc\root\HSSBC\SupplyChainAutomation\ConsultantContract\consultantcr\SOW20250304MB2
SOW20250304MB4,\\phsabc\root\HSSBC\SupplyChainAutomation\ConsultantContract\consultantcr\SOW20250304MB4
SOW20250305MB1,\\phsabc\root\HSSBC\SupplyChainAutomation\ConsultantContract\consultantcr\SOW20250305MB1
SOW20250305-NWS-BH,\\phsabc\root\HSSBC\SupplyChainAutomation\ConsultantContract\consultantcr\SOW20250305-NWS-BH
SOW20250305-NWS-RCH,\\phsabc\root\HSSBC\SupplyChainAutomation\ConsultantContract\consultantcr\SOW20250305-NWS-RCH
SOW20250306SCR,\\phsabc\root\HSSBC\SupplyChainAutomation\ConsultantContract\consultantcr\SOW20250306SCR
SOW20250307OD,\\phsabc\root\HSSBC\SupplyChainAutomation\ConsultantContract\consultantcr\SOW20250307OD
SOW20250310BP,\\phsabc\root\HSSBC\SupplyChainAutomation\ConsultantContract\consultantcr\SOW20250310BP
SOW20250310BP-1,\\phsabc\root\HSSBC\SupplyChainAutomation\ConsultantContract\consultantcr\SOW20250310BP-1
SOW20250310BP-10,\\phsabc\root\HSSBC\SupplyChainAutomation\ConsultantContract\consultantcr\SOW20250310BP-10
SOW20250310BP-10-AMD1,\\phsabc\root\HSSBC\SupplyChainAutomation\ConsultantContract\consultantcr\SOW20250310BP-10-AMD1
SOW20250310BP-11,\\phsabc\root\HSSBC\SupplyChainAutomation\ConsultantContract\consultantcr\SOW20250310BP-11
SOW20250310BP-11-AMD1,\\phsabc\root\HSSBC\SupplyChainAutomation\ConsultantContract\consultantcr\SOW20250310BP-11-AMD1
SOW20250310BP-12,\\phsabc\root\HSSBC\SupplyChainAutomation\ConsultantContract\consultantcr\SOW20250310BP-12
SOW20250310BP-12_AMD1,\\phsabc\root\HSSBC\SupplyChainAutomation\ConsultantContract\consultantcr\SOW20250310BP-12_AMD1
SOW20250310BP-12-AMD1,\\phsabc\root\HSSBC\SupplyChainAutomation\ConsultantContract\consultantcr\SOW20250310BP-12-AMD1
SOW20250310BP-2,\\phsabc\root\HSSBC\SupplyChainAutomation\ConsultantContract\consultantcr\SOW20250310BP-2
SOW20250310BP-2-AMD1,\\phsabc\root\HSSBC\SupplyChainAutomation\ConsultantContract\consultantcr\SOW20250310BP-2-AMD1
SOW20250310BP-3,\\phsabc\root\HSSBC\SupplyChainAutomation\ConsultantContract\consultantcr\SOW20250310BP-3
SOW20250310BP-3-AMD1,\\phsabc\root\HSSBC\SupplyChainAutomation\ConsultantContract\consultantcr\SOW20250310BP-3-AMD1
SOW20250310BP-4,\\phsabc\root\HSSBC\SupplyChainAutomation\ConsultantContract\consultantcr\SOW20250310BP-4
SOW20250310BP-4-AMD1,\\phsabc\root\HSSBC\SupplyChainAutomation\ConsultantContract\consultantcr\SOW20250310BP-4-AMD1
SOW20250310BP-5,\\phsabc\root\HSSBC\SupplyChainAutomation\ConsultantContract\consultantcr\SOW20250310BP-5
SOW20250310BP-5-AMD1,\\phsabc\root\HSSBC\SupplyChainAutomation\ConsultantContract\consultantcr\SOW20250310BP-5-AMD1
SOW20250310BP-6,\\phsabc\root\HSSBC\SupplyChainAutomation\ConsultantContract\consultantcr\SOW20250310BP-6
SOW20250310BP-6_AMD1,\\phsabc\root\HSSBC\SupplyChainAutomation\ConsultantContract\consultantcr\SOW20250310BP-6_AMD1
SOW20250310BP-6-AMD1,\\phsabc\root\HSSBC\SupplyChainAutomation\ConsultantContract\consultantcr\SOW20250310BP-6-AMD1
SOW20250310BP-7,\\phsabc\root\HSSBC\SupplyChainAutomation\ConsultantContract\consultantcr\SOW20250310BP-7
SOW20250310BP-7-AMD1,\\phsabc\root\HSSBC\SupplyChainAutomation\ConsultantContract\consultantcr\SOW20250310BP-7-AMD1
SOW20250310BP-8,\\phsabc\root\HSSBC\SupplyChainAutomation\ConsultantContract\consultantcr\SOW20250310BP-8
SOW20250310BP-8-AMD1,\\phsabc\root\HSSBC\SupplyChainAutomation\ConsultantContract\consultantcr\SOW20250310BP-8-AMD1
SOW20250310BP-9,\\phsabc\root\HSSBC\SupplyChainAutomation\ConsultantContract\consultantcr\SOW20250310BP-9
SOW20250310BP-9-AMD1,\\phsabc\root\HSSBC\SupplyChainAutomation\ConsultantContract\consultantcr\SOW20250310BP-9-AMD1
SOW20250310JM-1,\\phsabc\root\HSSBC\SupplyChainAutomation\ConsultantContract\consultantcr\SOW20250310JM-1
SOW20250310JM-2,\\phsabc\root\HSSBC\SupplyChainAutomation\ConsultantContract\consultantcr\SOW20250310JM-2
SOW20250310NK,\\phsabc\root\HSSBC\SupplyChainAutomation\ConsultantContract\consultantcr\SOW20250310NK
SOW20250311CP,\\phsabc\root\HSSBC\SupplyChainAutomation\ConsultantContract\consultantcr\SOW20250311CP
SOW20250311NK,\\phsabc\root\HSSBC\SupplyChainAutomation\ConsultantContract\consultantcr\SOW20250311NK
SOW20250312IHCCS,\\phsabc\root\HSSBC\SupplyChainAutomation\ConsultantContract\consultantcr\SOW20250312IHCCS
SOW20250312RE,\\phsabc\root\HSSBC\SupplyChainAutomation\ConsultantContract\consultantcr\SOW20250312RE
SOW20250312RE-AMD2,\\phsabc\root\HSSBC\SupplyChainAutomation\ConsultantContract\consultantcr\SOW20250312RE-AMD2
SOW20250314MT,\\phsabc\root\HSSBC\SupplyChainAutomation\ConsultantContract\consultantcr\SOW20250314MT
SOW20250314MT-AMD2,\\phsabc\root\HSSBC\SupplyChainAutomation\ConsultantContract\consultantcr\SOW20250314MT-AMD2
SOW20250317BM,\\phsabc\root\HSSBC\SupplyChainAutomation\ConsultantContract\consultantcr\SOW20250317BM
SOW20250319,\\phsabc\root\HSSBC\SupplyChainAutomation\ConsultantContract\consultantcr\SOW20250319
SOW20250319VJ,\\phsabc\root\HSSBC\SupplyChainAutomation\ConsultantContract\consultantcr\SOW20250319VJ
SOW20250320JM,\\phsabc\root\HSSBC\SupplyChainAutomation\ConsultantContract\consultantcr\SOW20250320JM
SOW20250320JM-1,\\phsabc\root\HSSBC\SupplyChainAutomation\ConsultantContract\consultantcr\SOW20250320JM-1
SOW20250320JR,\\phsabc\root\HSSBC\SupplyChainAutomation\ConsultantContract\consultantcr\SOW20250320JR
SOW20250321IJ,\\phsabc\root\HSSBC\SupplyChainAutomation\ConsultantContract\consultantcr\SOW20250321IJ
SOW20250321JJ,\\phsabc\root\HSSBC\SupplyChainAutomation\ConsultantContract\consultantcr\SOW20250321JJ
SOW20250321JM,\\phsabc\root\HSSBC\SupplyChainAutomation\ConsultantContract\consultantcr\SOW20250321JM
SOW20250321KS,\\phsabc\root\HSSBC\SupplyChainAutomation\ConsultantContract\consultantcr\SOW20250321KS
SOW20250321PK,\\phsabc\root\HSSBC\SupplyChainAutomation\ConsultantContract\consultantcr\SOW20250321PK
SOW20250324CP,\\phsabc\root\HSSBC\SupplyChainAutomation\ConsultantContract\consultantcr\SOW20250324CP
SOW20250324CP-AMD2,\\phsabc\root\HSSBC\SupplyChainAutomation\ConsultantContract\consultantcr\SOW20250324CP-AMD2
SOW20250324JM,\\phsabc\root\HSSBC\SupplyChainAutomation\ConsultantContract\consultantcr\SOW20250324JM
SOW20250324JM-1,\\phsabc\root\HSSBC\SupplyChainAutomation\ConsultantContract\consultantcr\SOW20250324JM-1
SOW20250327OD,\\phsabc\root\HSSBC\SupplyChainAutomation\ConsultantContract\consultantcr\SOW20250327OD
SOW20250327PK,\\phsabc\root\HSSBC\SupplyChainAutomation\ConsultantContract\consultantcr\SOW20250327PK
SOW20250328CS,\\phsabc\root\HSSBC\SupplyChainAutomation\ConsultantContract\consultantcr\SOW20250328CS
SOW20250328CS-1,\\phsabc\root\HSSBC\SupplyChainAutomation\ConsultantContract\consultantcr\SOW20250328CS-1
SOW20250328JR,\\phsabc\root\HSSBC\SupplyChainAutomation\ConsultantContract\consultantcr\SOW20250328JR
SOW20250328JR-AMD1,\\phsabc\root\HSSBC\SupplyChainAutomation\ConsultantContract\consultantcr\SOW20250328JR-AMD1
SOW20250331SB,\\phsabc\root\HSSBC\SupplyChainAutomation\ConsultantContract\consultantcr\SOW20250331SB
SOW20250401DH,\\phsabc\root\HSSBC\SupplyChainAutomation\ConsultantContract\consultantcr\SOW20250401DH
SOW20250401SB,\\phsabc\root\HSSBC\SupplyChainAutomation\ConsultantContract\consultantcr\SOW20250401SB
SOW20250402DI,\\phsabc\root\HSSBC\SupplyChainAutomation\ConsultantContract\consultantcr\SOW20250402DI
SOW20250403OD,\\phsabc\root\HSSBC\SupplyChainAutomation\ConsultantContract\consultantcr\SOW20250403OD
SOW20250403OD-AMD2,\\phsabc\root\HSSBC\SupplyChainAutomation\ConsultantContract\consultantcr\SOW20250403OD-AMD2
SOW20250407CP,\\phsabc\root\HSSBC\SupplyChainAutomation\ConsultantContract\consultantcr\SOW20250407CP
SOW20250407SH,\\phsabc\root\HSSBC\SupplyChainAutomation\ConsultantContract\consultantcr\SOW20250407SH
SOW20250407SH-AMD2,\\phsabc\root\HSSBC\SupplyChainAutomation\ConsultantContract\consultantcr\SOW20250407SH-AMD2
SOW20250408DH,\\phsabc\root\HSSBC\SupplyChainAutomation\ConsultantContract\consultantcr\SOW20250408DH
SOW20250409CDG,\\phsabc\root\HSSBC\SupplyChainAutomation\ConsultantContract\consultantcr\SOW20250409CDG
SOW20250410ZY,\\phsabc\root\HSSBC\SupplyChainAutomation\ConsultantContract\consultantcr\SOW20250410ZY
SOW20250411CP,\\phsabc\root\HSSBC\SupplyChainAutomation\ConsultantContract\consultantcr\SOW20250411CP
SOW20250411UMHCT,\\phsabc\root\HSSBC\SupplyChainAutomation\ConsultantContract\consultantcr\SOW20250411UMHCT
SOW20250414DK,\\phsabc\root\HSSBC\SupplyChainAutomation\ConsultantContract\consultantcr\SOW20250414DK
SOW20250414OD,\\phsabc\root\HSSBC\SupplyChainAutomation\ConsultantContract\consultantcr\SOW20250414OD
SOW20250415CS-02,\\phsabc\root\HSSBC\SupplyChainAutomation\ConsultantContract\consultantcr\SOW20250415CS-02
SOW20250415SS-BA-SPMS-RCH,\\phsabc\root\HSSBC\SupplyChainAutomation\ConsultantContract\consultantcr\SOW20250415SS-BA-SPMS-RCH
SOW20250415SS-DAS-RCH,\\phsabc\root\HSSBC\SupplyChainAutomation\ConsultantContract\consultantcr\SOW20250415SS-DAS-RCH
SOW20250415VA,\\phsabc\root\HSSBC\SupplyChainAutomation\ConsultantContract\consultantcr\SOW20250415VA
SOW20250416JR,\\phsabc\root\HSSBC\SupplyChainAutomation\ConsultantContract\consultantcr\SOW20250416JR
SOW20250416MS,\\phsabc\root\HSSBC\SupplyChainAutomation\ConsultantContract\consultantcr\SOW20250416MS
SOW20250416SS-IEPC-RCH,\\phsabc\root\HSSBC\SupplyChainAutomation\ConsultantContract\consultantcr\SOW20250416SS-IEPC-RCH
SOW20250417DN,\\phsabc\root\HSSBC\SupplyChainAutomation\ConsultantContract\consultantcr\SOW20250417DN
SOW20250417ES1,\\phsabc\root\HSSBC\SupplyChainAutomation\ConsultantContract\consultantcr\SOW20250417ES1
SOW20250417LV,\\phsabc\root\HSSBC\SupplyChainAutomation\ConsultantContract\consultantcr\SOW20250417LV
SOW20250428OD,\\phsabc\root\HSSBC\SupplyChainAutomation\ConsultantContract\consultantcr\SOW20250428OD
SOW20250428ST,\\phsabc\root\HSSBC\SupplyChainAutomation\ConsultantContract\consultantcr\SOW20250428ST
SOW20250429jm,\\phsabc\root\HSSBC\SupplyChainAutomation\ConsultantContract\consultantcr\SOW20250429jm
SOW20250501HJ,\\phsabc\root\HSSBC\SupplyChainAutomation\ConsultantContract\consultantcr\SOW20250501HJ
SOW20250501JH,\\phsabc\root\HSSBC\SupplyChainAutomation\ConsultantContract\consultantcr\SOW20250501JH
SOW20250501MC,\\phsabc\root\HSSBC\SupplyChainAutomation\ConsultantContract\consultantcr\SOW20250501MC
SOW20250501ZW,\\phsabc\root\HSSBC\SupplyChainAutomation\ConsultantContract\consultantcr\SOW20250501ZW
SOW20250505UMAV,\\phsabc\root\HSSBC\SupplyChainAutomation\ConsultantContract\consultantcr\SOW20250505UMAV
SOW20250515-HISL-NSH,\\phsabc\root\HSSBC\SupplyChainAutomation\ConsultantContract\consultantcr\SOW20250515-HISL-NSH
SOW20250515-HISL-RCH,\\phsabc\root\HSSBC\SupplyChainAutomation\ConsultantContract\consultantcr\SOW20250515-HISL-RCH
SOW20250515WRP,\\phsabc\root\HSSBC\SupplyChainAutomation\ConsultantContract\consultantcr\SOW20250515WRP
SOW20250520-SEMI-RCH,\\phsabc\root\HSSBC\SupplyChainAutomation\ConsultantContract\consultantcr\SOW20250520-SEMI-RCH
SOW20250520-SEMI-RCH-AMD1,\\phsabc\root\HSSBC\SupplyChainAutomation\ConsultantContract\consultantcr\SOW20250520-SEMI-RCH-AMD1
SOW20250521BIR,\\phsabc\root\HSSBC\SupplyChainAutomation\ConsultantContract\consultantcr\SOW20250521BIR
SOW20250523CC,\\phsabc\root\HSSBC\SupplyChainAutomation\ConsultantContract\consultantcr\SOW20250523CC
SOW20250526PH-MSA-Cascadia-CH-04,\\phsabc\root\HSSBC\SupplyChainAutomation\ConsultantContract\consultantcr\SOW20250526PH-MSA-Cascadia-CH-04
SOW20250529CC,\\phsabc\root\HSSBC\SupplyChainAutomation\ConsultantContract\consultantcr\SOW20250529CC
SOW20250530,\\phsabc\root\HSSBC\SupplyChainAutomation\ConsultantContract\consultantcr\SOW20250530
SOW20250530BP,\\phsabc\root\HSSBC\SupplyChainAutomation\ConsultantContract\consultantcr\SOW20250530BP
SOW20250530CC,\\phsabc\root\HSSBC\SupplyChainAutomation\ConsultantContract\consultantcr\SOW20250530CC
SOW20250530CS,\\phsabc\root\HSSBC\SupplyChainAutomation\ConsultantContract\consultantcr\SOW20250530CS
SOW20250530PH,\\phsabc\root\HSSBC\SupplyChainAutomation\ConsultantContract\consultantcr\SOW20250530PH
SOW20250604BW,\\phsabc\root\HSSBC\SupplyChainAutomation\ConsultantContract\consultantcr\SOW20250604BW
SOW20250604EY,\\phsabc\root\HSSBC\SupplyChainAutomation\ConsultantContract\consultantcr\SOW20250604EY
SOW20250604KH,\\phsabc\root\HSSBC\SupplyChainAutomation\ConsultantContract\consultantcr\SOW20250604KH
SOW20250604PB,\\phsabc\root\HSSBC\SupplyChainAutomation\ConsultantContract\consultantcr\SOW20250604PB
SOW20250605-PMIWS-RCH,\\phsabc\root\HSSBC\SupplyChainAutomation\ConsultantContract\consultantcr\SOW20250605-PMIWS-RCH
SOW20250606CS,\\phsabc\root\HSSBC\SupplyChainAutomation\ConsultantContract\consultantcr\SOW20250606CS
SOW20250606HK,\\phsabc\root\HSSBC\SupplyChainAutomation\ConsultantContract\consultantcr\SOW20250606HK
SOW20250606LW-1,\\phsabc\root\HSSBC\SupplyChainAutomation\ConsultantContract\consultantcr\SOW20250606LW-1
SOW20250606LW-2,\\phsabc\root\HSSBC\SupplyChainAutomation\ConsultantContract\consultantcr\SOW20250606LW-2
SOW20250606-SSPM-RCH,\\phsabc\root\HSSBC\SupplyChainAutomation\ConsultantContract\consultantcr\SOW20250606-SSPM-RCH
SOW20250606-STL-BH,\\phsabc\root\HSSBC\SupplyChainAutomation\ConsultantContract\consultantcr\SOW20250606-STL-BH
SOW20250606-STL-NSH,\\phsabc\root\HSSBC\SupplyChainAutomation\ConsultantContract\consultantcr\SOW20250606-STL-NSH
SOW20250606-STL-RCH,\\phsabc\root\HSSBC\SupplyChainAutomation\ConsultantContract\consultantcr\SOW20250606-STL-RCH
SOW20250610JG,\\phsabc\root\HSSBC\SupplyChainAutomation\ConsultantContract\consultantcr\SOW20250610JG
SOW20250610JH-01,\\phsabc\root\HSSBC\SupplyChainAutomation\ConsultantContract\consultantcr\SOW20250610JH-01
SOW20250610JH-04,\\phsabc\root\HSSBC\SupplyChainAutomation\ConsultantContract\consultantcr\SOW20250610JH-04
SOW20250610JH-05,\\phsabc\root\HSSBC\SupplyChainAutomation\ConsultantContract\consultantcr\SOW20250610JH-05
SOW20250610SB,\\phsabc\root\HSSBC\SupplyChainAutomation\ConsultantContract\consultantcr\SOW20250610SB
SOW20250610VS,\\phsabc\root\HSSBC\SupplyChainAutomation\ConsultantContract\consultantcr\SOW20250610VS
SOW20250611mp,\\phsabc\root\HSSBC\SupplyChainAutomation\ConsultantContract\consultantcr\SOW20250611mp
SOW20250611-PMSIS-RCH,\\phsabc\root\HSSBC\SupplyChainAutomation\ConsultantContract\consultantcr\SOW20250611-PMSIS-RCH
SOW20250613DI,\\phsabc\root\HSSBC\SupplyChainAutomation\ConsultantContract\consultantcr\SOW20250613DI
SOW20250616CS,\\phsabc\root\HSSBC\SupplyChainAutomation\ConsultantContract\consultantcr\SOW20250616CS
SOW20250616SR-1,\\phsabc\root\HSSBC\SupplyChainAutomation\ConsultantContract\consultantcr\SOW20250616SR-1
SOW20250616SR-2,\\phsabc\root\HSSBC\SupplyChainAutomation\ConsultantContract\consultantcr\SOW20250616SR-2
SOW20250616WS,\\phsabc\root\HSSBC\SupplyChainAutomation\ConsultantContract\consultantcr\SOW20250616WS
SOW20250619CP,\\phsabc\root\HSSBC\SupplyChainAutomation\ConsultantContract\consultantcr\SOW20250619CP
SOW20250619CP-2,\\phsabc\root\HSSBC\SupplyChainAutomation\ConsultantContract\consultantcr\SOW20250619CP-2
SOW20250619CP-AMD1,\\phsabc\root\HSSBC\SupplyChainAutomation\ConsultantContract\consultantcr\SOW20250619CP-AMD1
SOW20250625ZZ,\\phsabc\root\HSSBC\SupplyChainAutomation\ConsultantContract\consultantcr\SOW20250625ZZ
SOW20250627BD,\\phsabc\root\HSSBC\SupplyChainAutomation\ConsultantContract\consultantcr\SOW20250627BD
SOW20250627MT,\\phsabc\root\HSSBC\SupplyChainAutomation\ConsultantContract\consultantcr\SOW20250627MT
SOW2025070217597,\\phsabc\root\HSSBC\SupplyChainAutomation\ConsultantContract\consultantcr\SOW2025070217597
SOW2025070217597-AMD2,\\phsabc\root\HSSBC\SupplyChainAutomation\ConsultantContract\consultantcr\SOW2025070217597-AMD2
SOW20250702-ITSL-RCDD-NSH,\\phsabc\root\HSSBC\SupplyChainAutomation\ConsultantContract\consultantcr\SOW20250702-ITSL-RCDD-NSH
SOW20250704JM-1,\\phsabc\root\HSSBC\SupplyChainAutomation\ConsultantContract\consultantcr\SOW20250704JM-1
SOW20250704RS,\\phsabc\root\HSSBC\SupplyChainAutomation\ConsultantContract\consultantcr\SOW20250704RS
SOW20250707SB,\\phsabc\root\HSSBC\SupplyChainAutomation\ConsultantContract\consultantcr\SOW20250707SB
SOW20250710og,\\phsabc\root\HSSBC\SupplyChainAutomation\ConsultantContract\consultantcr\SOW20250710og
SOW20250711VK,\\phsabc\root\HSSBC\SupplyChainAutomation\ConsultantContract\consultantcr\SOW20250711VK
SOW20250717LC,\\phsabc\root\HSSBC\SupplyChainAutomation\ConsultantContract\consultantcr\SOW20250717LC
SOW20250718CH,\\phsabc\root\HSSBC\SupplyChainAutomation\ConsultantContract\consultantcr\SOW20250718CH
SOW20250718SV,\\phsabc\root\HSSBC\SupplyChainAutomation\ConsultantContract\consultantcr\SOW20250718SV
SOW20250721DP,\\phsabc\root\HSSBC\SupplyChainAutomation\ConsultantContract\consultantcr\SOW20250721DP
SOW20250721KM,\\phsabc\root\HSSBC\SupplyChainAutomation\ConsultantContract\consultantcr\SOW20250721KM
SOW20250722SB,\\phsabc\root\HSSBC\SupplyChainAutomation\ConsultantContract\consultantcr\SOW20250722SB
SOW20250725BG,\\phsabc\root\HSSBC\SupplyChainAutomation\ConsultantContract\consultantcr\SOW20250725BG
SOW20250725BG-REV1,\\phsabc\root\HSSBC\SupplyChainAutomation\ConsultantContract\consultantcr\SOW20250725BG-REV1
SOW20250725JH-01,\\phsabc\root\HSSBC\SupplyChainAutomation\ConsultantContract\consultantcr\SOW20250725JH-01
SOW20250725JH-01-AMD1,\\phsabc\root\HSSBC\SupplyChainAutomation\ConsultantContract\consultantcr\SOW20250725JH-01-AMD1
SOW20250725JH-02,\\phsabc\root\HSSBC\SupplyChainAutomation\ConsultantContract\consultantcr\SOW20250725JH-02
SOW20250725JH-02-AMD1,\\phsabc\root\HSSBC\SupplyChainAutomation\ConsultantContract\consultantcr\SOW20250725JH-02-AMD1
SOW20250725JH-04,\\phsabc\root\HSSBC\SupplyChainAutomation\ConsultantContract\consultantcr\SOW20250725JH-04
SOW20250725JH-04-AMD1,\\phsabc\root\HSSBC\SupplyChainAutomation\ConsultantContract\consultantcr\SOW20250725JH-04-AMD1
SOW20250725OD,\\phsabc\root\HSSBC\SupplyChainAutomation\ConsultantContract\consultantcr\SOW20250725OD
SOW20250725OD-AMD1,\\phsabc\root\HSSBC\SupplyChainAutomation\ConsultantContract\consultantcr\SOW20250725OD-AMD1
SOW20250728CDG,\\phsabc\root\HSSBC\SupplyChainAutomation\ConsultantContract\consultantcr\SOW20250728CDG
SOW20250728CDG_AMD1,\\phsabc\root\HSSBC\SupplyChainAutomation\ConsultantContract\consultantcr\SOW20250728CDG_AMD1
SOW20250728SP,\\phsabc\root\HSSBC\SupplyChainAutomation\ConsultantContract\consultantcr\SOW20250728SP
SOW20250729,\\phsabc\root\HSSBC\SupplyChainAutomation\ConsultantContract\consultantcr\SOW20250729
SOW202507292RS,\\phsabc\root\HSSBC\SupplyChainAutomation\ConsultantContract\consultantcr\SOW202507292RS
SOW20250729-AMD1,\\phsabc\root\HSSBC\SupplyChainAutomation\ConsultantContract\consultantcr\SOW20250729-AMD1
SOW20250729RS,\\phsabc\root\HSSBC\SupplyChainAutomation\ConsultantContract\consultantcr\SOW20250729RS
SOW20250729RS-AMD3,\\phsabc\root\HSSBC\SupplyChainAutomation\ConsultantContract\consultantcr\SOW20250729RS-AMD3
SOW20250730-BA-SPMS-RCH,\\phsabc\root\HSSBC\SupplyChainAutomation\ConsultantContract\consultantcr\SOW20250730-BA-SPMS-RCH
SOW20250730BCT,\\phsabc\root\HSSBC\SupplyChainAutomation\ConsultantContract\consultantcr\SOW20250730BCT
SOW20250730LA,\\phsabc\root\HSSBC\SupplyChainAutomation\ConsultantContract\consultantcr\SOW20250730LA
SOW20250731CS-1,\\phsabc\root\HSSBC\SupplyChainAutomation\ConsultantContract\consultantcr\SOW20250731CS-1
SOW20250731CS-2,\\phsabc\root\HSSBC\SupplyChainAutomation\ConsultantContract\consultantcr\SOW20250731CS-2
SOW20250731SF,\\phsabc\root\HSSBC\SupplyChainAutomation\ConsultantContract\consultantcr\SOW20250731SF
SOW20250801AM,\\phsabc\root\HSSBC\SupplyChainAutomation\ConsultantContract\consultantcr\SOW20250801AM
SOW20250801EY,\\phsabc\root\HSSBC\SupplyChainAutomation\ConsultantContract\consultantcr\SOW20250801EY
SOW20250805JP,\\phsabc\root\HSSBC\SupplyChainAutomation\ConsultantContract\consultantcr\SOW20250805JP
SOW20250805JS,\\phsabc\root\HSSBC\SupplyChainAutomation\ConsultantContract\consultantcr\SOW20250805JS
SOW20250805KJ,\\phsabc\root\HSSBC\SupplyChainAutomation\ConsultantContract\consultantcr\SOW20250805KJ
SOW20250805PB,\\phsabc\root\HSSBC\SupplyChainAutomation\ConsultantContract\consultantcr\SOW20250805PB
SOW20250808MB1,\\phsabc\root\HSSBC\SupplyChainAutomation\ConsultantContract\consultantcr\SOW20250808MB1
SOW20250808MB1-AMD1,\\phsabc\root\HSSBC\SupplyChainAutomation\ConsultantContract\consultantcr\SOW20250808MB1-AMD1
SOW20250808MB2,\\phsabc\root\HSSBC\SupplyChainAutomation\ConsultantContract\consultantcr\SOW20250808MB2
SOW20250808MB3,\\phsabc\root\HSSBC\SupplyChainAutomation\ConsultantContract\consultantcr\SOW20250808MB3
SOW20250808MB3-AMD1,\\phsabc\root\HSSBC\SupplyChainAutomation\ConsultantContract\consultantcr\SOW20250808MB3-AMD1
SOW20250808MB4,\\phsabc\root\HSSBC\SupplyChainAutomation\ConsultantContract\consultantcr\SOW20250808MB4
SOW20250808MT,\\phsabc\root\HSSBC\SupplyChainAutomation\ConsultantContract\consultantcr\SOW20250808MT
SOW20250808YZ,\\phsabc\root\HSSBC\SupplyChainAutomation\ConsultantContract\consultantcr\SOW20250808YZ
SOW20250808ZZ,\\phsabc\root\HSSBC\SupplyChainAutomation\ConsultantContract\consultantcr\SOW20250808ZZ
SOW20250811IJ,\\phsabc\root\HSSBC\SupplyChainAutomation\ConsultantContract\consultantcr\SOW20250811IJ
SOW20250811MB1,\\phsabc\root\HSSBC\SupplyChainAutomation\ConsultantContract\consultantcr\SOW20250811MB1
SOW20250811MB2,\\phsabc\root\HSSBC\SupplyChainAutomation\ConsultantContract\consultantcr\SOW20250811MB2
SOW20250811MB2-AMD1,\\phsabc\root\HSSBC\SupplyChainAutomation\ConsultantContract\consultantcr\SOW20250811MB2-AMD1
SOW20250811MB3,\\phsabc\root\HSSBC\SupplyChainAutomation\ConsultantContract\consultantcr\SOW20250811MB3
SOW20250811MB3-AMD1,\\phsabc\root\HSSBC\SupplyChainAutomation\ConsultantContract\consultantcr\SOW20250811MB3-AMD1
SOW20250811PK,\\phsabc\root\HSSBC\SupplyChainAutomation\ConsultantContract\consultantcr\SOW20250811PK
SOW20250811RL,\\phsabc\root\HSSBC\SupplyChainAutomation\ConsultantContract\consultantcr\SOW20250811RL
SOW20250812MB1,\\phsabc\root\HSSBC\SupplyChainAutomation\ConsultantContract\consultantcr\SOW20250812MB1
SOW20250813,\\phsabc\root\HSSBC\SupplyChainAutomation\ConsultantContract\consultantcr\SOW20250813
SOW20250814DT,\\phsabc\root\HSSBC\SupplyChainAutomation\ConsultantContract\consultantcr\SOW20250814DT
SOW20250814DT-AMD1,\\phsabc\root\HSSBC\SupplyChainAutomation\ConsultantContract\consultantcr\SOW20250814DT-AMD1
SOW20250814MC,\\phsabc\root\HSSBC\SupplyChainAutomation\ConsultantContract\consultantcr\SOW20250814MC
SOW20250815KJ,\\phsabc\root\HSSBC\SupplyChainAutomation\ConsultantContract\consultantcr\SOW20250815KJ
SOW20250815KJ2,\\phsabc\root\HSSBC\SupplyChainAutomation\ConsultantContract\consultantcr\SOW20250815KJ2
SOW20250815KJ3,\\phsabc\root\HSSBC\SupplyChainAutomation\ConsultantContract\consultantcr\SOW20250815KJ3
SOW20250815RC,\\phsabc\root\HSSBC\SupplyChainAutomation\ConsultantContract\consultantcr\SOW20250815RC
SOW20250815ZZ,\\phsabc\root\HSSBC\SupplyChainAutomation\ConsultantContract\consultantcr\SOW20250815ZZ
SOW20250818ZZ,\\phsabc\root\HSSBC\SupplyChainAutomation\ConsultantContract\consultantcr\SOW20250818ZZ
SOW20250820RL,\\phsabc\root\HSSBC\SupplyChainAutomation\ConsultantContract\consultantcr\SOW20250820RL
SOW20250820RL-1,\\phsabc\root\HSSBC\SupplyChainAutomation\ConsultantContract\consultantcr\SOW20250820RL-1
SOW20250821CS-1,\\phsabc\root\HSSBC\SupplyChainAutomation\ConsultantContract\consultantcr\SOW20250821CS-1
SOW20250821CS-2,\\phsabc\root\HSSBC\SupplyChainAutomation\ConsultantContract\consultantcr\SOW20250821CS-2
SOW20250821CS-3,\\phsabc\root\HSSBC\SupplyChainAutomation\ConsultantContract\consultantcr\SOW20250821CS-3
SOW20250821EY,\\phsabc\root\HSSBC\SupplyChainAutomation\ConsultantContract\consultantcr\SOW20250821EY
SOW20250825JT,\\phsabc\root\HSSBC\SupplyChainAutomation\ConsultantContract\consultantcr\SOW20250825JT
SOW20250825KS,\\phsabc\root\HSSBC\SupplyChainAutomation\ConsultantContract\consultantcr\SOW20250825KS
SOW20250828SL,\\phsabc\root\HSSBC\SupplyChainAutomation\ConsultantContract\consultantcr\SOW20250828SL
SOW20250901LBCO,\\phsabc\root\HSSBC\SupplyChainAutomation\ConsultantContract\consultantcr\SOW20250901LBCO
SOW20250902MC,\\phsabc\root\HSSBC\SupplyChainAutomation\ConsultantContract\consultantcr\SOW20250902MC
SOW20250903AZ,\\phsabc\root\HSSBC\SupplyChainAutomation\ConsultantContract\consultantcr\SOW20250903AZ
SOW20250904am,\\phsabc\root\HSSBC\SupplyChainAutomation\ConsultantContract\consultantcr\SOW20250904am
SOW20250905AC,\\phsabc\root\HSSBC\SupplyChainAutomation\ConsultantContract\consultantcr\SOW20250905AC
SOW20250905AC-AMD1,\\phsabc\root\HSSBC\SupplyChainAutomation\ConsultantContract\consultantcr\SOW20250905AC-AMD1
SOW20250908BM,\\phsabc\root\HSSBC\SupplyChainAutomation\ConsultantContract\consultantcr\SOW20250908BM
SOW20250908JS,\\phsabc\root\HSSBC\SupplyChainAutomation\ConsultantContract\consultantcr\SOW20250908JS
SOW20250908VK,\\phsabc\root\HSSBC\SupplyChainAutomation\ConsultantContract\consultantcr\SOW20250908VK
SOW2025090901CH,\\phsabc\root\HSSBC\SupplyChainAutomation\ConsultantContract\consultantcr\SOW2025090901CH
SOW2025090901CH-AMD1,\\phsabc\root\HSSBC\SupplyChainAutomation\ConsultantContract\consultantcr\SOW2025090901CH-AMD1
SOW2025090902CH,\\phsabc\root\HSSBC\SupplyChainAutomation\ConsultantContract\consultantcr\SOW2025090902CH
SOW20250909AP,\\phsabc\root\HSSBC\SupplyChainAutomation\ConsultantContract\consultantcr\SOW20250909AP
SOW20250909BM,\\phsabc\root\HSSBC\SupplyChainAutomation\ConsultantContract\consultantcr\SOW20250909BM
SOW20250909BM-AMD1,\\phsabc\root\HSSBC\SupplyChainAutomation\ConsultantContract\consultantcr\SOW20250909BM-AMD1
SOW20250909SJ,\\phsabc\root\HSSBC\SupplyChainAutomation\ConsultantContract\consultantcr\SOW20250909SJ
SOW20250910-01JB,\\phsabc\root\HSSBC\SupplyChainAutomation\ConsultantContract\consultantcr\SOW20250910-01JB
SOW20250910JB,\\phsabc\root\HSSBC\SupplyChainAutomation\ConsultantContract\consultantcr\SOW20250910JB
SOW20250911-CCSBA-BH,\\phsabc\root\HSSBC\SupplyChainAutomation\ConsultantContract\consultantcr\SOW20250911-CCSBA-BH
SOW20250911-CCSBA-RCH,\\phsabc\root\HSSBC\SupplyChainAutomation\ConsultantContract\consultantcr\SOW20250911-CCSBA-RCH
SOW20250911EY-1,\\phsabc\root\HSSBC\SupplyChainAutomation\ConsultantContract\consultantcr\SOW20250911EY-1
SOW20250911EY-2,\\phsabc\root\HSSBC\SupplyChainAutomation\ConsultantContract\consultantcr\SOW20250911EY-2
SOW20250911IJ,\\phsabc\root\HSSBC\SupplyChainAutomation\ConsultantContract\consultantcr\SOW20250911IJ
SOW20250911IJ-1,\\phsabc\root\HSSBC\SupplyChainAutomation\ConsultantContract\consultantcr\SOW20250911IJ-1
SOW20250911SL,\\phsabc\root\HSSBC\SupplyChainAutomation\ConsultantContract\consultantcr\SOW20250911SL
SOW20250912LC,\\phsabc\root\HSSBC\SupplyChainAutomation\ConsultantContract\consultantcr\SOW20250912LC
SOW20250912MP,\\phsabc\root\HSSBC\SupplyChainAutomation\ConsultantContract\consultantcr\SOW20250912MP
SOW20250913LC,\\phsabc\root\HSSBC\SupplyChainAutomation\ConsultantContract\consultantcr\SOW20250913LC
SOW20250915HK,\\phsabc\root\HSSBC\SupplyChainAutomation\ConsultantContract\consultantcr\SOW20250915HK
SOW20250915NF,\\phsabc\root\HSSBC\SupplyChainAutomation\ConsultantContract\consultantcr\SOW20250915NF
SOW20250915PD,\\phsabc\root\HSSBC\SupplyChainAutomation\ConsultantContract\consultantcr\SOW20250915PD
SOW20250915SR,\\phsabc\root\HSSBC\SupplyChainAutomation\ConsultantContract\consultantcr\SOW20250915SR
SOW20250918BW,\\phsabc\root\HSSBC\SupplyChainAutomation\ConsultantContract\consultantcr\SOW20250918BW
SOW20250919AA,\\phsabc\root\HSSBC\SupplyChainAutomation\ConsultantContract\consultantcr\SOW20250919AA
SOW20250919OD,\\phsabc\root\HSSBC\SupplyChainAutomation\ConsultantContract\consultantcr\SOW20250919OD
SOW20250919OD-AMD1,\\phsabc\root\HSSBC\SupplyChainAutomation\ConsultantContract\consultantcr\SOW20250919OD-AMD1
SOW20250922MC,\\phsabc\root\HSSBC\SupplyChainAutomation\ConsultantContract\consultantcr\SOW20250922MC
SOW20250922WB-1,\\phsabc\root\HSSBC\SupplyChainAutomation\ConsultantContract\consultantcr\SOW20250922WB-1
SOW20250922WB-1-AMD1,\\phsabc\root\HSSBC\SupplyChainAutomation\ConsultantContract\consultantcr\SOW20250922WB-1-AMD1
SOW20250922WB-2,\\phsabc\root\HSSBC\SupplyChainAutomation\ConsultantContract\consultantcr\SOW20250922WB-2
SOW20250922WB-2-AMD1,\\phsabc\root\HSSBC\SupplyChainAutomation\ConsultantContract\consultantcr\SOW20250922WB-2-AMD1
SOW20250923CS,\\phsabc\root\HSSBC\SupplyChainAutomation\ConsultantContract\consultantcr\SOW20250923CS
SOW20250923CS-AMD1,\\phsabc\root\HSSBC\SupplyChainAutomation\ConsultantContract\consultantcr\SOW20250923CS-AMD1
SOW20250924WB-1,\\phsabc\root\HSSBC\SupplyChainAutomation\ConsultantContract\consultantcr\SOW20250924WB-1
SOW20250924WB-1-AMD1,\\phsabc\root\HSSBC\SupplyChainAutomation\ConsultantContract\consultantcr\SOW20250924WB-1-AMD1
SOW20250924WB-2,\\phsabc\root\HSSBC\SupplyChainAutomation\ConsultantContract\consultantcr\SOW20250924WB-2
SOW20250924WB-2-AMD1,\\phsabc\root\HSSBC\SupplyChainAutomation\ConsultantContract\consultantcr\SOW20250924WB-2-AMD1
SOW20250929-LITD-RCH,\\phsabc\root\HSSBC\SupplyChainAutomation\ConsultantContract\consultantcr\SOW20250929-LITD-RCH
SOW20251001,\\phsabc\root\HSSBC\SupplyChainAutomation\ConsultantContract\consultantcr\SOW20251001
SOW20251001GA,\\phsabc\root\HSSBC\SupplyChainAutomation\ConsultantContract\consultantcr\SOW20251001GA
SOW20251002-IMITPD-RCH,\\phsabc\root\HSSBC\SupplyChainAutomation\ConsultantContract\consultantcr\SOW20251002-IMITPD-RCH
SOW20251002-PIA-BH,\\phsabc\root\HSSBC\SupplyChainAutomation\ConsultantContract\consultantcr\SOW20251002-PIA-BH
SOW20251002-PIA-NSH,\\phsabc\root\HSSBC\SupplyChainAutomation\ConsultantContract\consultantcr\SOW20251002-PIA-NSH
SOW20251002-PIA-RCH,\\phsabc\root\HSSBC\SupplyChainAutomation\ConsultantContract\consultantcr\SOW20251002-PIA-RCH
SOW20251002-PIA-RCH-AMD1,\\phsabc\root\HSSBC\SupplyChainAutomation\ConsultantContract\consultantcr\SOW20251002-PIA-RCH-AMD1
SOW20251002-PIA-RCH-AMD2,\\phsabc\root\HSSBC\SupplyChainAutomation\ConsultantContract\consultantcr\SOW20251002-PIA-RCH-AMD2
SOW20251006GM,\\phsabc\root\HSSBC\SupplyChainAutomation\ConsultantContract\consultantcr\SOW20251006GM
SOW20251007GM,\\phsabc\root\HSSBC\SupplyChainAutomation\ConsultantContract\consultantcr\SOW20251007GM
SOW20251007-ITCL-RCH,\\phsabc\root\HSSBC\SupplyChainAutomation\ConsultantContract\consultantcr\SOW20251007-ITCL-RCH
SOW20251008,\\phsabc\root\HSSBC\SupplyChainAutomation\ConsultantContract\consultantcr\SOW20251008
SOW20251008GM,\\phsabc\root\HSSBC\SupplyChainAutomation\ConsultantContract\consultantcr\SOW20251008GM
SOW20251008SV,\\phsabc\root\HSSBC\SupplyChainAutomation\ConsultantContract\consultantcr\SOW20251008SV
SOW20251010-SA-ST2,\\phsabc\root\HSSBC\SupplyChainAutomation\ConsultantContract\consultantcr\SOW20251010-SA-ST2
SOW20251014CH,\\phsabc\root\HSSBC\SupplyChainAutomation\ConsultantContract\consultantcr\SOW20251014CH
SOW20251014HP,\\phsabc\root\HSSBC\SupplyChainAutomation\ConsultantContract\consultantcr\SOW20251014HP
SOW20251014JM,\\phsabc\root\HSSBC\SupplyChainAutomation\ConsultantContract\consultantcr\SOW20251014JM
SOW20251015CS-2,\\phsabc\root\HSSBC\SupplyChainAutomation\ConsultantContract\consultantcr\SOW20251015CS-2
SOW20251016,\\phsabc\root\HSSBC\SupplyChainAutomation\ConsultantContract\consultantcr\SOW20251016
SOW20251016-1,\\phsabc\root\HSSBC\SupplyChainAutomation\ConsultantContract\consultantcr\SOW20251016-1
SOW20251016AC,\\phsabc\root\HSSBC\SupplyChainAutomation\ConsultantContract\consultantcr\SOW20251016AC
SOW20251016CS1,\\phsabc\root\HSSBC\SupplyChainAutomation\ConsultantContract\consultantcr\SOW20251016CS1
SOW20251016-PIA-BH,\\phsabc\root\HSSBC\SupplyChainAutomation\ConsultantContract\consultantcr\SOW20251016-PIA-BH
SOW20251016-PIA-NSH,\\phsabc\root\HSSBC\SupplyChainAutomation\ConsultantContract\consultantcr\SOW20251016-PIA-NSH
SOW20251016-PIA-RCH,\\phsabc\root\HSSBC\SupplyChainAutomation\ConsultantContract\consultantcr\SOW20251016-PIA-RCH
SOW20251017CS,\\phsabc\root\HSSBC\SupplyChainAutomation\ConsultantContract\consultantcr\SOW20251017CS
SOW20251017HJ,\\phsabc\root\HSSBC\SupplyChainAutomation\ConsultantContract\consultantcr\SOW20251017HJ
SOW20251020CH,\\phsabc\root\HSSBC\SupplyChainAutomation\ConsultantContract\consultantcr\SOW20251020CH
SOW20251020CH-AMD1,\\phsabc\root\HSSBC\SupplyChainAutomation\ConsultantContract\consultantcr\SOW20251020CH-AMD1
SOW20251020EY,\\phsabc\root\HSSBC\SupplyChainAutomation\ConsultantContract\consultantcr\SOW20251020EY
SOW20251020GM,\\phsabc\root\HSSBC\SupplyChainAutomation\ConsultantContract\consultantcr\SOW20251020GM
SOW20251020GM_AMD3,\\phsabc\root\HSSBC\SupplyChainAutomation\ConsultantContract\consultantcr\SOW20251020GM_AMD3
SOW20251020GM-AMD2,\\phsabc\root\HSSBC\SupplyChainAutomation\ConsultantContract\consultantcr\SOW20251020GM-AMD2
SOW20251020IJ,\\phsabc\root\HSSBC\SupplyChainAutomation\ConsultantContract\consultantcr\SOW20251020IJ
SOW20251020LW,\\phsabc\root\HSSBC\SupplyChainAutomation\ConsultantContract\consultantcr\SOW20251020LW
SOW20251020MB1,\\phsabc\root\HSSBC\SupplyChainAutomation\ConsultantContract\consultantcr\SOW20251020MB1
SOW20251020MB2,\\phsabc\root\HSSBC\SupplyChainAutomation\ConsultantContract\consultantcr\SOW20251020MB2
SOW20251020PK,\\phsabc\root\HSSBC\SupplyChainAutomation\ConsultantContract\consultantcr\SOW20251020PK
SOW20251021CS3,\\phsabc\root\HSSBC\SupplyChainAutomation\ConsultantContract\consultantcr\SOW20251021CS3
SOW20251021CS4,\\phsabc\root\HSSBC\SupplyChainAutomation\ConsultantContract\consultantcr\SOW20251021CS4
SOW20251022SH,\\phsabc\root\HSSBC\SupplyChainAutomation\ConsultantContract\consultantcr\SOW20251022SH
SOW20251023AO,\\phsabc\root\HSSBC\SupplyChainAutomation\ConsultantContract\consultantcr\SOW20251023AO
SOW20251024CS1,\\phsabc\root\HSSBC\SupplyChainAutomation\ConsultantContract\consultantcr\SOW20251024CS1
SOW20251024CS1-AMD_1,\\phsabc\root\HSSBC\SupplyChainAutomation\ConsultantContract\consultantcr\SOW20251024CS1-AMD_1
SOW20251024LT,\\phsabc\root\HSSBC\SupplyChainAutomation\ConsultantContract\consultantcr\SOW20251024LT
SOW20251024MB1,\\phsabc\root\HSSBC\SupplyChainAutomation\ConsultantContract\consultantcr\SOW20251024MB1
SOW20251024MB3,\\phsabc\root\HSSBC\SupplyChainAutomation\ConsultantContract\consultantcr\SOW20251024MB3
SOW20251024SB,\\phsabc\root\HSSBC\SupplyChainAutomation\ConsultantContract\consultantcr\SOW20251024SB
SOW20251024ZZ,\\phsabc\root\HSSBC\SupplyChainAutomation\ConsultantContract\consultantcr\SOW20251024ZZ
SOW20251027EY,\\phsabc\root\HSSBC\SupplyChainAutomation\ConsultantContract\consultantcr\SOW20251027EY
SOW20251027JK,\\phsabc\root\HSSBC\SupplyChainAutomation\ConsultantContract\consultantcr\SOW20251027JK
SOW20251027RF,\\phsabc\root\HSSBC\SupplyChainAutomation\ConsultantContract\consultantcr\SOW20251027RF
SOW20251028DB-1,\\phsabc\root\HSSBC\SupplyChainAutomation\ConsultantContract\consultantcr\SOW20251028DB-1
SOW20251028DB-10,\\phsabc\root\HSSBC\SupplyChainAutomation\ConsultantContract\consultantcr\SOW20251028DB-10
SOW20251028DB-11,\\phsabc\root\HSSBC\SupplyChainAutomation\ConsultantContract\consultantcr\SOW20251028DB-11
SOW20251028DB-2,\\phsabc\root\HSSBC\SupplyChainAutomation\ConsultantContract\consultantcr\SOW20251028DB-2
SOW20251028DB-3,\\phsabc\root\HSSBC\SupplyChainAutomation\ConsultantContract\consultantcr\SOW20251028DB-3
SOW20251028DB-4,\\phsabc\root\HSSBC\SupplyChainAutomation\ConsultantContract\consultantcr\SOW20251028DB-4
SOW20251028DB-5,\\phsabc\root\HSSBC\SupplyChainAutomation\ConsultantContract\consultantcr\SOW20251028DB-5
SOW20251028DB-6,\\phsabc\root\HSSBC\SupplyChainAutomation\ConsultantContract\consultantcr\SOW20251028DB-6
SOW20251028DB-7,\\phsabc\root\HSSBC\SupplyChainAutomation\ConsultantContract\consultantcr\SOW20251028DB-7
SOW20251028DB-8,\\phsabc\root\HSSBC\SupplyChainAutomation\ConsultantContract\consultantcr\SOW20251028DB-8
SOW20251028DB-9,\\phsabc\root\HSSBC\SupplyChainAutomation\ConsultantContract\consultantcr\SOW20251028DB-9
SOW20251028EH,\\phsabc\root\HSSBC\SupplyChainAutomation\ConsultantContract\consultantcr\SOW20251028EH
SOW20251030SR,\\phsabc\root\HSSBC\SupplyChainAutomation\ConsultantContract\consultantcr\SOW20251030SR
SOW20251031CP,\\phsabc\root\HSSBC\SupplyChainAutomation\ConsultantContract\consultantcr\SOW20251031CP
SOW20251031CS,\\phsabc\root\HSSBC\SupplyChainAutomation\ConsultantContract\consultantcr\SOW20251031CS
SOW20251031MG,\\phsabc\root\HSSBC\SupplyChainAutomation\ConsultantContract\consultantcr\SOW20251031MG
SOW20251031RC,\\phsabc\root\HSSBC\SupplyChainAutomation\ConsultantContract\consultantcr\SOW20251031RC
SOW20251031SB,\\phsabc\root\HSSBC\SupplyChainAutomation\ConsultantContract\consultantcr\SOW20251031SB
SOW20251101SL,\\phsabc\root\HSSBC\SupplyChainAutomation\ConsultantContract\consultantcr\SOW20251101SL
SOW20251103CH,\\phsabc\root\HSSBC\SupplyChainAutomation\ConsultantContract\consultantcr\SOW20251103CH
SOW20251103CH-AMD1,\\phsabc\root\HSSBC\SupplyChainAutomation\ConsultantContract\consultantcr\SOW20251103CH-AMD1
SOW20251104SP,\\phsabc\root\HSSBC\SupplyChainAutomation\ConsultantContract\consultantcr\SOW20251104SP
SOW20251104WB,\\phsabc\root\HSSBC\SupplyChainAutomation\ConsultantContract\consultantcr\SOW20251104WB
SOW20251105CL,\\phsabc\root\HSSBC\SupplyChainAutomation\ConsultantContract\consultantcr\SOW20251105CL
SOW20251106MB1,\\phsabc\root\HSSBC\SupplyChainAutomation\ConsultantContract\consultantcr\SOW20251106MB1
SOW20251106SJ,\\phsabc\root\HSSBC\SupplyChainAutomation\ConsultantContract\consultantcr\SOW20251106SJ
SOW20251110-IMITPD-BH,\\phsabc\root\HSSBC\SupplyChainAutomation\ConsultantContract\consultantcr\SOW20251110-IMITPD-BH
SOW20251115SD,\\phsabc\root\HSSBC\SupplyChainAutomation\ConsultantContract\consultantcr\SOW20251115SD
SOW20251117BW,\\phsabc\root\HSSBC\SupplyChainAutomation\ConsultantContract\consultantcr\SOW20251117BW
SOW20251117-PMSPMS-RCH,\\phsabc\root\HSSBC\SupplyChainAutomation\ConsultantContract\consultantcr\SOW20251117-PMSPMS-RCH
SOW20251117TFC,\\phsabc\root\HSSBC\SupplyChainAutomation\ConsultantContract\consultantcr\SOW20251117TFC
SOW20251119GM,\\phsabc\root\HSSBC\SupplyChainAutomation\ConsultantContract\consultantcr\SOW20251119GM
SOW20251119SB,\\phsabc\root\HSSBC\SupplyChainAutomation\ConsultantContract\consultantcr\SOW20251119SB
SOW20251121RL,\\phsabc\root\HSSBC\SupplyChainAutomation\ConsultantContract\consultantcr\SOW20251121RL
SOW20251124ZZ,\\phsabc\root\HSSBC\SupplyChainAutomation\ConsultantContract\consultantcr\SOW20251124ZZ
SOW20251125CH,\\phsabc\root\HSSBC\SupplyChainAutomation\ConsultantContract\consultantcr\SOW20251125CH
SOW20251125CS1,\\phsabc\root\HSSBC\SupplyChainAutomation\ConsultantContract\consultantcr\SOW20251125CS1
SOW20251125CS1-AMD1,\\phsabc\root\HSSBC\SupplyChainAutomation\ConsultantContract\consultantcr\SOW20251125CS1-AMD1
SOW20251125CS2,\\phsabc\root\HSSBC\SupplyChainAutomation\ConsultantContract\consultantcr\SOW20251125CS2
SOW20251125CS3,\\phsabc\root\HSSBC\SupplyChainAutomation\ConsultantContract\consultantcr\SOW20251125CS3
SOW20251125CS4,\\phsabc\root\HSSBC\SupplyChainAutomation\ConsultantContract\consultantcr\SOW20251125CS4
SOW20251125CS5,\\phsabc\root\HSSBC\SupplyChainAutomation\ConsultantContract\consultantcr\SOW20251125CS5
SOW20251125CS6,\\phsabc\root\HSSBC\SupplyChainAutomation\ConsultantContract\consultantcr\SOW20251125CS6
SOW20251125KM,\\phsabc\root\HSSBC\SupplyChainAutomation\ConsultantContract\consultantcr\SOW20251125KM
SOW20251125LW1,\\phsabc\root\HSSBC\SupplyChainAutomation\ConsultantContract\consultantcr\SOW20251125LW1
SOW20251125LW2,\\phsabc\root\HSSBC\SupplyChainAutomation\ConsultantContract\consultantcr\SOW20251125LW2
SOW20251125-NWS-RCH,\\phsabc\root\HSSBC\SupplyChainAutomation\ConsultantContract\consultantcr\SOW20251125-NWS-RCH
SOW20251125SR1,\\phsabc\root\HSSBC\SupplyChainAutomation\ConsultantContract\consultantcr\SOW20251125SR1
SOW20251125SR2,\\phsabc\root\HSSBC\SupplyChainAutomation\ConsultantContract\consultantcr\SOW20251125SR2
SOW20251126SB,\\phsabc\root\HSSBC\SupplyChainAutomation\ConsultantContract\consultantcr\SOW20251126SB
SOW20251128AF,\\phsabc\root\HSSBC\SupplyChainAutomation\ConsultantContract\consultantcr\SOW20251128AF
SOW20251128AF-AMD1,\\phsabc\root\HSSBC\SupplyChainAutomation\ConsultantContract\consultantcr\SOW20251128AF-AMD1
SOW20251128BP,\\phsabc\root\HSSBC\SupplyChainAutomation\ConsultantContract\consultantcr\SOW20251128BP
SOW20251128CD,\\phsabc\root\HSSBC\SupplyChainAutomation\ConsultantContract\consultantcr\SOW20251128CD
SOW20251128JH,\\phsabc\root\HSSBC\SupplyChainAutomation\ConsultantContract\consultantcr\SOW20251128JH
SOW20251128RC,\\phsabc\root\HSSBC\SupplyChainAutomation\ConsultantContract\consultantcr\SOW20251128RC
SOW20251201AB,\\phsabc\root\HSSBC\SupplyChainAutomation\ConsultantContract\consultantcr\SOW20251201AB
SOW20251201CS1,\\phsabc\root\HSSBC\SupplyChainAutomation\ConsultantContract\consultantcr\SOW20251201CS1
SOW20251201CS2,\\phsabc\root\HSSBC\SupplyChainAutomation\ConsultantContract\consultantcr\SOW20251201CS2
SOW20251201CS3,\\phsabc\root\HSSBC\SupplyChainAutomation\ConsultantContract\consultantcr\SOW20251201CS3
SOW20251201CS4,\\phsabc\root\HSSBC\SupplyChainAutomation\ConsultantContract\consultantcr\SOW20251201CS4
SOW20251201CS5,\\phsabc\root\HSSBC\SupplyChainAutomation\ConsultantContract\consultantcr\SOW20251201CS5
SOW20251201CS6,\\phsabc\root\HSSBC\SupplyChainAutomation\ConsultantContract\consultantcr\SOW20251201CS6
SOW20251201CS7,\\phsabc\root\HSSBC\SupplyChainAutomation\ConsultantContract\consultantcr\SOW20251201CS7
SOW20251201EY,\\phsabc\root\HSSBC\SupplyChainAutomation\ConsultantContract\consultantcr\SOW20251201EY
SOW20251201SR1,\\phsabc\root\HSSBC\SupplyChainAutomation\ConsultantContract\consultantcr\SOW20251201SR1
SOW20251201SR2,\\phsabc\root\HSSBC\SupplyChainAutomation\ConsultantContract\consultantcr\SOW20251201SR2
SOW20251202JM,\\phsabc\root\HSSBC\SupplyChainAutomation\ConsultantContract\consultantcr\SOW20251202JM
SOW20251202MC,\\phsabc\root\HSSBC\SupplyChainAutomation\ConsultantContract\consultantcr\SOW20251202MC
SOW20251203NA,\\phsabc\root\HSSBC\SupplyChainAutomation\ConsultantContract\consultantcr\SOW20251203NA
SOW20251204AN,\\phsabc\root\HSSBC\SupplyChainAutomation\ConsultantContract\consultantcr\SOW20251204AN
SOW20251205KW,\\phsabc\root\HSSBC\SupplyChainAutomation\ConsultantContract\consultantcr\SOW20251205KW
SOW20251205SAK,\\phsabc\root\HSSBC\SupplyChainAutomation\ConsultantContract\consultantcr\SOW20251205SAK
SOW20251208TW,\\phsabc\root\HSSBC\SupplyChainAutomation\ConsultantContract\consultantcr\SOW20251208TW
SOW20251209BP-1,\\phsabc\root\HSSBC\SupplyChainAutomation\ConsultantContract\consultantcr\SOW20251209BP-1
SOW20251209PK-1,\\phsabc\root\HSSBC\SupplyChainAutomation\ConsultantContract\consultantcr\SOW20251209PK-1
SOW20251209RL-1,\\phsabc\root\HSSBC\SupplyChainAutomation\ConsultantContract\consultantcr\SOW20251209RL-1
SOW20251210IJ,\\phsabc\root\HSSBC\SupplyChainAutomation\ConsultantContract\consultantcr\SOW20251210IJ
SOW20251210JK,\\phsabc\root\HSSBC\SupplyChainAutomation\ConsultantContract\consultantcr\SOW20251210JK
SOW20251210MC,\\phsabc\root\HSSBC\SupplyChainAutomation\ConsultantContract\consultantcr\SOW20251210MC
SOW20251210PK,\\phsabc\root\HSSBC\SupplyChainAutomation\ConsultantContract\consultantcr\SOW20251210PK
SOW20251210RL,\\phsabc\root\HSSBC\SupplyChainAutomation\ConsultantContract\consultantcr\SOW20251210RL
SOW20251211-POSPF-BH,\\phsabc\root\HSSBC\SupplyChainAutomation\ConsultantContract\consultantcr\SOW20251211-POSPF-BH
SOW20251211-POSPF-RCH,\\phsabc\root\HSSBC\SupplyChainAutomation\ConsultantContract\consultantcr\SOW20251211-POSPF-RCH
SOW20251212MB2,\\phsabc\root\HSSBC\SupplyChainAutomation\ConsultantContract\consultantcr\SOW20251212MB2
SOW20251212MB2-AMD1,\\phsabc\root\HSSBC\SupplyChainAutomation\ConsultantContract\consultantcr\SOW20251212MB2-AMD1
SOW20251212MB3,\\phsabc\root\HSSBC\SupplyChainAutomation\ConsultantContract\consultantcr\SOW20251212MB3
SOW20251212MB3-AMD1,\\phsabc\root\HSSBC\SupplyChainAutomation\ConsultantContract\consultantcr\SOW20251212MB3-AMD1
SOW20251215SF,\\phsabc\root\HSSBC\SupplyChainAutomation\ConsultantContract\consultantcr\SOW20251215SF
SOW20251216AD,\\phsabc\root\HSSBC\SupplyChainAutomation\ConsultantContract\consultantcr\SOW20251216AD
SOW20251216LC,\\phsabc\root\HSSBC\SupplyChainAutomation\ConsultantContract\consultantcr\SOW20251216LC
SOW20251217CL,\\phsabc\root\HSSBC\SupplyChainAutomation\ConsultantContract\consultantcr\SOW20251217CL
SOW20251217MB,\\phsabc\root\HSSBC\SupplyChainAutomation\ConsultantContract\consultantcr\SOW20251217MB
SOW20251217SJ,\\phsabc\root\HSSBC\SupplyChainAutomation\ConsultantContract\consultantcr\SOW20251217SJ
SOW20251218CS1,\\phsabc\root\HSSBC\SupplyChainAutomation\ConsultantContract\consultantcr\SOW20251218CS1
SOW20251218CS2,\\phsabc\root\HSSBC\SupplyChainAutomation\ConsultantContract\consultantcr\SOW20251218CS2
SOW20251218CS3,\\phsabc\root\HSSBC\SupplyChainAutomation\ConsultantContract\consultantcr\SOW20251218CS3
SOW20251218CS4,\\phsabc\root\HSSBC\SupplyChainAutomation\ConsultantContract\consultantcr\SOW20251218CS4
SOW20251223BM,\\phsabc\root\HSSBC\SupplyChainAutomation\ConsultantContract\consultantcr\SOW20251223BM
SOW20260102MB,\\phsabc\root\HSSBC\SupplyChainAutomation\ConsultantContract\consultantcr\SOW20260102MB
SOW20260102MB-1,\\phsabc\root\HSSBC\SupplyChainAutomation\ConsultantContract\consultantcr\SOW20260102MB-1
SOW20260102MB-2,\\phsabc\root\HSSBC\SupplyChainAutomation\ConsultantContract\consultantcr\SOW20260102MB-2
SOW20260106GM,\\phsabc\root\HSSBC\SupplyChainAutomation\ConsultantContract\consultantcr\SOW20260106GM
SOW20260106GM-AMD1,\\phsabc\root\HSSBC\SupplyChainAutomation\ConsultantContract\consultantcr\SOW20260106GM-AMD1
SOW20260107BP,\\phsabc\root\HSSBC\SupplyChainAutomation\ConsultantContract\consultantcr\SOW20260107BP
SOW20260107MB,\\phsabc\root\HSSBC\SupplyChainAutomation\ConsultantContract\consultantcr\SOW20260107MB
SOW20260107MP,\\phsabc\root\HSSBC\SupplyChainAutomation\ConsultantContract\consultantcr\SOW20260107MP
SOW20260107RL,\\phsabc\root\HSSBC\SupplyChainAutomation\ConsultantContract\consultantcr\SOW20260107RL
SOW20260108SF,\\phsabc\root\HSSBC\SupplyChainAutomation\ConsultantContract\consultantcr\SOW20260108SF
SOW20260109IC,\\phsabc\root\HSSBC\SupplyChainAutomation\ConsultantContract\consultantcr\SOW20260109IC
SOW20260109ML,\\phsabc\root\HSSBC\SupplyChainAutomation\ConsultantContract\consultantcr\SOW20260109ML
SOW20260109SF,\\phsabc\root\HSSBC\SupplyChainAutomation\ConsultantContract\consultantcr\SOW20260109SF
SOW20260112HA-1,\\phsabc\root\HSSBC\SupplyChainAutomation\ConsultantContract\consultantcr\SOW20260112HA-1
SOW20260115AL,\\phsabc\root\HSSBC\SupplyChainAutomation\ConsultantContract\consultantcr\SOW20260115AL
SOW20260115WB-2,\\phsabc\root\HSSBC\SupplyChainAutomation\ConsultantContract\consultantcr\SOW20260115WB-2
SOW20260116ES,\\phsabc\root\HSSBC\SupplyChainAutomation\ConsultantContract\consultantcr\SOW20260116ES
SOW20260119DC-AMD1,\\phsabc\root\HSSBC\SupplyChainAutomation\ConsultantContract\consultantcr\SOW20260119DC-AMD1
SOW20260120CL,\\phsabc\root\HSSBC\SupplyChainAutomation\ConsultantContract\consultantcr\SOW20260120CL
SOW20260120ZZ,\\phsabc\root\HSSBC\SupplyChainAutomation\ConsultantContract\consultantcr\SOW20260120ZZ
SOW20260123CM,\\phsabc\root\HSSBC\SupplyChainAutomation\ConsultantContract\consultantcr\SOW20260123CM
SOW20260127SV,\\phsabc\root\HSSBC\SupplyChainAutomation\ConsultantContract\consultantcr\SOW20260127SV
SOW20260127SV-AMD1,\\phsabc\root\HSSBC\SupplyChainAutomation\ConsultantContract\consultantcr\SOW20260127SV-AMD1
SOW20260129AM,\\phsabc\root\HSSBC\SupplyChainAutomation\ConsultantContract\consultantcr\SOW20260129AM
SOW20260130CS,\\phsabc\root\HSSBC\SupplyChainAutomation\ConsultantContract\consultantcr\SOW20260130CS
SOW20260130ES-DELOITTE,\\phsabc\root\HSSBC\SupplyChainAutomation\ConsultantContract\consultantcr\SOW20260130ES-DELOITTE
SOW20260130PL,\\phsabc\root\HSSBC\SupplyChainAutomation\ConsultantContract\consultantcr\SOW20260130PL
SOW20260131RC,\\phsabc\root\HSSBC\SupplyChainAutomation\ConsultantContract\consultantcr\SOW20260131RC
SOW20260202GM,\\phsabc\root\HSSBC\SupplyChainAutomation\ConsultantContract\consultantcr\SOW20260202GM
SOW20260202JM,\\phsabc\root\HSSBC\SupplyChainAutomation\ConsultantContract\consultantcr\SOW20260202JM
SOW20260202MB-1,\\phsabc\root\HSSBC\SupplyChainAutomation\ConsultantContract\consultantcr\SOW20260202MB-1
SOW20260202MH,\\phsabc\root\HSSBC\SupplyChainAutomation\ConsultantContract\consultantcr\SOW20260202MH
SOW20260202MH-1,\\phsabc\root\HSSBC\SupplyChainAutomation\ConsultantContract\consultantcr\SOW20260202MH-1
SOW20260202MM,\\phsabc\root\HSSBC\SupplyChainAutomation\ConsultantContract\consultantcr\SOW20260202MM
SOW20260203EM,\\phsabc\root\HSSBC\SupplyChainAutomation\ConsultantContract\consultantcr\SOW20260203EM
SOW20260204DB,\\phsabc\root\HSSBC\SupplyChainAutomation\ConsultantContract\consultantcr\SOW20260204DB
SOW20260204KW,\\phsabc\root\HSSBC\SupplyChainAutomation\ConsultantContract\consultantcr\SOW20260204KW
SOW20260206MB,\\phsabc\root\HSSBC\SupplyChainAutomation\ConsultantContract\consultantcr\SOW20260206MB
SOW20260209dm,\\phsabc\root\HSSBC\SupplyChainAutomation\ConsultantContract\consultantcr\SOW20260209dm
SOW20260209PH,\\phsabc\root\HSSBC\SupplyChainAutomation\ConsultantContract\consultantcr\SOW20260209PH
SOW20260209SP,\\phsabc\root\HSSBC\SupplyChainAutomation\ConsultantContract\consultantcr\SOW20260209SP
SOW20260211-CC-RCH,\\phsabc\root\HSSBC\SupplyChainAutomation\ConsultantContract\consultantcr\SOW20260211-CC-RCH
SOW20260211-SIIDS-RCH,\\phsabc\root\HSSBC\SupplyChainAutomation\ConsultantContract\consultantcr\SOW20260211-SIIDS-RCH
SOW20260213CH,\\phsabc\root\HSSBC\SupplyChainAutomation\ConsultantContract\consultantcr\SOW20260213CH
SOW20260213CSA,\\phsabc\root\HSSBC\SupplyChainAutomation\ConsultantContract\consultantcr\SOW20260213CSA
SOW20260213PLL,\\phsabc\root\HSSBC\SupplyChainAutomation\ConsultantContract\consultantcr\SOW20260213PLL
SOW20260213RS,\\phsabc\root\HSSBC\SupplyChainAutomation\ConsultantContract\consultantcr\SOW20260213RS
SOW20260217CS,\\phsabc\root\HSSBC\SupplyChainAutomation\ConsultantContract\consultantcr\SOW20260217CS
SOW20260220DK,\\phsabc\root\HSSBC\SupplyChainAutomation\ConsultantContract\consultantcr\SOW20260220DK
SOW20260220PLL,\\phsabc\root\HSSBC\SupplyChainAutomation\ConsultantContract\consultantcr\SOW20260220PLL
SOW20260220SH,\\phsabc\root\HSSBC\SupplyChainAutomation\ConsultantContract\consultantcr\SOW20260220SH
SOW20260225GM,\\phsabc\root\HSSBC\SupplyChainAutomation\ConsultantContract\consultantcr\SOW20260225GM
SOW20260227DT,\\phsabc\root\HSSBC\SupplyChainAutomation\ConsultantContract\consultantcr\SOW20260227DT
SOW20260227PLL,\\phsabc\root\HSSBC\SupplyChainAutomation\ConsultantContract\consultantcr\SOW20260227PLL
SOW20260227RS,\\phsabc\root\HSSBC\SupplyChainAutomation\ConsultantContract\consultantcr\SOW20260227RS
SOW20260301AM,\\phsabc\root\HSSBC\SupplyChainAutomation\ConsultantContract\consultantcr\SOW20260301AM
SOW20260301LD,\\phsabc\root\HSSBC\SupplyChainAutomation\ConsultantContract\consultantcr\SOW20260301LD
SOW20260302MB-1,\\phsabc\root\HSSBC\SupplyChainAutomation\ConsultantContract\consultantcr\SOW20260302MB-1
SOW20260303CS-2,\\phsabc\root\HSSBC\SupplyChainAutomation\ConsultantContract\consultantcr\SOW20260303CS-2
SOW20260303CS-3,\\phsabc\root\HSSBC\SupplyChainAutomation\ConsultantContract\consultantcr\SOW20260303CS-3
SOW20260303CS-4,\\phsabc\root\HSSBC\SupplyChainAutomation\ConsultantContract\consultantcr\SOW20260303CS-4
SOW20260303SV,\\phsabc\root\HSSBC\SupplyChainAutomation\ConsultantContract\consultantcr\SOW20260303SV
SOW20260304JR,\\phsabc\root\HSSBC\SupplyChainAutomation\ConsultantContract\consultantcr\SOW20260304JR
SOW20260305CS-1,\\phsabc\root\HSSBC\SupplyChainAutomation\ConsultantContract\consultantcr\SOW20260305CS-1
SOW20260306SJ,\\phsabc\root\HSSBC\SupplyChainAutomation\ConsultantContract\consultantcr\SOW20260306SJ
SOW20260311RT,\\phsabc\root\HSSBC\SupplyChainAutomation\ConsultantContract\consultantcr\SOW20260311RT
SOW20260312CH,\\phsabc\root\HSSBC\SupplyChainAutomation\ConsultantContract\consultantcr\SOW20260312CH
SOW20260312RL-1,\\phsabc\root\HSSBC\SupplyChainAutomation\ConsultantContract\consultantcr\SOW20260312RL-1
SOW20260312RL-2,\\phsabc\root\HSSBC\SupplyChainAutomation\ConsultantContract\consultantcr\SOW20260312RL-2
SOW20260313EL,\\phsabc\root\HSSBC\SupplyChainAutomation\ConsultantContract\consultantcr\SOW20260313EL
SOW20260316BC,\\phsabc\root\HSSBC\SupplyChainAutomation\ConsultantContract\consultantcr\SOW20260316BC
SOW20260317JP,\\phsabc\root\HSSBC\SupplyChainAutomation\ConsultantContract\consultantcr\SOW20260317JP
SOW20260401MM,\\phsabc\root\HSSBC\SupplyChainAutomation\ConsultantContract\consultantcr\SOW20260401MM
SOW2026123LV,\\phsabc\root\HSSBC\SupplyChainAutomation\ConsultantContract\consultantcr\SOW2026123LV
SOW20240205MB CH Procom-01,\\phsabc\root\HSSBC\SupplyChainAutomation\ConsultantContract\consultantcr\SOW20240205MB CH Procom-01
SOW20240216TG-01-Apex Systems-AMD6,\\phsabc\root\HSSBC\SupplyChainAutomation\ConsultantContract\consultantcr\Feb2026\SOW20240216TG-01-Apex Systems-AMD6
SOW20240306PH-MSA-Cascadia-CH-04-AMD2,\\phsabc\root\HSSBC\SupplyChainAutomation\ConsultantContract\consultantcr\Feb2026\SOW20240306PH-MSA-Cascadia-CH-04-AMD2
SOW20240308MH-AMD13,\\phsabc\root\HSSBC\SupplyChainAutomation\ConsultantContract\consultantcr\Feb2026\SOW20240308MH-AMD13
SOW20240611MB-CH-CGI-03,\\phsabc\root\HSSBC\SupplyChainAutomation\ConsultantContract\consultantcr\Feb2026\SOW20240611MB-CH-CGI-03
SOW20240619MB-1-AMD4,\\phsabc\root\HSSBC\SupplyChainAutomation\ConsultantContract\consultantcr\Feb2026\SOW20240619MB-1-AMD4
SOW20240624SS-HADS-MSA-Procom-CH-01-SSVBA-RCH,\\phsabc\root\HSSBC\SupplyChainAutomation\ConsultantContract\consultantcr\Feb2026\SOW20240624SS-HADS-MSA-Procom-CH-01-SSVBA-RCH
SOW20240624SS-HADS-MSA-Procom-CH03ITDM-NSH,\\phsabc\root\HSSBC\SupplyChainAutomation\ConsultantContract\consultantcr\Feb2026\SOW20240624SS-HADS-MSA-Procom-CH03ITDM-NSH
SOW20240624SS-HADS-MSA-SI System-CH-01-PCEM-RCH,\\phsabc\root\HSSBC\SupplyChainAutomation\ConsultantContract\consultantcr\Feb2026\SOW20240624SS-HADS-MSA-SI System-CH-01-PCEM-RCH
SOW20240624SS-HADS-MSA-SiSystems-CH-02-PMEUD-RCH,\\phsabc\root\HSSBC\SupplyChainAutomation\ConsultantContract\consultantcr\Feb2026\SOW20240624SS-HADS-MSA-SiSystems-CH-02-PMEUD-RCH
SOW20240729KF-AMD2,\\phsabc\root\HSSBC\SupplyChainAutomation\ConsultantContract\consultantcr\Feb2026\SOW20240729KF-AMD2
SOW20240731JM-AMD2,\\phsabc\root\HSSBC\SupplyChainAutomation\ConsultantContract\consultantcr\Feb2026\SOW20240731JM-AMD2
SOW20241115JM-AMD2,\\phsabc\root\HSSBC\SupplyChainAutomation\ConsultantContract\consultantcr\Feb2026\SOW20241115JM-AMD2
SOW20241122BB-AMD2,\\phsabc\root\HSSBC\SupplyChainAutomation\ConsultantContract\consultantcr\Feb2026\SOW20241122BB-AMD2
SOW20241205SC-1-AMD2,\\phsabc\root\HSSBC\SupplyChainAutomation\ConsultantContract\consultantcr\Feb2026\SOW20241205SC-1-AMD2
SOW20241205SC-AMD1,\\phsabc\root\HSSBC\SupplyChainAutomation\ConsultantContract\consultantcr\Feb2026\SOW20241205SC-AMD1
SOW20241205SC-AMD2,\\phsabc\root\HSSBC\SupplyChainAutomation\ConsultantContract\consultantcr\Feb2026\SOW20241205SC-AMD2
SOW20241224DY-CH-TEEMA-01-AMD3,\\phsabc\root\HSSBC\SupplyChainAutomation\ConsultantContract\consultantcr\Feb2026\SOW20241224DY-CH-TEEMA-01-AMD3
SOW20250113ML-AMD1,\\phsabc\root\HSSBC\SupplyChainAutomation\ConsultantContract\consultantcr\Feb2026\SOW20250113ML-AMD1
SOW20250121KJ-AMD1,\\phsabc\root\HSSBC\SupplyChainAutomation\ConsultantContract\consultantcr\Feb2026\SOW20250121KJ-AMD1
SOW20250127AD-AMD2,\\phsabc\root\HSSBC\SupplyChainAutomation\ConsultantContract\consultantcr\Feb2026\SOW20250127AD-AMD2
SOW20250127PK-1-AMD1,\\phsabc\root\HSSBC\SupplyChainAutomation\ConsultantContract\consultantcr\Feb2026\SOW20250127PK-1-AMD1
SOW20250127PK-AMD1,\\phsabc\root\HSSBC\SupplyChainAutomation\ConsultantContract\consultantcr\Feb2026\SOW20250127PK-AMD1
SOW20250204JY-AMD1,\\phsabc\root\HSSBC\SupplyChainAutomation\ConsultantContract\consultantcr\Feb2026\SOW20250204JY-AMD1
SOW20250206JR,\\phsabc\root\HSSBC\SupplyChainAutomation\ConsultantContract\consultantcr\Feb2026\SOW20250206JR
SOW20250206JR-AMD1,\\phsabc\root\HSSBC\SupplyChainAutomation\ConsultantContract\consultantcr\Feb2026\SOW20250206JR-AMD1
SOW20250218DN-AMD1,\\phsabc\root\HSSBC\SupplyChainAutomation\ConsultantContract\consultantcr\Feb2026\SOW20250218DN-AMD1
SOW20250303JB-AMD7,\\phsabc\root\HSSBC\SupplyChainAutomation\ConsultantContract\consultantcr\Feb2026\SOW20250303JB-AMD7
SOW20250303JB-AMD8,\\phsabc\root\HSSBC\SupplyChainAutomation\ConsultantContract\consultantcr\Feb2026\SOW20250303JB-AMD8
SOW20250303JB-AMD9,\\phsabc\root\HSSBC\SupplyChainAutomation\ConsultantContract\consultantcr\Feb2026\SOW20250303JB-AMD9
SOW20250328JR-AMD1,\\phsabc\root\HSSBC\SupplyChainAutomation\ConsultantContract\consultantcr\Feb2026\SOW20250328JR-AMD1
SOW20250520-SEMI-RCH-AMD1,\\phsabc\root\HSSBC\SupplyChainAutomation\ConsultantContract\consultantcr\Feb2026\SOW20250520-SEMI-RCH-AMD1
SOW20250526PH-MSA-Cascadia-CH-04,\\phsabc\root\HSSBC\SupplyChainAutomation\ConsultantContract\consultantcr\Feb2026\SOW20250526PH-MSA-Cascadia-CH-04
SOW2025070217597-AMD2,\\phsabc\root\HSSBC\SupplyChainAutomation\ConsultantContract\consultantcr\Feb2026\SOW2025070217597-AMD2
SOW20250725BG-REV1,\\phsabc\root\HSSBC\SupplyChainAutomation\ConsultantContract\consultantcr\Feb2026\SOW20250725BG-REV1
SOW20250728CDG,\\phsabc\root\HSSBC\SupplyChainAutomation\ConsultantContract\consultantcr\Feb2026\SOW20250728CDG
SOW20250923CS,\\phsabc\root\HSSBC\SupplyChainAutomation\ConsultantContract\consultantcr\Feb2026\SOW20250923CS
SOW20250923CS-AMD1,\\phsabc\root\HSSBC\SupplyChainAutomation\ConsultantContract\consultantcr\Feb2026\SOW20250923CS-AMD1
SOW20251002-PIA-RCH-AMD1,\\phsabc\root\HSSBC\SupplyChainAutomation\ConsultantContract\consultantcr\Feb2026\SOW20251002-PIA-RCH-AMD1
SOW20251020GM_AMD3,\\phsabc\root\HSSBC\SupplyChainAutomation\ConsultantContract\consultantcr\Feb2026\SOW20251020GM_AMD3
SOW20251105CL,\\phsabc\root\HSSBC\SupplyChainAutomation\ConsultantContract\consultantcr\Feb2026\SOW20251105CL
SOW20251110-IMITPD-BH,\\phsabc\root\HSSBC\SupplyChainAutomation\ConsultantContract\consultantcr\Feb2026\SOW20251110-IMITPD-BH
SOW20251125CS1-AMD1,\\phsabc\root\HSSBC\SupplyChainAutomation\ConsultantContract\consultantcr\Feb2026\SOW20251125CS1-AMD1
SOW20251125KM,\\phsabc\root\HSSBC\SupplyChainAutomation\ConsultantContract\consultantcr\Feb2026\SOW20251125KM
SOW20251128AF-AMD1,\\phsabc\root\HSSBC\SupplyChainAutomation\ConsultantContract\consultantcr\Feb2026\SOW20251128AF-AMD1
SOW20251201AB,\\phsabc\root\HSSBC\SupplyChainAutomation\ConsultantContract\consultantcr\Feb2026\SOW20251201AB
SOW20251201CS7,\\phsabc\root\HSSBC\SupplyChainAutomation\ConsultantContract\consultantcr\Feb2026\SOW20251201CS7
SOW20251205SAK,\\phsabc\root\HSSBC\SupplyChainAutomation\ConsultantContract\consultantcr\Feb2026\SOW20251205SAK
SOW20251210JK,\\phsabc\root\HSSBC\SupplyChainAutomation\ConsultantContract\consultantcr\Feb2026\SOW20251210JK
SOW20251215SF,\\phsabc\root\HSSBC\SupplyChainAutomation\ConsultantContract\consultantcr\Feb2026\SOW20251215SF
SOW20251216AD,\\phsabc\root\HSSBC\SupplyChainAutomation\ConsultantContract\consultantcr\Feb2026\SOW20251216AD
SOW20251217CL,\\phsabc\root\HSSBC\SupplyChainAutomation\ConsultantContract\consultantcr\Feb2026\SOW20251217CL
SOW20251217MB,\\phsabc\root\HSSBC\SupplyChainAutomation\ConsultantContract\consultantcr\Feb2026\SOW20251217MB
SOW20260102MB,\\phsabc\root\HSSBC\SupplyChainAutomation\ConsultantContract\consultantcr\Feb2026\SOW20260102MB
SOW20260102MB-1,\\phsabc\root\HSSBC\SupplyChainAutomation\ConsultantContract\consultantcr\Feb2026\SOW20260102MB-1
SOW20260102MB-2,\\phsabc\root\HSSBC\SupplyChainAutomation\ConsultantContract\consultantcr\Feb2026\SOW20260102MB-2
SOW20260107BP,\\phsabc\root\HSSBC\SupplyChainAutomation\ConsultantContract\consultantcr\Feb2026\SOW20260107BP
SOW20260107MB,\\phsabc\root\HSSBC\SupplyChainAutomation\ConsultantContract\consultantcr\Feb2026\SOW20260107MB
SOW20260107RL,\\phsabc\root\HSSBC\SupplyChainAutomation\ConsultantContract\consultantcr\Feb2026\SOW20260107RL
SOW20260108SF,\\phsabc\root\HSSBC\SupplyChainAutomation\ConsultantContract\consultantcr\Feb2026\SOW20260108SF
SOW20260109IC,\\phsabc\root\HSSBC\SupplyChainAutomation\ConsultantContract\consultantcr\Feb2026\SOW20260109IC
SOW20260109ML,\\phsabc\root\HSSBC\SupplyChainAutomation\ConsultantContract\consultantcr\Feb2026\SOW20260109ML
SOW20260116ES,\\phsabc\root\HSSBC\SupplyChainAutomation\ConsultantContract\consultantcr\Feb2026\SOW20260116ES
SOW20260119DC-AMD1,\\phsabc\root\HSSBC\SupplyChainAutomation\ConsultantContract\consultantcr\Feb2026\SOW20260119DC-AMD1
SOW20260120CL,\\phsabc\root\HSSBC\SupplyChainAutomation\ConsultantContract\consultantcr\Feb2026\SOW20260120CL
SOW20260123CM,\\phsabc\root\HSSBC\SupplyChainAutomation\ConsultantContract\consultantcr\Feb2026\SOW20260123CM
SOW20260127SV,\\phsabc\root\HSSBC\SupplyChainAutomation\ConsultantContract\consultantcr\Feb2026\SOW20260127SV
SOW20260129AM,\\phsabc\root\HSSBC\SupplyChainAutomation\ConsultantContract\consultantcr\Feb2026\SOW20260129AM
SOW20260130CS,\\phsabc\root\HSSBC\SupplyChainAutomation\ConsultantContract\consultantcr\Feb2026\SOW20260130CS
SOW20260130ES-DELOITTE,\\phsabc\root\HSSBC\SupplyChainAutomation\ConsultantContract\consultantcr\Feb2026\SOW20260130ES-DELOITTE
SOW20260130PL,\\phsabc\root\HSSBC\SupplyChainAutomation\ConsultantContract\consultantcr\Feb2026\SOW20260130PL
SOW20260202GM,\\phsabc\root\HSSBC\SupplyChainAutomation\ConsultantContract\consultantcr\Feb2026\SOW20260202GM
SOW20260206MB,\\phsabc\root\HSSBC\SupplyChainAutomation\ConsultantContract\consultantcr\Feb2026\SOW20260206MB
SOW20260209dm,\\phsabc\root\HSSBC\SupplyChainAutomation\ConsultantContract\consultantcr\Feb2026\SOW20260209dm
SOW20260220DK,\\phsabc\root\HSSBC\SupplyChainAutomation\ConsultantContract\consultantcr\Feb2026\SOW20260220DK
SOW20260220SH,\\phsabc\root\HSSBC\SupplyChainAutomation\ConsultantContract\consultantcr\Feb2026\SOW20260220SH
SOW20260225GM,\\phsabc\root\HSSBC\SupplyChainAutomation\ConsultantContract\consultantcr\Feb2026\SOW20260225GM
SOW2026123LV,\\phsabc\root\HSSBC\SupplyChainAutomation\ConsultantContract\consultantcr\Feb2026\SOW2026123LV
SOW20230222SS-CCPM-RCH-AMD7,\\phsabc\root\HSSBC\SupplyChainAutomation\ConsultantContract\consultantcr\March2026\SOW20230222SS-CCPM-RCH-AMD7
SOW20230324SS-BA-EIP-RCH-AMD7,\\phsabc\root\HSSBC\SupplyChainAutomation\ConsultantContract\consultantcr\March2026\SOW20230324SS-BA-EIP-RCH-AMD7
SOW20240126SL-AMD2,\\phsabc\root\HSSBC\SupplyChainAutomation\ConsultantContract\consultantcr\March2026\SOW20240126SL-AMD2
SOW20240306PH-MSA-Cascadia-CH-02-AMD4,\\phsabc\root\HSSBC\SupplyChainAutomation\ConsultantContract\consultantcr\March2026\SOW20240306PH-MSA-Cascadia-CH-02-AMD4
SOW20240306PH-MSA-Cascadia-CH-03-AMD5,\\phsabc\root\HSSBC\SupplyChainAutomation\ConsultantContract\consultantcr\March2026\SOW20240306PH-MSA-Cascadia-CH-03-AMD5
SOW20240306PH-MSA-KPMG-CH-02_AMD3,\\phsabc\root\HSSBC\SupplyChainAutomation\ConsultantContract\consultantcr\March2026\SOW20240306PH-MSA-KPMG-CH-02_AMD3
SOW20240306PH-MSA-KPMG-CH-03-AMD1,\\phsabc\root\HSSBC\SupplyChainAutomation\ConsultantContract\consultantcr\March2026\SOW20240306PH-MSA-KPMG-CH-03-AMD1
SOW20240311AM-AMD6,\\phsabc\root\HSSBC\SupplyChainAutomation\ConsultantContract\consultantcr\March2026\SOW20240311AM-AMD6
SOW20240412SS-MMITS-RCH-AMD1,\\phsabc\root\HSSBC\SupplyChainAutomation\ConsultantContract\consultantcr\March2026\SOW20240412SS-MMITS-RCH-AMD1
SOW20240523MS-AMD2,\\phsabc\root\HSSBC\SupplyChainAutomation\ConsultantContract\consultantcr\March2026\SOW20240523MS-AMD2
SOW20240611MB-CH-TEEMA-04,\\phsabc\root\HSSBC\SupplyChainAutomation\ConsultantContract\consultantcr\March2026\SOW20240611MB-CH-TEEMA-04
SOW20240719KF-AMD2,\\phsabc\root\HSSBC\SupplyChainAutomation\ConsultantContract\consultantcr\March2026\SOW20240719KF-AMD2
SOW20240726VK-AMD3,\\phsabc\root\HSSBC\SupplyChainAutomation\ConsultantContract\consultantcr\March2026\SOW20240726VK-AMD3
SOW20241016OD-AMD4,\\phsabc\root\HSSBC\SupplyChainAutomation\ConsultantContract\consultantcr\March2026\SOW20241016OD-AMD4
SOW20241212PD-AMD2,\\phsabc\root\HSSBC\SupplyChainAutomation\ConsultantContract\consultantcr\March2026\SOW20241212PD-AMD2
SOW20241223SV_AMD1,\\phsabc\root\HSSBC\SupplyChainAutomation\ConsultantContract\consultantcr\March2026\SOW20241223SV_AMD1
SOW20241224DY-CH-ITIQ-01-AMD2,\\phsabc\root\HSSBC\SupplyChainAutomation\ConsultantContract\consultantcr\March2026\SOW20241224DY-CH-ITIQ-01-AMD2
SOW20241224DY-CH-STELLAR-01-AMD3,\\phsabc\root\HSSBC\SupplyChainAutomation\ConsultantContract\consultantcr\March2026\SOW20241224DY-CH-STELLAR-01-AMD3
SOW20241224DY-CH-TEEMA-01-AMD4,\\phsabc\root\HSSBC\SupplyChainAutomation\ConsultantContract\consultantcr\March2026\SOW20241224DY-CH-TEEMA-01-AMD4
SOW20250124BP-AMD1,\\phsabc\root\HSSBC\SupplyChainAutomation\ConsultantContract\consultantcr\March2026\SOW20250124BP-AMD1
SOW20250131MB1_AMD2,\\phsabc\root\HSSBC\SupplyChainAutomation\ConsultantContract\consultantcr\March2026\SOW20250131MB1_AMD2
SOW20250131MB1-AMD2,\\phsabc\root\HSSBC\SupplyChainAutomation\ConsultantContract\consultantcr\March2026\SOW20250131MB1-AMD2
SOW20250214IJ-AMD1,\\phsabc\root\HSSBC\SupplyChainAutomation\ConsultantContract\consultantcr\March2026\SOW20250214IJ-AMD1
SOW20250214RL-1-AMD1,\\phsabc\root\HSSBC\SupplyChainAutomation\ConsultantContract\consultantcr\March2026\SOW20250214RL-1-AMD1
SOW20250214RL-AMD1,\\phsabc\root\HSSBC\SupplyChainAutomation\ConsultantContract\consultantcr\March2026\SOW20250214RL-AMD1
SOW20250218BG-AMD1,\\phsabc\root\HSSBC\SupplyChainAutomation\ConsultantContract\consultantcr\March2026\SOW20250218BG-AMD1
SOW20250219BG-AMD1,\\phsabc\root\HSSBC\SupplyChainAutomation\ConsultantContract\consultantcr\March2026\SOW20250219BG-AMD1
SOW20250219CA_AMD1,\\phsabc\root\HSSBC\SupplyChainAutomation\ConsultantContract\consultantcr\March2026\SOW20250219CA_AMD1
SOW20250219CA-AMD1,\\phsabc\root\HSSBC\SupplyChainAutomation\ConsultantContract\consultantcr\March2026\SOW20250219CA-AMD1
SOW20250303JB-AMD10,\\phsabc\root\HSSBC\SupplyChainAutomation\ConsultantContract\consultantcr\March2026\SOW20250303JB-AMD10
SOW20250303JB-AMD11,\\phsabc\root\HSSBC\SupplyChainAutomation\ConsultantContract\consultantcr\March2026\SOW20250303JB-AMD11
SOW20250305MB1-AMD2,\\phsabc\root\HSSBC\SupplyChainAutomation\ConsultantContract\consultantcr\March2026\SOW20250305MB1-AMD2
SOW20250310BP-10-AMD1,\\phsabc\root\HSSBC\SupplyChainAutomation\ConsultantContract\consultantcr\March2026\SOW20250310BP-10-AMD1
SOW20250310BP-11-AMD1,\\phsabc\root\HSSBC\SupplyChainAutomation\ConsultantContract\consultantcr\March2026\SOW20250310BP-11-AMD1
SOW20250310BP-12_AMD1,\\phsabc\root\HSSBC\SupplyChainAutomation\ConsultantContract\consultantcr\March2026\SOW20250310BP-12_AMD1
SOW20250310BP-12-AMD1,\\phsabc\root\HSSBC\SupplyChainAutomation\ConsultantContract\consultantcr\March2026\SOW20250310BP-12-AMD1
SOW20250310BP-1-AMD1,\\phsabc\root\HSSBC\SupplyChainAutomation\ConsultantContract\consultantcr\March2026\SOW20250310BP-1-AMD1
SOW20250310BP-2-AMD1,\\phsabc\root\HSSBC\SupplyChainAutomation\ConsultantContract\consultantcr\March2026\SOW20250310BP-2-AMD1
SOW20250310BP-4-AMD1,\\phsabc\root\HSSBC\SupplyChainAutomation\ConsultantContract\consultantcr\March2026\SOW20250310BP-4-AMD1
SOW20250310BP-5-AMD1,\\phsabc\root\HSSBC\SupplyChainAutomation\ConsultantContract\consultantcr\March2026\SOW20250310BP-5-AMD1
SOW20250310BP-6_AMD1,\\phsabc\root\HSSBC\SupplyChainAutomation\ConsultantContract\consultantcr\March2026\SOW20250310BP-6_AMD1
SOW20250310BP-6-AMD1,\\phsabc\root\HSSBC\SupplyChainAutomation\ConsultantContract\consultantcr\March2026\SOW20250310BP-6-AMD1
SOW20250310BP-7-AMD1,\\phsabc\root\HSSBC\SupplyChainAutomation\ConsultantContract\consultantcr\March2026\SOW20250310BP-7-AMD1
SOW20250310BP-9-AMD1,\\phsabc\root\HSSBC\SupplyChainAutomation\ConsultantContract\consultantcr\March2026\SOW20250310BP-9-AMD1
SOW20250312RE-AMD2,\\phsabc\root\HSSBC\SupplyChainAutomation\ConsultantContract\consultantcr\March2026\SOW20250312RE-AMD2
SOW20250314MT-AMD2,\\phsabc\root\HSSBC\SupplyChainAutomation\ConsultantContract\consultantcr\March2026\SOW20250314MT-AMD2
SOW20250324CP-AMD2,\\phsabc\root\HSSBC\SupplyChainAutomation\ConsultantContract\consultantcr\March2026\SOW20250324CP-AMD2
SOW20250407SH-AMD2,\\phsabc\root\HSSBC\SupplyChainAutomation\ConsultantContract\consultantcr\March2026\SOW20250407SH-AMD2
SOW20250725JH-01-AMD1,\\phsabc\root\HSSBC\SupplyChainAutomation\ConsultantContract\consultantcr\March2026\SOW20250725JH-01-AMD1
SOW20250725JH-02-AMD1,\\phsabc\root\HSSBC\SupplyChainAutomation\ConsultantContract\consultantcr\March2026\SOW20250725JH-02-AMD1
SOW20250725JH-04-AMD1,\\phsabc\root\HSSBC\SupplyChainAutomation\ConsultantContract\consultantcr\March2026\SOW20250725JH-04-AMD1
SOW20250725OD-AMD1,\\phsabc\root\HSSBC\SupplyChainAutomation\ConsultantContract\consultantcr\March2026\SOW20250725OD-AMD1
SOW20250728CDG_AMD1,\\phsabc\root\HSSBC\SupplyChainAutomation\ConsultantContract\consultantcr\March2026\SOW20250728CDG_AMD1
SOW20250729-AMD1,\\phsabc\root\HSSBC\SupplyChainAutomation\ConsultantContract\consultantcr\March2026\SOW20250729-AMD1
SOW20250729RS-AMD3,\\phsabc\root\HSSBC\SupplyChainAutomation\ConsultantContract\consultantcr\March2026\SOW20250729RS-AMD3
SOW20250808MB1-AMD1,\\phsabc\root\HSSBC\SupplyChainAutomation\ConsultantContract\consultantcr\March2026\SOW20250808MB1-AMD1
SOW20250808MB3-AMD1,\\phsabc\root\HSSBC\SupplyChainAutomation\ConsultantContract\consultantcr\March2026\SOW20250808MB3-AMD1
SOW20250811MB2-AMD1,\\phsabc\root\HSSBC\SupplyChainAutomation\ConsultantContract\consultantcr\March2026\SOW20250811MB2-AMD1
SOW20250811MB3-AMD1,\\phsabc\root\HSSBC\SupplyChainAutomation\ConsultantContract\consultantcr\March2026\SOW20250811MB3-AMD1
SOW20250814DT-AMD1,\\phsabc\root\HSSBC\SupplyChainAutomation\ConsultantContract\consultantcr\March2026\SOW20250814DT-AMD1
SOW2025090901CH-AMD1,\\phsabc\root\HSSBC\SupplyChainAutomation\ConsultantContract\consultantcr\March2026\SOW2025090901CH-AMD1
SOW20250909BM-AMD1,\\phsabc\root\HSSBC\SupplyChainAutomation\ConsultantContract\consultantcr\March2026\SOW20250909BM-AMD1
SOW20250919OD-AMD1,\\phsabc\root\HSSBC\SupplyChainAutomation\ConsultantContract\consultantcr\March2026\SOW20250919OD-AMD1
SOW20250922WB-2-AMD1,\\phsabc\root\HSSBC\SupplyChainAutomation\ConsultantContract\consultantcr\March2026\SOW20250922WB-2-AMD1
SOW20250924WB-1-AMD1,\\phsabc\root\HSSBC\SupplyChainAutomation\ConsultantContract\consultantcr\March2026\SOW20250924WB-1-AMD1
SOW20250924WB-2-AMD1,\\phsabc\root\HSSBC\SupplyChainAutomation\ConsultantContract\consultantcr\March2026\SOW20250924WB-2-AMD1
SOW20251016-PIA-BH,\\phsabc\root\HSSBC\SupplyChainAutomation\ConsultantContract\consultantcr\March2026\SOW20251016-PIA-BH
SOW20251016-PIA-RCH,\\phsabc\root\HSSBC\SupplyChainAutomation\ConsultantContract\consultantcr\March2026\SOW20251016-PIA-RCH
SOW20251020CH-AMD1,\\phsabc\root\HSSBC\SupplyChainAutomation\ConsultantContract\consultantcr\March2026\SOW20251020CH-AMD1
SOW20251020GM-AMD2,\\phsabc\root\HSSBC\SupplyChainAutomation\ConsultantContract\consultantcr\March2026\SOW20251020GM-AMD2
SOW20251103CH-AMD1,\\phsabc\root\HSSBC\SupplyChainAutomation\ConsultantContract\consultantcr\March2026\SOW20251103CH-AMD1
SOW20251211-POSPF-BH,\\phsabc\root\HSSBC\SupplyChainAutomation\ConsultantContract\consultantcr\March2026\SOW20251211-POSPF-BH
SOW20251211-POSPF-RCH,\\phsabc\root\HSSBC\SupplyChainAutomation\ConsultantContract\consultantcr\March2026\SOW20251211-POSPF-RCH
SOW20251212MB3-AMD1,\\phsabc\root\HSSBC\SupplyChainAutomation\ConsultantContract\consultantcr\March2026\SOW20251212MB3-AMD1
SOW20260106GM-AMD1,\\phsabc\root\HSSBC\SupplyChainAutomation\ConsultantContract\consultantcr\March2026\SOW20260106GM-AMD1
SOW20260109SF,\\phsabc\root\HSSBC\SupplyChainAutomation\ConsultantContract\consultantcr\March2026\SOW20260109SF
SOW20260112HA-1,\\phsabc\root\HSSBC\SupplyChainAutomation\ConsultantContract\consultantcr\March2026\SOW20260112HA-1
SOW20260115WB-2,\\phsabc\root\HSSBC\SupplyChainAutomation\ConsultantContract\consultantcr\March2026\SOW20260115WB-2
SOW20260127SV-AMD1,\\phsabc\root\HSSBC\SupplyChainAutomation\ConsultantContract\consultantcr\March2026\SOW20260127SV-AMD1
SOW20260202JM,\\phsabc\root\HSSBC\SupplyChainAutomation\ConsultantContract\consultantcr\March2026\SOW20260202JM
SOW20260202MH,\\phsabc\root\HSSBC\SupplyChainAutomation\ConsultantContract\consultantcr\March2026\SOW20260202MH
SOW20260202MH-1,\\phsabc\root\HSSBC\SupplyChainAutomation\ConsultantContract\consultantcr\March2026\SOW20260202MH-1
SOW20260202MM,\\phsabc\root\HSSBC\SupplyChainAutomation\ConsultantContract\consultantcr\March2026\SOW20260202MM
SOW20260203EM,\\phsabc\root\HSSBC\SupplyChainAutomation\ConsultantContract\consultantcr\March2026\SOW20260203EM
SOW20260204DB,\\phsabc\root\HSSBC\SupplyChainAutomation\ConsultantContract\consultantcr\March2026\SOW20260204DB
SOW20260204KW,\\phsabc\root\HSSBC\SupplyChainAutomation\ConsultantContract\consultantcr\March2026\SOW20260204KW
SOW20260209PH,\\phsabc\root\HSSBC\SupplyChainAutomation\ConsultantContract\consultantcr\March2026\SOW20260209PH
SOW20260211-CC-RCH,\\phsabc\root\HSSBC\SupplyChainAutomation\ConsultantContract\consultantcr\March2026\SOW20260211-CC-RCH
SOW20260211-SIIDS-RCH,\\phsabc\root\HSSBC\SupplyChainAutomation\ConsultantContract\consultantcr\March2026\SOW20260211-SIIDS-RCH
SOW20260213CH,\\phsabc\root\HSSBC\SupplyChainAutomation\ConsultantContract\consultantcr\March2026\SOW20260213CH
SOW20260213CSA,\\phsabc\root\HSSBC\SupplyChainAutomation\ConsultantContract\consultantcr\March2026\SOW20260213CSA
SOW20260213RS,\\phsabc\root\HSSBC\SupplyChainAutomation\ConsultantContract\consultantcr\March2026\SOW20260213RS
SOW20260227DT,\\phsabc\root\HSSBC\SupplyChainAutomation\ConsultantContract\consultantcr\March2026\SOW20260227DT
SOW20260301AM,\\phsabc\root\HSSBC\SupplyChainAutomation\ConsultantContract\consultantcr\March2026\SOW20260301AM
SOW20260301LD,\\phsabc\root\HSSBC\SupplyChainAutomation\ConsultantContract\consultantcr\March2026\SOW20260301LD
SOW20260303CS-2,\\phsabc\root\HSSBC\SupplyChainAutomation\ConsultantContract\consultantcr\March2026\SOW20260303CS-2
SOW20260303CS-3,\\phsabc\root\HSSBC\SupplyChainAutomation\ConsultantContract\consultantcr\March2026\SOW20260303CS-3
SOW20260303SV,\\phsabc\root\HSSBC\SupplyChainAutomation\ConsultantContract\consultantcr\March2026\SOW20260303SV
SOW20260304JR,\\phsabc\root\HSSBC\SupplyChainAutomation\ConsultantContract\consultantcr\March2026\SOW20260304JR
SOW20260306SJ,\\phsabc\root\HSSBC\SupplyChainAutomation\ConsultantContract\consultantcr\March2026\SOW20260306SJ
SOW2026030CE,\\phsabc\root\HSSBC\SupplyChainAutomation\ConsultantContract\consultantcr\March2026\SOW2026030CE
SOW2026030DG,\\phsabc\root\HSSBC\SupplyChainAutomation\ConsultantContract\consultantcr\March2026\SOW2026030DG
SOW2026030JJ,\\phsabc\root\HSSBC\SupplyChainAutomation\ConsultantContract\consultantcr\March2026\SOW2026030JJ
SOW2026030JS,\\phsabc\root\HSSBC\SupplyChainAutomation\ConsultantContract\consultantcr\March2026\SOW2026030JS
SOW2026030KB,\\phsabc\root\HSSBC\SupplyChainAutomation\ConsultantContract\consultantcr\March2026\SOW2026030KB
SOW2026030KM,\\phsabc\root\HSSBC\SupplyChainAutomation\ConsultantContract\consultantcr\March2026\SOW2026030KM
SOW2026030MFL,\\phsabc\root\HSSBC\SupplyChainAutomation\ConsultantContract\consultantcr\March2026\SOW2026030MFL
SOW2026030RP,\\phsabc\root\HSSBC\SupplyChainAutomation\ConsultantContract\consultantcr\March2026\SOW2026030RP
SOW2026030SK,\\phsabc\root\HSSBC\SupplyChainAutomation\ConsultantContract\consultantcr\March2026\SOW2026030SK
SOW2026030TZ,\\phsabc\root\HSSBC\SupplyChainAutomation\ConsultantContract\consultantcr\March2026\SOW2026030TZ
SOW20260311RT,\\phsabc\root\HSSBC\SupplyChainAutomation\ConsultantContract\consultantcr\March2026\SOW20260311RT
SOW20260313EL,\\phsabc\root\HSSBC\SupplyChainAutomation\ConsultantContract\consultantcr\March2026\SOW20260313EL
SOW20260316BC,\\phsabc\root\HSSBC\SupplyChainAutomation\ConsultantContract\consultantcr\March2026\SOW20260316BC
SOW20260401MM,\\phsabc\root\HSSBC\SupplyChainAutomation\ConsultantContract\consultantcr\March2026\SOW20260401MM