"CONTRACT_NUMBER","PATH","CONTRACT_ID","STATUS","DOCS_LOADED","DETAIL"
"SOW20210603GP","\\phsabc\root\HSSBC\SupplyChainAutomation\ConsultantContract\consultantcr\SOW20210603GP","300000007915473","LOADED","9","9 document(s) uploaded to ContractId 300000007915473."
"SOW20211005SS-IMITPD-NSH","\\phsabc\root\HSSBC\SupplyChainAutomation\ConsultantContract\consultantcr\SOW20211005SS-IMITPD-NSH","300000007915480","LOADED","9","9 document(s) uploaded to ContractId 300000007915480."
"SOW20211005SS-IMITPD-RCH","\\phsabc\root\HSSBC\SupplyChainAutomation\ConsultantContract\consultantcr\SOW20211005SS-IMITPD-RCH","","CONTRACT NOT FOUND","0","Contract number does not exist in Oracle Fusion."
"SOW20220518SS-ITDM-RCH","\\phsabc\root\HSSBC\SupplyChainAutomation\ConsultantContract\consultantcr\SOW20220518SS-ITDM-RCH","300000007916523","LOADED","9","9 document(s) uploaded to ContractId 300000007916523."
"SOW20221115SS-SPPM-RCH","\\phsabc\root\HSSBC\SupplyChainAutomation\ConsultantContract\consultantcr\SOW20221115SS-SPPM-RCH","","CONTRACT NOT FOUND","0","Contract number does not exist in Oracle Fusion."
"SOW20221122SS-IMEPM-BH","\\phsabc\root\HSSBC\SupplyChainAutomation\ConsultantContract\consultantcr\SOW20221122SS-IMEPM-BH","300000007915487","LOADED","15","15 document(s) uploaded to ContractId 300000007915487."
"SOW20221122SS-IMEPM-RCH","\\phsabc\root\HSSBC\SupplyChainAutomation\ConsultantContract\consultantcr\SOW20221122SS-IMEPM-RCH","300000007915494","LOADED","9","9 document(s) uploaded to ContractId 300000007915494."
"SOW202251208AC","\\phsabc\root\HSSBC\SupplyChainAutomation\ConsultantContract\consultantcr\SOW202251208AC","","CONTRACT NOT FOUND","0","Contract number does not exist in Oracle Fusion."
"SOW20230222SS-CCPM-RCH","\\phsabc\root\HSSBC\SupplyChainAutomation\ConsultantContract\consultantcr\SOW20230222SS-CCPM-RCH","","CONTRACT NOT FOUND","0","Contract number does not exist in Oracle Fusion."
"SOW20230308SS-BA-SPMS-RCH","\\phsabc\root\HSSBC\SupplyChainAutomation\ConsultantContract\consultantcr\SOW20230308SS-BA-SPMS-RCH","300000007915501","LOADED","7","7 document(s) uploaded to ContractId 300000007915501."
"SOW20230324SS-BA-EIP-RCH","\\phsabc\root\HSSBC\SupplyChainAutomation\ConsultantContract\consultantcr\SOW20230324SS-BA-EIP-RCH","300000007917213","LOADED","17","17 document(s) uploaded to ContractId 300000007917213."
"SOW20230503LT","\\phsabc\root\HSSBC\SupplyChainAutomation\ConsultantContract\consultantcr\SOW20230503LT","300000007915508","LOADED","9","9 document(s) uploaded to ContractId 300000007915508."
"SOW20230922BP","\\phsabc\root\HSSBC\SupplyChainAutomation\ConsultantContract\consultantcr\SOW20230922BP","","CONTRACT NOT FOUND","0","Contract number does not exist in Oracle Fusion."
"SOW20231025MB1-CH-Ontec-05","\\phsabc\root\HSSBC\SupplyChainAutomation\ConsultantContract\consultantcr\SOW20231025MB1-CH-Ontec-05","","CONTRACT NOT FOUND","0","Contract number does not exist in Oracle Fusion."
"SOW20231025MB1-CH-Ontec-06","\\phsabc\root\HSSBC\SupplyChainAutomation\ConsultantContract\consultantcr\SOW20231025MB1-CH-Ontec-06","","CONTRACT NOT FOUND","0","Contract number does not exist in Oracle Fusion."
"SOW20231102RL","\\phsabc\root\HSSBC\SupplyChainAutomation\ConsultantContract\consultantcr\SOW20231102RL","","CONTRACT NOT FOUND","0","Contract number does not exist in Oracle Fusion."
"SOW20231107KN","\\phsabc\root\HSSBC\SupplyChainAutomation\ConsultantContract\consultantcr\SOW20231107KN","","CONTRACT NOT FOUND","0","Contract number does not exist in Oracle Fusion."
"SOW20231107KN-1","\\phsabc\root\HSSBC\SupplyChainAutomation\ConsultantContract\consultantcr\SOW20231107KN-1","","CONTRACT NOT FOUND","0","Contract number does not exist in Oracle Fusion."
"SOW20231107KN-2","\\phsabc\root\HSSBC\SupplyChainAutomation\ConsultantContract\consultantcr\SOW20231107KN-2","","CONTRACT NOT FOUND","0","Contract number does not exist in Oracle Fusion."
"SOW20231109BW","\\phsabc\root\HSSBC\SupplyChainAutomation\ConsultantContract\consultantcr\SOW20231109BW","","CONTRACT NOT FOUND","0","Contract number does not exist in Oracle Fusion."
"SOW20231109TB","\\phsabc\root\HSSBC\SupplyChainAutomation\ConsultantContract\consultantcr\SOW20231109TB","","CONTRACT NOT FOUND","0","Contract number does not exist in Oracle Fusion."
"SOW20231110BP-2","\\phsabc\root\HSSBC\SupplyChainAutomation\ConsultantContract\consultantcr\SOW20231110BP-2","","CONTRACT NOT FOUND","0","Contract number does not exist in Oracle Fusion."
"SOW20231115CL","\\phsabc\root\HSSBC\SupplyChainAutomation\ConsultantContract\consultantcr\SOW20231115CL","","CONTRACT NOT FOUND","0","Contract number does not exist in Oracle Fusion."
"SOW20231115DV","\\phsabc\root\HSSBC\SupplyChainAutomation\ConsultantContract\consultantcr\SOW20231115DV","","CONTRACT NOT FOUND","0","Contract number does not exist in Oracle Fusion."
"SOW20231117JH","\\phsabc\root\HSSBC\SupplyChainAutomation\ConsultantContract\consultantcr\SOW20231117JH","","CONTRACT NOT FOUND","0","Contract number does not exist in Oracle Fusion."
"SOW20231117SS-POSPF-R","\\phsabc\root\HSSBC\SupplyChainAutomation\ConsultantContract\consultantcr\SOW20231117SS-POSPF-R","","CONTRACT NOT FOUND","0","Contract number does not exist in Oracle Fusion."
"SOW20231120JJ","\\phsabc\root\HSSBC\SupplyChainAutomation\ConsultantContract\consultantcr\SOW20231120JJ","","CONTRACT NOT FOUND","0","Contract number does not exist in Oracle Fusion."
"SOW20231124DV","\\phsabc\root\HSSBC\SupplyChainAutomation\ConsultantContract\consultantcr\SOW20231124DV","","CONTRACT NOT FOUND","0","Contract number does not exist in Oracle Fusion."
"SOW20231128CA","\\phsabc\root\HSSBC\SupplyChainAutomation\ConsultantContract\consultantcr\SOW20231128CA","","CONTRACT NOT FOUND","0","Contract number does not exist in Oracle Fusion."
"SOW20231128RL","\\phsabc\root\HSSBC\SupplyChainAutomation\ConsultantContract\consultantcr\SOW20231128RL","","CONTRACT NOT FOUND","0","Contract number does not exist in Oracle Fusion."
"SOW20231129CA","\\phsabc\root\HSSBC\SupplyChainAutomation\ConsultantContract\consultantcr\SOW20231129CA","","CONTRACT NOT FOUND","0","Contract number does not exist in Oracle Fusion."
"SOW20231130JZ","\\phsabc\root\HSSBC\SupplyChainAutomation\ConsultantContract\consultantcr\SOW20231130JZ","","CONTRACT NOT FOUND","0","Contract number does not exist in Oracle Fusion."
"SOW20231205BW","\\phsabc\root\HSSBC\SupplyChainAutomation\ConsultantContract\consultantcr\SOW20231205BW","","CONTRACT NOT FOUND","0","Contract number does not exist in Oracle Fusion."
"SOW20231208SS-STRA-r","\\phsabc\root\HSSBC\SupplyChainAutomation\ConsultantContract\consultantcr\SOW20231208SS-STRA-r","","CONTRACT NOT FOUND","0","Contract number does not exist in Oracle Fusion."
"SOW20231219NSHBCCCct","\\phsabc\root\HSSBC\SupplyChainAutomation\ConsultantContract\consultantcr\SOW20231219NSHBCCCct","","CONTRACT NOT FOUND","0","Contract number does not exist in Oracle Fusion."
"SOW20240104BP","\\phsabc\root\HSSBC\SupplyChainAutomation\ConsultantContract\consultantcr\SOW20240104BP","","CONTRACT NOT FOUND","0","Contract number does not exist in Oracle Fusion."
"SOW20240112SL-2","\\phsabc\root\HSSBC\SupplyChainAutomation\ConsultantContract\consultantcr\SOW20240112SL-2","","CONTRACT NOT FOUND","0","Contract number does not exist in Oracle Fusion."
"SOW20240112SL-3","\\phsabc\root\HSSBC\SupplyChainAutomation\ConsultantContract\consultantcr\SOW20240112SL-3","","CONTRACT NOT FOUND","0","Contract number does not exist in Oracle Fusion."
"SOW20240123PH-2","\\phsabc\root\HSSBC\SupplyChainAutomation\ConsultantContract\consultantcr\SOW20240123PH-2","","CONTRACT NOT FOUND","0","Contract number does not exist in Oracle Fusion."
"SOW20240123RL-1","\\phsabc\root\HSSBC\SupplyChainAutomation\ConsultantContract\consultantcr\SOW20240123RL-1","","CONTRACT NOT FOUND","0","Contract number does not exist in Oracle Fusion."
"SOW20240123RL-2","\\phsabc\root\HSSBC\SupplyChainAutomation\ConsultantContract\consultantcr\SOW20240123RL-2","","CONTRACT NOT FOUND","0","Contract number does not exist in Oracle Fusion."
"SOW20240123RL-3","\\phsabc\root\HSSBC\SupplyChainAutomation\ConsultantContract\consultantcr\SOW20240123RL-3","","CONTRACT NOT FOUND","0","Contract number does not exist in Oracle Fusion."
"SOW20240125MB2","\\phsabc\root\HSSBC\SupplyChainAutomation\ConsultantContract\consultantcr\SOW20240125MB2","","CONTRACT NOT FOUND","0","Contract number does not exist in Oracle Fusion."
"SOW20240126DA","\\phsabc\root\HSSBC\SupplyChainAutomation\ConsultantContract\consultantcr\SOW20240126DA","","CONTRACT NOT FOUND","0","Contract number does not exist in Oracle Fusion."
"SOW20240126DV-1","\\phsabc\root\HSSBC\SupplyChainAutomation\ConsultantContract\consultantcr\SOW20240126DV-1","","CONTRACT NOT FOUND","0","Contract number does not exist in Oracle Fusion."
"SOW20240126DV-2","\\phsabc\root\HSSBC\SupplyChainAutomation\ConsultantContract\consultantcr\SOW20240126DV-2","","CONTRACT NOT FOUND","0","Contract number does not exist in Oracle Fusion."
"SOW20240126GG","\\phsabc\root\HSSBC\SupplyChainAutomation\ConsultantContract\consultantcr\SOW20240126GG","","CONTRACT NOT FOUND","0","Contract number does not exist in Oracle Fusion."
"SOW20240126SL","\\phsabc\root\HSSBC\SupplyChainAutomation\ConsultantContract\consultantcr\SOW20240126SL","","CONTRACT NOT FOUND","0","Contract number does not exist in Oracle Fusion."
"SOW20240129JM","\\phsabc\root\HSSBC\SupplyChainAutomation\ConsultantContract\consultantcr\SOW20240129JM","","CONTRACT NOT FOUND","0","Contract number does not exist in Oracle Fusion."
"SOW20240129MB2-1","\\phsabc\root\HSSBC\SupplyChainAutomation\ConsultantContract\consultantcr\SOW20240129MB2-1","","CONTRACT NOT FOUND","0","Contract number does not exist in Oracle Fusion."
"SOW20240129MB6","\\phsabc\root\HSSBC\SupplyChainAutomation\ConsultantContract\consultantcr\SOW20240129MB6","","CONTRACT NOT FOUND","0","Contract number does not exist in Oracle Fusion."
"SOW20240129MB7","\\phsabc\root\HSSBC\SupplyChainAutomation\ConsultantContract\consultantcr\SOW20240129MB7","","CONTRACT NOT FOUND","0","Contract number does not exist in Oracle Fusion."
"SOW20240129MB8","\\phsabc\root\HSSBC\SupplyChainAutomation\ConsultantContract\consultantcr\SOW20240129MB8","","CONTRACT NOT FOUND","0","Contract number does not exist in Oracle Fusion."
"SOW20240131JM","\\phsabc\root\HSSBC\SupplyChainAutomation\ConsultantContract\consultantcr\SOW20240131JM","","CONTRACT NOT FOUND","0","Contract number does not exist in Oracle Fusion."
"SOW20240202SS-LITS-RCDD-BH","\\phsabc\root\HSSBC\SupplyChainAutomation\ConsultantContract\consultantcr\SOW20240202SS-LITS-RCDD-BH","","CONTRACT NOT FOUND","0","Contract number does not exist in Oracle Fusion."
"SOW20240205JR","\\phsabc\root\HSSBC\SupplyChainAutomation\ConsultantContract\consultantcr\SOW20240205JR","","CONTRACT NOT FOUND","0","Contract number does not exist in Oracle Fusion."
"SOW20240205LM","\\phsabc\root\HSSBC\SupplyChainAutomation\ConsultantContract\consultantcr\SOW20240205LM","","CONTRACT NOT FOUND","0","Contract number does not exist in Oracle Fusion."
"SOW20240205MB CH Procom-01","\\phsabc\root\HSSBC\SupplyChainAutomation\ConsultantContract\consultantcr\SOW20240205MB CH Procom-01","","CONTRACT NOT FOUND","0","Contract number does not exist in Oracle Fusion."
"SOW20240206MB4","\\phsabc\root\HSSBC\SupplyChainAutomation\ConsultantContract\consultantcr\SOW20240206MB4","","CONTRACT NOT FOUND","0","Contract number does not exist in Oracle Fusion."
"SOW20240207MB1","\\phsabc\root\HSSBC\SupplyChainAutomation\ConsultantContract\consultantcr\SOW20240207MB1","","CONTRACT NOT FOUND","0","Contract number does not exist in Oracle Fusion."
"SOW20240207MB2","\\phsabc\root\HSSBC\SupplyChainAutomation\ConsultantContract\consultantcr\SOW20240207MB2","","CONTRACT NOT FOUND","0","Contract number does not exist in Oracle Fusion."
"SOW20240208ML","\\phsabc\root\HSSBC\SupplyChainAutomation\ConsultantContract\consultantcr\SOW20240208ML","","CONTRACT NOT FOUND","0","Contract number does not exist in Oracle Fusion."
"SOW20240209HP","\\phsabc\root\HSSBC\SupplyChainAutomation\ConsultantContract\consultantcr\SOW20240209HP","","CONTRACT NOT FOUND","0","Contract number does not exist in Oracle Fusion."
"SOW20240209HX","\\phsabc\root\HSSBC\SupplyChainAutomation\ConsultantContract\consultantcr\SOW20240209HX","","CONTRACT NOT FOUND","0","Contract number does not exist in Oracle Fusion."
"SOW20240214MB3","\\phsabc\root\HSSBC\SupplyChainAutomation\ConsultantContract\consultantcr\SOW20240214MB3","","CONTRACT NOT FOUND","0","Contract number does not exist in Oracle Fusion."
"SOW20240214NJB","\\phsabc\root\HSSBC\SupplyChainAutomation\ConsultantContract\consultantcr\SOW20240214NJB","","CONTRACT NOT FOUND","0","Contract number does not exist in Oracle Fusion."
"SOW20240216SS-SIIDS-r","\\phsabc\root\HSSBC\SupplyChainAutomation\ConsultantContract\consultantcr\SOW20240216SS-SIIDS-r","","CONTRACT NOT FOUND","0","Contract number does not exist in Oracle Fusion."
"SOW20240216TG-01-Apex Systems-AMD6","\\phsabc\root\HSSBC\SupplyChainAutomation\ConsultantContract\consultantcr\SOW20240216TG-01-Apex Systems-AMD6","","CONTRACT NOT FOUND","0","Contract number does not exist in Oracle Fusion."
"SOW20240216TG-01-ApexSystems","\\phsabc\root\HSSBC\SupplyChainAutomation\ConsultantContract\consultantcr\SOW20240216TG-01-ApexSystems","","CONTRACT NOT FOUND","0","Contract number does not exist in Oracle Fusion."
"SOW20240216TG-03-Forecight","\\phsabc\root\HSSBC\SupplyChainAutomation\ConsultantContract\consultantcr\SOW20240216TG-03-Forecight","","CONTRACT NOT FOUND","0","Contract number does not exist in Oracle Fusion."
"SOW20240216TG-04-TEKsystems","\\phsabc\root\HSSBC\SupplyChainAutomation\ConsultantContract\consultantcr\SOW20240216TG-04-TEKsystems","","CONTRACT NOT FOUND","0","Contract number does not exist in Oracle Fusion."
"SOW20240223JR","\\phsabc\root\HSSBC\SupplyChainAutomation\ConsultantContract\consultantcr\SOW20240223JR","","CONTRACT NOT FOUND","0","Contract number does not exist in Oracle Fusion."
"SOW20240227SS-ITDM-BH","\\phsabc\root\HSSBC\SupplyChainAutomation\ConsultantContract\consultantcr\SOW20240227SS-ITDM-BH","","CONTRACT NOT FOUND","0","Contract number does not exist in Oracle Fusion."
"SOW20240228SS-ITTSL-r-1-NSH","\\phsabc\root\HSSBC\SupplyChainAutomation\ConsultantContract\consultantcr\SOW20240228SS-ITTSL-r-1-NSH","300000007911979","LOADED","6","6 document(s) uploaded to ContractId 300000007911979."
"SOW20240228SS-ITTSL-r-1-RCH","\\phsabc\root\HSSBC\SupplyChainAutomation\ConsultantContract\consultantcr\SOW20240228SS-ITTSL-r-1-RCH","","CONTRACT NOT FOUND","0","Contract number does not exist in Oracle Fusion."
"SOW20240229SS-ITTSL-BH","\\phsabc\root\HSSBC\SupplyChainAutomation\ConsultantContract\consultantcr\SOW20240229SS-ITTSL-BH","300000007911995","LOADED","3","3 document(s) uploaded to ContractId 300000007911995."
"SOW20240301MB1","\\phsabc\root\HSSBC\SupplyChainAutomation\ConsultantContract\consultantcr\SOW20240301MB1","","CONTRACT NOT FOUND","0","Contract number does not exist in Oracle Fusion."
"SOW20240301SSC","\\phsabc\root\HSSBC\SupplyChainAutomation\ConsultantContract\consultantcr\SOW20240301SSC","","CONTRACT NOT FOUND","0","Contract number does not exist in Oracle Fusion."
"SOW20240304JP","\\phsabc\root\HSSBC\SupplyChainAutomation\ConsultantContract\consultantcr\SOW20240304JP","","CONTRACT NOT FOUND","0","Contract number does not exist in Oracle Fusion."
"SOW20240306DH","\\phsabc\root\HSSBC\SupplyChainAutomation\ConsultantContract\consultantcr\SOW20240306DH","","CONTRACT NOT FOUND","0","Contract number does not exist in Oracle Fusion."
"SOW20240306PH-MSA-Cascadia-CH-02","\\phsabc\root\HSSBC\SupplyChainAutomation\ConsultantContract\consultantcr\SOW20240306PH-MSA-Cascadia-CH-02","300000007913586","LOADED","12","12 document(s) uploaded to ContractId 300000007913586."
"SOW20240306PH-MSA-Cascadia-CH-03","\\phsabc\root\HSSBC\SupplyChainAutomation\ConsultantContract\consultantcr\SOW20240306PH-MSA-Cascadia-CH-03","300000007912591","LOADED","15","15 document(s) uploaded to ContractId 300000007912591."
"SOW20240306PH-MSA-Cascadia-CH-04-AMD2","\\phsabc\root\HSSBC\SupplyChainAutomation\ConsultantContract\consultantcr\SOW20240306PH-MSA-Cascadia-CH-04-AMD2","","CONTRACT NOT FOUND","0","Contract number does not exist in Oracle Fusion."
"SOW20240306PH-MSA-DEETKEN-CH-03","\\phsabc\root\HSSBC\SupplyChainAutomation\ConsultantContract\consultantcr\SOW20240306PH-MSA-DEETKEN-CH-03","","CONTRACT NOT FOUND","0","Contract number does not exist in Oracle Fusion."
"SOW20240306PH-MSA-EY-CH-01","\\phsabc\root\HSSBC\SupplyChainAutomation\ConsultantContract\consultantcr\SOW20240306PH-MSA-EY-CH-01","300000007913015","LOADED","6","6 document(s) uploaded to ContractId 300000007913015."
"SOW20240306PH-MSA-KPMG-CH-02","\\phsabc\root\HSSBC\SupplyChainAutomation\ConsultantContract\consultantcr\SOW20240306PH-MSA-KPMG-CH-02","300000007912222","LOADED","3","3 document(s) uploaded to ContractId 300000007912222."
"SOW20240306PH-MSA-KPMG-CH-03","\\phsabc\root\HSSBC\SupplyChainAutomation\ConsultantContract\consultantcr\SOW20240306PH-MSA-KPMG-CH-03","","CONTRACT NOT FOUND","0","Contract number does not exist in Oracle Fusion."
"SOW20240306PH-MSA-PwCManagementCH-01","\\phsabc\root\HSSBC\SupplyChainAutomation\ConsultantContract\consultantcr\SOW20240306PH-MSA-PwCManagementCH-01","","CONTRACT NOT FOUND","0","Contract number does not exist in Oracle Fusion."
"SOW20240306SS-LNV-BH","\\phsabc\root\HSSBC\SupplyChainAutomation\ConsultantContract\consultantcr\SOW20240306SS-LNV-BH","","CONTRACT NOT FOUND","0","Contract number does not exist in Oracle Fusion."
"SOW20240306SS-LNV-NSH","\\phsabc\root\HSSBC\SupplyChainAutomation\ConsultantContract\consultantcr\SOW20240306SS-LNV-NSH","","CONTRACT NOT FOUND","0","Contract number does not exist in Oracle Fusion."
"SOW20240306SS-LNV-RCH","\\phsabc\root\HSSBC\SupplyChainAutomation\ConsultantContract\consultantcr\SOW20240306SS-LNV-RCH","","CONTRACT NOT FOUND","0","Contract number does not exist in Oracle Fusion."
"SOW20240307HP","\\phsabc\root\HSSBC\SupplyChainAutomation\ConsultantContract\consultantcr\SOW20240307HP","300000007917221","LOADED","9","9 document(s) uploaded to ContractId 300000007917221."
"SOW20240307IJ","\\phsabc\root\HSSBC\SupplyChainAutomation\ConsultantContract\consultantcr\SOW20240307IJ","300000007913298","LOADED","6","6 document(s) uploaded to ContractId 300000007913298."
"SOW20240307MWC","\\phsabc\root\HSSBC\SupplyChainAutomation\ConsultantContract\consultantcr\SOW20240307MWC","","CONTRACT NOT FOUND","0","Contract number does not exist in Oracle Fusion."
"SOW20240307RL","\\phsabc\root\HSSBC\SupplyChainAutomation\ConsultantContract\consultantcr\SOW20240307RL","300000007916533","LOADED","7","7 document(s) uploaded to ContractId 300000007916533."
"SOW20240308MH","\\phsabc\root\HSSBC\SupplyChainAutomation\ConsultantContract\consultantcr\SOW20240308MH","","CONTRACT NOT FOUND","0","Contract number does not exist in Oracle Fusion."
"SOW20240308MH-AMD13","\\phsabc\root\HSSBC\SupplyChainAutomation\ConsultantContract\consultantcr\SOW20240308MH-AMD13","","CONTRACT NOT FOUND","0","Contract number does not exist in Oracle Fusion."
"SOW20240311AM","\\phsabc\root\HSSBC\SupplyChainAutomation\ConsultantContract\consultantcr\SOW20240311AM","","CONTRACT NOT FOUND","0","Contract number does not exist in Oracle Fusion."
"SOW20240318BD","\\phsabc\root\HSSBC\SupplyChainAutomation\ConsultantContract\consultantcr\SOW20240318BD","","CONTRACT NOT FOUND","0","Contract number does not exist in Oracle Fusion."
"SOW20240322MB","\\phsabc\root\HSSBC\SupplyChainAutomation\ConsultantContract\consultantcr\SOW20240322MB","","CONTRACT NOT FOUND","0","Contract number does not exist in Oracle Fusion."
"SOW20240326JM","\\phsabc\root\HSSBC\SupplyChainAutomation\ConsultantContract\consultantcr\SOW20240326JM","300000007916540","LOADED","9","9 document(s) uploaded to ContractId 300000007916540."
"SOW20240327SS-ITDC-BH","\\phsabc\root\HSSBC\SupplyChainAutomation\ConsultantContract\consultantcr\SOW20240327SS-ITDC-BH","300000007912315","LOADED","6","6 document(s) uploaded to ContractId 300000007912315."
"SOW20240327SS-ITPC-BH","\\phsabc\root\HSSBC\SupplyChainAutomation\ConsultantContract\consultantcr\SOW20240327SS-ITPC-BH","300000007913275","LOADED","9","9 document(s) uploaded to ContractId 300000007913275."
"SOW20240328RK-1","\\phsabc\root\HSSBC\SupplyChainAutomation\ConsultantContract\consultantcr\SOW20240328RK-1","300000007913251","LOADED","12","12 document(s) uploaded to ContractId 300000007913251."
"SOW20240328RK-2","\\phsabc\root\HSSBC\SupplyChainAutomation\ConsultantContract\consultantcr\SOW20240328RK-2","300000007911987","LOADED","15","15 document(s) uploaded to ContractId 300000007911987."
"SOW20240401BC","\\phsabc\root\HSSBC\SupplyChainAutomation\ConsultantContract\consultantcr\SOW20240401BC","","CONTRACT NOT FOUND","0","Contract number does not exist in Oracle Fusion."
"SOW20240401BC-02","\\phsabc\root\HSSBC\SupplyChainAutomation\ConsultantContract\consultantcr\SOW20240401BC-02","","CONTRACT NOT FOUND","0","Contract number does not exist in Oracle Fusion."
"SOW20240401BC-03","\\phsabc\root\HSSBC\SupplyChainAutomation\ConsultantContract\consultantcr\SOW20240401BC-03","","CONTRACT NOT FOUND","0","Contract number does not exist in Oracle Fusion."
"SOW20240401BC-04","\\phsabc\root\HSSBC\SupplyChainAutomation\ConsultantContract\consultantcr\SOW20240401BC-04","","CONTRACT NOT FOUND","0","Contract number does not exist in Oracle Fusion."
"SOW20240401BC-05","\\phsabc\root\HSSBC\SupplyChainAutomation\ConsultantContract\consultantcr\SOW20240401BC-05","","CONTRACT NOT FOUND","0","Contract number does not exist in Oracle Fusion."
"SOW20240401BC-06","\\phsabc\root\HSSBC\SupplyChainAutomation\ConsultantContract\consultantcr\SOW20240401BC-06","","CONTRACT NOT FOUND","0","Contract number does not exist in Oracle Fusion."
"SOW20240401BC-07","\\phsabc\root\HSSBC\SupplyChainAutomation\ConsultantContract\consultantcr\SOW20240401BC-07","","CONTRACT NOT FOUND","0","Contract number does not exist in Oracle Fusion."
"SOW20240401BC-08","\\phsabc\root\HSSBC\SupplyChainAutomation\ConsultantContract\consultantcr\SOW20240401BC-08","","CONTRACT NOT FOUND","0","Contract number does not exist in Oracle Fusion."
"SOW20240401BC-09","\\phsabc\root\HSSBC\SupplyChainAutomation\ConsultantContract\consultantcr\SOW20240401BC-09","","CONTRACT NOT FOUND","0","Contract number does not exist in Oracle Fusion."
"SOW20240404JM-1","\\phsabc\root\HSSBC\SupplyChainAutomation\ConsultantContract\consultantcr\SOW20240404JM-1","300000007914017","LOADED","12","12 document(s) uploaded to ContractId 300000007914017."
"SOW20240411JZ","\\phsabc\root\HSSBC\SupplyChainAutomation\ConsultantContract\consultantcr\SOW20240411JZ","300000007912336","LOADED","6","6 document(s) uploaded to ContractId 300000007912336."
"SOW20240412DA","\\phsabc\root\HSSBC\SupplyChainAutomation\ConsultantContract\consultantcr\SOW20240412DA","300000007912288","LOADED","6","6 document(s) uploaded to ContractId 300000007912288."
"SOW20240412JM","\\phsabc\root\HSSBC\SupplyChainAutomation\ConsultantContract\consultantcr\SOW20240412JM","300000007912345","LOADED","9","9 document(s) uploaded to ContractId 300000007912345."
"SOW20240412SS-MMITS-BH","\\phsabc\root\HSSBC\SupplyChainAutomation\ConsultantContract\consultantcr\SOW20240412SS-MMITS-BH","300000007913259","LOADED","3","3 document(s) uploaded to ContractId 300000007913259."
"SOW20240412SS-MMITS-NSH","\\phsabc\root\HSSBC\SupplyChainAutomation\ConsultantContract\consultantcr\SOW20240412SS-MMITS-NSH","300000007914003","LOADED","6","6 document(s) uploaded to ContractId 300000007914003."
"SOW20240412SS-MMITS-RCH","\\phsabc\root\HSSBC\SupplyChainAutomation\ConsultantContract\consultantcr\SOW20240412SS-MMITS-RCH","300000007912296","LOADED","3","3 document(s) uploaded to ContractId 300000007912296."
"SOW20240419CH-1","\\phsabc\root\HSSBC\SupplyChainAutomation\ConsultantContract\consultantcr\SOW20240419CH-1","300000007913267","LOADED","12","12 document(s) uploaded to ContractId 300000007913267."
"SOW20240419CH-2","\\phsabc\root\HSSBC\SupplyChainAutomation\ConsultantContract\consultantcr\SOW20240419CH-2","300000007914024","LOADED","12","12 document(s) uploaded to ContractId 300000007914024."
"SOW2024041BC","\\phsabc\root\HSSBC\SupplyChainAutomation\ConsultantContract\consultantcr\SOW2024041BC","","CONTRACT NOT FOUND","0","Contract number does not exist in Oracle Fusion."
"SOW20240422SS-BANCI-RCH","\\phsabc\root\HSSBC\SupplyChainAutomation\ConsultantContract\consultantcr\SOW20240422SS-BANCI-RCH","300000007913290","LOADED","17","17 document(s) uploaded to ContractId 300000007913290."
"SOW20240425RK-1","\\phsabc\root\HSSBC\SupplyChainAutomation\ConsultantContract\consultantcr\SOW20240425RK-1","300000007912304","LOADED","15","15 document(s) uploaded to ContractId 300000007912304."
"SOW20240503MD","\\phsabc\root\HSSBC\SupplyChainAutomation\ConsultantContract\consultantcr\SOW20240503MD","300000007913172","LOADED","12","12 document(s) uploaded to ContractId 300000007913172."
"SOW20240503SS-PMMM-BH","\\phsabc\root\HSSBC\SupplyChainAutomation\ConsultantContract\consultantcr\SOW20240503SS-PMMM-BH","300000007914073","LOADED","9","9 document(s) uploaded to ContractId 300000007914073."
"SOW20240503SS-PMMM-RCH","\\phsabc\root\HSSBC\SupplyChainAutomation\ConsultantContract\consultantcr\SOW20240503SS-PMMM-RCH","300000007913339","LOADED","9","9 document(s) uploaded to ContractId 300000007913339."
"SOW20240507JB","\\phsabc\root\HSSBC\SupplyChainAutomation\ConsultantContract\consultantcr\SOW20240507JB","300000007914010","LOADED","6","6 document(s) uploaded to ContractId 300000007914010."
"SOW20240509IJ-2","\\phsabc\root\HSSBC\SupplyChainAutomation\ConsultantContract\consultantcr\SOW20240509IJ-2","300000007913322","LOADED","9","9 document(s) uploaded to ContractId 300000007913322."
"SOW20240509RK","\\phsabc\root\HSSBC\SupplyChainAutomation\ConsultantContract\consultantcr\SOW20240509RK","300000007913283","LOADED","14","14 document(s) uploaded to ContractId 300000007913283."
"SOW20240513BK","\\phsabc\root\HSSBC\SupplyChainAutomation\ConsultantContract\consultantcr\SOW20240513BK","","CONTRACT NOT FOUND","0","Contract number does not exist in Oracle Fusion."
"SOW20240516SS-ITTDL-BH","\\phsabc\root\HSSBC\SupplyChainAutomation\ConsultantContract\consultantcr\SOW20240516SS-ITTDL-BH","300000007914051","LOADED","3","3 document(s) uploaded to ContractId 300000007914051."
"SOW20240516SS-ITTDL-NSH","\\phsabc\root\HSSBC\SupplyChainAutomation\ConsultantContract\consultantcr\SOW20240516SS-ITTDL-NSH","300000007913360","LOADED","3","3 document(s) uploaded to ContractId 300000007913360."
"SOW20240516SS-ITTDL-RCH","\\phsabc\root\HSSBC\SupplyChainAutomation\ConsultantContract\consultantcr\SOW20240516SS-ITTDL-RCH","300000007912362","LOADED","6","6 document(s) uploaded to ContractId 300000007912362."
"SOW20240517VK","\\phsabc\root\HSSBC\SupplyChainAutomation\ConsultantContract\consultantcr\SOW20240517VK","","CONTRACT NOT FOUND","0","Contract number does not exist in Oracle Fusion."
"SOW20240523CH","\\phsabc\root\HSSBC\SupplyChainAutomation\ConsultantContract\consultantcr\SOW20240523CH","300000007913306","LOADED","6","6 document(s) uploaded to ContractId 300000007913306."
"SOW20240523JM","\\phsabc\root\HSSBC\SupplyChainAutomation\ConsultantContract\consultantcr\SOW20240523JM","300000007912354","LOADED","9","9 document(s) uploaded to ContractId 300000007912354."
"SOW20240523MR","\\phsabc\root\HSSBC\SupplyChainAutomation\ConsultantContract\consultantcr\SOW20240523MR","","CONTRACT NOT FOUND","0","Contract number does not exist in Oracle Fusion."
"SOW20240523MS","\\phsabc\root\HSSBC\SupplyChainAutomation\ConsultantContract\consultantcr\SOW20240523MS","300000007912322","LOADED","6","6 document(s) uploaded to ContractId 300000007912322."
"SOW20240524JM","\\phsabc\root\HSSBC\SupplyChainAutomation\ConsultantContract\consultantcr\SOW20240524JM","300000007914058","LOADED","9","9 document(s) uploaded to ContractId 300000007914058."
"SOW20240527IJ","\\phsabc\root\HSSBC\SupplyChainAutomation\ConsultantContract\consultantcr\SOW20240527IJ","300000007913353","LOADED","9","9 document(s) uploaded to ContractId 300000007913353."
"SOW20240527MB3","\\phsabc\root\HSSBC\SupplyChainAutomation\ConsultantContract\consultantcr\SOW20240527MB3","","CONTRACT NOT FOUND","0","Contract number does not exist in Oracle Fusion."
"SOW20240528MB1","\\phsabc\root\HSSBC\SupplyChainAutomation\ConsultantContract\consultantcr\SOW20240528MB1","","CONTRACT NOT FOUND","0","Contract number does not exist in Oracle Fusion."
"SOW20240531GG-1","\\phsabc\root\HSSBC\SupplyChainAutomation\ConsultantContract\consultantcr\SOW20240531GG-1","300000007912378","LOADED","12","12 document(s) uploaded to ContractId 300000007912378."
"SOW20240531MA","\\phsabc\root\HSSBC\SupplyChainAutomation\ConsultantContract\consultantcr\SOW20240531MA","300000007913330","LOADED","6","6 document(s) uploaded to ContractId 300000007913330."
"SOW20240531PD-2","\\phsabc\root\HSSBC\SupplyChainAutomation\ConsultantContract\consultantcr\SOW20240531PD-2","300000007914036","LOADED","3","3 document(s) uploaded to ContractId 300000007914036."
"SOW20240531PD-4","\\phsabc\root\HSSBC\SupplyChainAutomation\ConsultantContract\consultantcr\SOW20240531PD-4","300000007914043","LOADED","3","3 document(s) uploaded to ContractId 300000007914043."
"SOW20240531PK","\\phsabc\root\HSSBC\SupplyChainAutomation\ConsultantContract\consultantcr\SOW20240531PK","300000007912329","LOADED","9","9 document(s) uploaded to ContractId 300000007912329."
"SOW20240603CS","\\phsabc\root\HSSBC\SupplyChainAutomation\ConsultantContract\consultantcr\SOW20240603CS","300000007912370","LOADED","6","6 document(s) uploaded to ContractId 300000007912370."
"SOW20240606SR-1","\\phsabc\root\HSSBC\SupplyChainAutomation\ConsultantContract\consultantcr\SOW20240606SR-1","","CONTRACT NOT FOUND","0","Contract number does not exist in Oracle Fusion."
"SOW20240606SS-VBA-BH","\\phsabc\root\HSSBC\SupplyChainAutomation\ConsultantContract\consultantcr\SOW20240606SS-VBA-BH","300000007913203","LOADED","3","3 document(s) uploaded to ContractId 300000007913203."
"SOW20240606SS-VBA-RCH","\\phsabc\root\HSSBC\SupplyChainAutomation\ConsultantContract\consultantcr\SOW20240606SS-VBA-RCH","300000007913407","LOADED","1","1 document(s) uploaded to ContractId 300000007913407."
"SOW20240607MB1","\\phsabc\root\HSSBC\SupplyChainAutomation\ConsultantContract\consultantcr\SOW20240607MB1","300000007912394","LOADED","12","12 document(s) uploaded to ContractId 300000007912394."
"SOW20240607SS-MSA-TDS-Procom-CH-01-ITPM-BH","\\phsabc\root\HSSBC\SupplyChainAutomation\ConsultantContract\consultantcr\SOW20240607SS-MSA-TDS-Procom-CH-01-ITPM-BH","300000007913757","LOADED","3","3 document(s) uploaded to ContractId 300000007913757."
"SOW20240610GG","\\phsabc\root\HSSBC\SupplyChainAutomation\ConsultantContract\consultantcr\SOW20240610GG","300000007913346","LOADED","9","9 document(s) uploaded to ContractId 300000007913346."
"SOW20240610ML","\\phsabc\root\HSSBC\SupplyChainAutomation\ConsultantContract\consultantcr\SOW20240610ML","300000007914084","LOADED","6","6 document(s) uploaded to ContractId 300000007914084."
"SOW20240611MB-CH-CGI-03","\\phsabc\root\HSSBC\SupplyChainAutomation\ConsultantContract\consultantcr\SOW20240611MB-CH-CGI-03","","CONTRACT NOT FOUND","0","Contract number does not exist in Oracle Fusion."
"SOW20240611MB CH CGI-03","\\phsabc\root\HSSBC\SupplyChainAutomation\ConsultantContract\consultantcr\SOW20240611MB CH CGI-03","","CONTRACT NOT FOUND","0","Contract number does not exist in Oracle Fusion."
"SOW20240611MB-CH-TEEMA-02","\\phsabc\root\HSSBC\SupplyChainAutomation\ConsultantContract\consultantcr\SOW20240611MB-CH-TEEMA-02","","CONTRACT NOT FOUND","0","Contract number does not exist in Oracle Fusion."
"SOW20240611MB-CH-TEEMA-03","\\phsabc\root\HSSBC\SupplyChainAutomation\ConsultantContract\consultantcr\SOW20240611MB-CH-TEEMA-03","","CONTRACT NOT FOUND","0","Contract number does not exist in Oracle Fusion."
"SOW20240617SS-BAIWS-RCH","\\phsabc\root\HSSBC\SupplyChainAutomation\ConsultantContract\consultantcr\SOW20240617SS-BAIWS-RCH","300000007914151","LOADED","11","11 document(s) uploaded to ContractId 300000007914151."
"SOW20240617TC","\\phsabc\root\HSSBC\SupplyChainAutomation\ConsultantContract\consultantcr\SOW20240617TC","","CONTRACT NOT FOUND","0","Contract number does not exist in Oracle Fusion."
"SOW20240617TDT","\\phsabc\root\HSSBC\SupplyChainAutomation\ConsultantContract\consultantcr\SOW20240617TDT","300000007913314","LOADED","6","6 document(s) uploaded to ContractId 300000007913314."
"SOW20240618DM","\\phsabc\root\HSSBC\SupplyChainAutomation\ConsultantContract\consultantcr\SOW20240618DM","300000007913422","LOADED","6","6 document(s) uploaded to ContractId 300000007913422."
"SOW20240619MB1","\\phsabc\root\HSSBC\SupplyChainAutomation\ConsultantContract\consultantcr\SOW20240619MB1","","CONTRACT NOT FOUND","0","Contract number does not exist in Oracle Fusion."
"SOW20240619MB-1-AMD4","\\phsabc\root\HSSBC\SupplyChainAutomation\ConsultantContract\consultantcr\SOW20240619MB-1-AMD4","","CONTRACT NOT FOUND","0","Contract number does not exist in Oracle Fusion."
"SOW20240624BCR","\\phsabc\root\HSSBC\SupplyChainAutomation\ConsultantContract\consultantcr\SOW20240624BCR","300000007913376","LOADED","6","6 document(s) uploaded to ContractId 300000007913376."
"SOW20240624SS-HADS-MSA-Affinity-CH-01-IMDL-BH","\\phsabc\root\HSSBC\SupplyChainAutomation\ConsultantContract\consultantcr\SOW20240624SS-HADS-MSA-Affinity-CH-01-IMDL-BH","300000007914258","LOADED","3","3 document(s) uploaded to ContractId 300000007914258."
"SOW20240624SS-HADS-MSA-Affinity-CH-02-BANCI-RCH","\\phsabc\root\HSSBC\SupplyChainAutomation\ConsultantContract\consultantcr\SOW20240624SS-HADS-MSA-Affinity-CH-02-BANCI-RCH","300000007912752","LOADED","3","3 document(s) uploaded to ContractId 300000007912752."
"SOW20240624SS-HADS-MSA-Affinity-CH-03-BANCI-BH","\\phsabc\root\HSSBC\SupplyChainAutomation\ConsultantContract\consultantcr\SOW20240624SS-HADS-MSA-Affinity-CH-03-BANCI-BH","300000007913749","LOADED","3","3 document(s) uploaded to ContractId 300000007913749."
"SOW20240624SS-HADS-MSA-Affinity-CH-04-PMEUDP3-RCH","\\phsabc\root\HSSBC\SupplyChainAutomation\ConsultantContract\consultantcr\SOW20240624SS-HADS-MSA-Affinity-CH-04-PMEUDP3-RCH","300000007912818","LOADED","3","3 document(s) uploaded to ContractId 300000007912818."
"SOW20240624SS-HADS-MSA-Affinity-CH-05-PMEUDP2-RCH","\\phsabc\root\HSSBC\SupplyChainAutomation\ConsultantContract\consultantcr\SOW20240624SS-HADS-MSA-Affinity-CH-05-PMEUDP2-RCH","300000007914567","LOADED","3","3 document(s) uploaded to ContractId 300000007914567."
"SOW20240624SS-HADS-MSA-Affinity-CH-06-PMEUD-ST2","\\phsabc\root\HSSBC\SupplyChainAutomation\ConsultantContract\consultantcr\SOW20240624SS-HADS-MSA-Affinity-CH-06-PMEUD-ST2","300000007912842","LOADED","3","3 document(s) uploaded to ContractId 300000007912842."
"SOW20240624SS-HADS-MSA-PROCOM-CH-01-SSVBA-RCH","\\phsabc\root\HSSBC\SupplyChainAutomation\ConsultantContract\consultantcr\SOW20240624SS-HADS-MSA-PROCOM-CH-01-SSVBA-RCH","300000007913926","LOADED","4","4 document(s) uploaded to ContractId 300000007913926."
"SOW20240624SS-HADS-MSA-Procom-CH02-PM-EUD-NSH","\\phsabc\root\HSSBC\SupplyChainAutomation\ConsultantContract\consultantcr\SOW20240624SS-HADS-MSA-Procom-CH02-PM-EUD-NSH","300000007915027","LOADED","3","3 document(s) uploaded to ContractId 300000007915027."
"SOW20240624SS-HADS-MSA-Procom-CH03ITDM-NSH","\\phsabc\root\HSSBC\SupplyChainAutomation\ConsultantContract\consultantcr\SOW20240624SS-HADS-MSA-Procom-CH03ITDM-NSH","","CONTRACT NOT FOUND","0","Contract number does not exist in Oracle Fusion."
"SOW20240624SS-HADS-MSA-SI System-CH-01-PCEM-RCH","\\phsabc\root\HSSBC\SupplyChainAutomation\ConsultantContract\consultantcr\SOW20240624SS-HADS-MSA-SI System-CH-01-PCEM-RCH","","CONTRACT NOT FOUND","0","Contract number does not exist in Oracle Fusion."
"SOW20240624SS-HADS-MSA-SISystems-CH-01-PCEM-RCH","\\phsabc\root\HSSBC\SupplyChainAutomation\ConsultantContract\consultantcr\SOW20240624SS-HADS-MSA-SISystems-CH-01-PCEM-RCH","","CONTRACT NOT FOUND","0","Contract number does not exist in Oracle Fusion."
"SOW20240624SS-HADS-MSA-SiSystems-CH-02-PMEUD-RCH","\\phsabc\root\HSSBC\SupplyChainAutomation\ConsultantContract\consultantcr\SOW20240624SS-HADS-MSA-SiSystems-CH-02-PMEUD-RCH","","CONTRACT NOT FOUND","0","Contract number does not exist in Oracle Fusion."
"SOW20240624SS-HADS-MSA-Teema-CH-01-PMCath-RCH","\\phsabc\root\HSSBC\SupplyChainAutomation\ConsultantContract\consultantcr\SOW20240624SS-HADS-MSA-Teema-CH-01-PMCath-RCH","300000007914304","LOADED","6","6 document(s) uploaded to ContractId 300000007914304."
"SOW20240625FS","\\phsabc\root\HSSBC\SupplyChainAutomation\ConsultantContract\consultantcr\SOW20240625FS","300000007913392","LOADED","3","3 document(s) uploaded to ContractId 300000007913392."
"SOW20240702DA","\\phsabc\root\HSSBC\SupplyChainAutomation\ConsultantContract\consultantcr\SOW20240702DA","300000007913384","LOADED","9","9 document(s) uploaded to ContractId 300000007913384."
"SOW20240702MA","\\phsabc\root\HSSBC\SupplyChainAutomation\ConsultantContract\consultantcr\SOW20240702MA","300000007914114","LOADED","6","6 document(s) uploaded to ContractId 300000007914114."
"SOW20240704ML","\\phsabc\root\HSSBC\SupplyChainAutomation\ConsultantContract\consultantcr\SOW20240704ML","","CONTRACT NOT FOUND","0","Contract number does not exist in Oracle Fusion."
"SOW20240704SS-PPSI-BH","\\phsabc\root\HSSBC\SupplyChainAutomation\ConsultantContract\consultantcr\SOW20240704SS-PPSI-BH","300000007914092","LOADED","6","6 document(s) uploaded to ContractId 300000007914092."
"SOW20240704SS-PPSI-NSH","\\phsabc\root\HSSBC\SupplyChainAutomation\ConsultantContract\consultantcr\SOW20240704SS-PPSI-NSH","300000007913368","LOADED","6","6 document(s) uploaded to ContractId 300000007913368."
"SOW20240704SS-PPSI-RCH","\\phsabc\root\HSSBC\SupplyChainAutomation\ConsultantContract\consultantcr\SOW20240704SS-PPSI-RCH","300000007912386","LOADED","6","6 document(s) uploaded to ContractId 300000007912386."
"SOW20240710SS-SAS-BH","\\phsabc\root\HSSBC\SupplyChainAutomation\ConsultantContract\consultantcr\SOW20240710SS-SAS-BH","300000007914107","LOADED","3","3 document(s) uploaded to ContractId 300000007914107."
"SOW20240710SS-SAS-NSH","\\phsabc\root\HSSBC\SupplyChainAutomation\ConsultantContract\consultantcr\SOW20240710SS-SAS-NSH","300000007914121","LOADED","3","3 document(s) uploaded to ContractId 300000007914121."
"SOW20240710SS-SAS-RCH","\\phsabc\root\HSSBC\SupplyChainAutomation\ConsultantContract\consultantcr\SOW20240710SS-SAS-RCH","300000007914100","LOADED","3","3 document(s) uploaded to ContractId 300000007914100."
"SOW20240712KF-1","\\phsabc\root\HSSBC\SupplyChainAutomation\ConsultantContract\consultantcr\SOW20240712KF-1","","CONTRACT NOT FOUND","0","Contract number does not exist in Oracle Fusion."
"SOW20240712KF-10","\\phsabc\root\HSSBC\SupplyChainAutomation\ConsultantContract\consultantcr\SOW20240712KF-10","300000007913400","LOADED","6","6 document(s) uploaded to ContractId 300000007913400."
"SOW20240712KF-3","\\phsabc\root\HSSBC\SupplyChainAutomation\ConsultantContract\consultantcr\SOW20240712KF-3","","CONTRACT NOT FOUND","0","Contract number does not exist in Oracle Fusion."
"SOW20240712KF-7","\\phsabc\root\HSSBC\SupplyChainAutomation\ConsultantContract\consultantcr\SOW20240712KF-7","","CONTRACT NOT FOUND","0","Contract number does not exist in Oracle Fusion."
"SOW20240715MC","\\phsabc\root\HSSBC\SupplyChainAutomation\ConsultantContract\consultantcr\SOW20240715MC","","CONTRACT NOT FOUND","0","Contract number does not exist in Oracle Fusion."
"SOW20240716AK","\\phsabc\root\HSSBC\SupplyChainAutomation\ConsultantContract\consultantcr\SOW20240716AK","300000007913431","LOADED","6","6 document(s) uploaded to ContractId 300000007913431."
"SOW20240716MB1","\\phsabc\root\HSSBC\SupplyChainAutomation\ConsultantContract\consultantcr\SOW20240716MB1","","CONTRACT NOT FOUND","0","Contract number does not exist in Oracle Fusion."
"SOW20240718MB1","\\phsabc\root\HSSBC\SupplyChainAutomation\ConsultantContract\consultantcr\SOW20240718MB1","","CONTRACT NOT FOUND","0","Contract number does not exist in Oracle Fusion."
"SOW20240718SR-1","\\phsabc\root\HSSBC\SupplyChainAutomation\ConsultantContract\consultantcr\SOW20240718SR-1","100000011761091","LOADED","3","3 document(s) uploaded to ContractId 100000011761091."
"SOW20240719KF","\\phsabc\root\HSSBC\SupplyChainAutomation\ConsultantContract\consultantcr\SOW20240719KF","300000007914128","LOADED","6","6 document(s) uploaded to ContractId 300000007914128."
"SOW20240719KF-1","\\phsabc\root\HSSBC\SupplyChainAutomation\ConsultantContract\consultantcr\SOW20240719KF-1","","CONTRACT NOT FOUND","0","Contract number does not exist in Oracle Fusion."
"SOW20240719RK","\\phsabc\root\HSSBC\SupplyChainAutomation\ConsultantContract\consultantcr\SOW20240719RK","300000007914137","LOADED","16","16 document(s) uploaded to ContractId 300000007914137."
"SOW20240722AA","\\phsabc\root\HSSBC\SupplyChainAutomation\ConsultantContract\consultantcr\SOW20240722AA","300000007913414","LOADED","6","6 document(s) uploaded to ContractId 300000007913414."
"SOW20240724SS-NWS-NSH","\\phsabc\root\HSSBC\SupplyChainAutomation\ConsultantContract\consultantcr\SOW20240724SS-NWS-NSH","300000007912426","LOADED","3","3 document(s) uploaded to ContractId 300000007912426."
"SOW20240726VK","\\phsabc\root\HSSBC\SupplyChainAutomation\ConsultantContract\consultantcr\SOW20240726VK","300000007913515","LOADED","12","12 document(s) uploaded to ContractId 300000007913515."
"SOW20240729KF","\\phsabc\root\HSSBC\SupplyChainAutomation\ConsultantContract\consultantcr\SOW20240729KF","300000007912406","LOADED","6","6 document(s) uploaded to ContractId 300000007912406."
"SOW20240729KF-AMD2","\\phsabc\root\HSSBC\SupplyChainAutomation\ConsultantContract\consultantcr\SOW20240729KF-AMD2","","CONTRACT NOT FOUND","0","Contract number does not exist in Oracle Fusion."
"SOW20240730TG","\\phsabc\root\HSSBC\SupplyChainAutomation\ConsultantContract\consultantcr\SOW20240730TG","300000007914144","LOADED","3","3 document(s) uploaded to ContractId 300000007914144."
"SOW20240731JM","\\phsabc\root\HSSBC\SupplyChainAutomation\ConsultantContract\consultantcr\SOW20240731JM","","CONTRACT NOT FOUND","0","Contract number does not exist in Oracle Fusion."
"SOW20240731JM-AMD2","\\phsabc\root\HSSBC\SupplyChainAutomation\ConsultantContract\consultantcr\SOW20240731JM-AMD2","","CONTRACT NOT FOUND","0","Contract number does not exist in Oracle Fusion."
"SOW20240801AK","\\phsabc\root\HSSBC\SupplyChainAutomation\ConsultantContract\consultantcr\SOW20240801AK","","CONTRACT NOT FOUND","0","Contract number does not exist in Oracle Fusion."
"SOW20240806PD","\\phsabc\root\HSSBC\SupplyChainAutomation\ConsultantContract\consultantcr\SOW20240806PD","300000007912475","LOADED","3","3 document(s) uploaded to ContractId 300000007912475."
"SOW20240806PD-02","\\phsabc\root\HSSBC\SupplyChainAutomation\ConsultantContract\consultantcr\SOW20240806PD-02","300000007911900","LOADED","11","11 document(s) uploaded to ContractId 300000007911900."
"SOW20240808SS-TLUCC-BH","\\phsabc\root\HSSBC\SupplyChainAutomation\ConsultantContract\consultantcr\SOW20240808SS-TLUCC-BH","300000007913529","LOADED","6","6 document(s) uploaded to ContractId 300000007913529."
"SOW20240808SS-TLUCC-RCH","\\phsabc\root\HSSBC\SupplyChainAutomation\ConsultantContract\consultantcr\SOW20240808SS-TLUCC-RCH","300000007913508","LOADED","6","6 document(s) uploaded to ContractId 300000007913508."
"SOW20240809PD","\\phsabc\root\HSSBC\SupplyChainAutomation\ConsultantContract\consultantcr\SOW20240809PD","300000007911907","LOADED","6","6 document(s) uploaded to ContractId 300000007911907."
"SOW20240816RS","\\phsabc\root\HSSBC\SupplyChainAutomation\ConsultantContract\consultantcr\SOW20240816RS","","CONTRACT NOT FOUND","0","Contract number does not exist in Oracle Fusion."
"SOW20240822DB-1","\\phsabc\root\HSSBC\SupplyChainAutomation\ConsultantContract\consultantcr\SOW20240822DB-1","300000007914158","LOADED","6","6 document(s) uploaded to ContractId 300000007914158."
"SOW20240822DB-2","\\phsabc\root\HSSBC\SupplyChainAutomation\ConsultantContract\consultantcr\SOW20240822DB-2","300000007912418","LOADED","6","6 document(s) uploaded to ContractId 300000007912418."
"SOW20240823DG","\\phsabc\root\HSSBC\SupplyChainAutomation\ConsultantContract\consultantcr\SOW20240823DG","300000007912483","LOADED","8","8 document(s) uploaded to ContractId 300000007912483."
"SOW20240823JM","\\phsabc\root\HSSBC\SupplyChainAutomation\ConsultantContract\consultantcr\SOW20240823JM","300000007914173","LOADED","5","5 document(s) uploaded to ContractId 300000007914173."
"SOW20240823JM-1","\\phsabc\root\HSSBC\SupplyChainAutomation\ConsultantContract\consultantcr\SOW20240823JM-1","300000007913439","LOADED","9","9 document(s) uploaded to ContractId 300000007913439."
"SOW20240823PK","\\phsabc\root\HSSBC\SupplyChainAutomation\ConsultantContract\consultantcr\SOW20240823PK","300000007914182","LOADED","6","6 document(s) uploaded to ContractId 300000007914182."
"SOW20240825SCH","\\phsabc\root\HSSBC\SupplyChainAutomation\ConsultantContract\consultantcr\SOW20240825SCH","300000007914165","LOADED","6","6 document(s) uploaded to ContractId 300000007914165."
"SOW20240826JM","\\phsabc\root\HSSBC\SupplyChainAutomation\ConsultantContract\consultantcr\SOW20240826JM","300000007912434","LOADED","6","6 document(s) uploaded to ContractId 300000007912434."
"SOW20240827DG","\\phsabc\root\HSSBC\SupplyChainAutomation\ConsultantContract\consultantcr\SOW20240827DG","","CONTRACT NOT FOUND","0","Contract number does not exist in Oracle Fusion."
"SOW20240827JM","\\phsabc\root\HSSBC\SupplyChainAutomation\ConsultantContract\consultantcr\SOW20240827JM","300000007913446","LOADED","6","6 document(s) uploaded to ContractId 300000007913446."
"SOW20240904PK","\\phsabc\root\HSSBC\SupplyChainAutomation\ConsultantContract\consultantcr\SOW20240904PK","300000007912442","LOADED","6","6 document(s) uploaded to ContractId 300000007912442."
"SOW20240909SF","\\phsabc\root\HSSBC\SupplyChainAutomation\ConsultantContract\consultantcr\SOW20240909SF","","CONTRACT NOT FOUND","0","Contract number does not exist in Oracle Fusion."
"SOW20240911MD","\\phsabc\root\HSSBC\SupplyChainAutomation\ConsultantContract\consultantcr\SOW20240911MD","300000007911932","LOADED","11","11 document(s) uploaded to ContractId 300000007911932."
"SOW20240912KS","\\phsabc\root\HSSBC\SupplyChainAutomation\ConsultantContract\consultantcr\SOW20240912KS","","CONTRACT NOT FOUND","0","Contract number does not exist in Oracle Fusion."
"SOW20240913AS","\\phsabc\root\HSSBC\SupplyChainAutomation\ConsultantContract\consultantcr\SOW20240913AS","","CONTRACT NOT FOUND","0","Contract number does not exist in Oracle Fusion."
"SOW20240916TRSC","\\phsabc\root\HSSBC\SupplyChainAutomation\ConsultantContract\consultantcr\SOW20240916TRSC","","CONTRACT NOT FOUND","0","Contract number does not exist in Oracle Fusion."
"SOW20240917BP","\\phsabc\root\HSSBC\SupplyChainAutomation\ConsultantContract\consultantcr\SOW20240917BP","300000007913454","LOADED","6","6 document(s) uploaded to ContractId 300000007913454."
"SOW20240918IXM","\\phsabc\root\HSSBC\SupplyChainAutomation\ConsultantContract\consultantcr\SOW20240918IXM","","CONTRACT NOT FOUND","0","Contract number does not exist in Oracle Fusion."
"SOW20240919DG","\\phsabc\root\HSSBC\SupplyChainAutomation\ConsultantContract\consultantcr\SOW20240919DG","","CONTRACT NOT FOUND","0","Contract number does not exist in Oracle Fusion."
"SOW20240919SS-IMDL-1","\\phsabc\root\HSSBC\SupplyChainAutomation\ConsultantContract\consultantcr\SOW20240919SS-IMDL-1","300000007912499","LOADED","3","3 document(s) uploaded to ContractId 300000007912499."
"SOW20240919SS-IMDL-2","\\phsabc\root\HSSBC\SupplyChainAutomation\ConsultantContract\consultantcr\SOW20240919SS-IMDL-2","300000007914242","LOADED","6","6 document(s) uploaded to ContractId 300000007914242."
"SOW20240920CS","\\phsabc\root\HSSBC\SupplyChainAutomation\ConsultantContract\consultantcr\SOW20240920CS","300000007914190","LOADED","15","15 document(s) uploaded to ContractId 300000007914190."
"SOW20240920CS-1","\\phsabc\root\HSSBC\SupplyChainAutomation\ConsultantContract\consultantcr\SOW20240920CS-1","300000007912457","LOADED","21","21 document(s) uploaded to ContractId 300000007912457."
"SOW20240920CS-11","\\phsabc\root\HSSBC\SupplyChainAutomation\ConsultantContract\consultantcr\SOW20240920CS-11","","CONTRACT NOT FOUND","0","Contract number does not exist in Oracle Fusion."
"SOW20240920CS-14","\\phsabc\root\HSSBC\SupplyChainAutomation\ConsultantContract\consultantcr\SOW20240920CS-14","300000007913462","LOADED","12","12 document(s) uploaded to ContractId 300000007913462."
"SOW20240920CS-16","\\phsabc\root\HSSBC\SupplyChainAutomation\ConsultantContract\consultantcr\SOW20240920CS-16","","CONTRACT NOT FOUND","0","Contract number does not exist in Oracle Fusion."
"SOW20240920CS-3","\\phsabc\root\HSSBC\SupplyChainAutomation\ConsultantContract\consultantcr\SOW20240920CS-3","300000007913477","LOADED","12","12 document(s) uploaded to ContractId 300000007913477."
"SOW20240920CS-6","\\phsabc\root\HSSBC\SupplyChainAutomation\ConsultantContract\consultantcr\SOW20240920CS-6","300000007913470","LOADED","14","14 document(s) uploaded to ContractId 300000007913470."
"SOW20240920CS-8","\\phsabc\root\HSSBC\SupplyChainAutomation\ConsultantContract\consultantcr\SOW20240920CS-8","","CONTRACT NOT FOUND","0","Contract number does not exist in Oracle Fusion."
"SOW20240920SR","\\phsabc\root\HSSBC\SupplyChainAutomation\ConsultantContract\consultantcr\SOW20240920SR","300000007914199","LOADED","12","12 document(s) uploaded to ContractId 300000007914199."
"SOW20240920SR-1","\\phsabc\root\HSSBC\SupplyChainAutomation\ConsultantContract\consultantcr\SOW20240920SR-1","","CONTRACT NOT FOUND","0","Contract number does not exist in Oracle Fusion."
"SOW20240923BP","\\phsabc\root\HSSBC\SupplyChainAutomation\ConsultantContract\consultantcr\SOW20240923BP","300000007914214","LOADED","6","6 document(s) uploaded to ContractId 300000007914214."
"SOW20240923BP-1","\\phsabc\root\HSSBC\SupplyChainAutomation\ConsultantContract\consultantcr\SOW20240923BP-1","300000007913501","LOADED","6","6 document(s) uploaded to ContractId 300000007913501."
"SOW20240923GG-1","\\phsabc\root\HSSBC\SupplyChainAutomation\ConsultantContract\consultantcr\SOW20240923GG-1","300000007912467","LOADED","6","6 document(s) uploaded to ContractId 300000007912467."
"SOW20240923IJ-1","\\phsabc\root\HSSBC\SupplyChainAutomation\ConsultantContract\consultantcr\SOW20240923IJ-1","300000007913494","LOADED","7","7 document(s) uploaded to ContractId 300000007913494."
"SOW20240923JM","\\phsabc\root\HSSBC\SupplyChainAutomation\ConsultantContract\consultantcr\SOW20240923JM","300000007912491","LOADED","6","6 document(s) uploaded to ContractId 300000007912491."
"SOW20240923KS","\\phsabc\root\HSSBC\SupplyChainAutomation\ConsultantContract\consultantcr\SOW20240923KS","","CONTRACT NOT FOUND","0","Contract number does not exist in Oracle Fusion."
"SOW20240923RL","\\phsabc\root\HSSBC\SupplyChainAutomation\ConsultantContract\consultantcr\SOW20240923RL","300000007914221","LOADED","6","6 document(s) uploaded to ContractId 300000007914221."
"SOW20240923SV","\\phsabc\root\HSSBC\SupplyChainAutomation\ConsultantContract\consultantcr\SOW20240923SV","300000007912450","LOADED","12","12 document(s) uploaded to ContractId 300000007912450."
"SOW20240926CS","\\phsabc\root\HSSBC\SupplyChainAutomation\ConsultantContract\consultantcr\SOW20240926CS","300000007914206","LOADED","12","12 document(s) uploaded to ContractId 300000007914206."
"SOW20241001GG","\\phsabc\root\HSSBC\SupplyChainAutomation\ConsultantContract\consultantcr\SOW20241001GG","300000007913485","LOADED","6","6 document(s) uploaded to ContractId 300000007913485."
"SOW20241001LBCO","\\phsabc\root\HSSBC\SupplyChainAutomation\ConsultantContract\consultantcr\SOW20241001LBCO","","CONTRACT NOT FOUND","0","Contract number does not exist in Oracle Fusion."
"SOW20241002EY-1","\\phsabc\root\HSSBC\SupplyChainAutomation\ConsultantContract\consultantcr\SOW20241002EY-1","300000007914234","LOADED","6","6 document(s) uploaded to ContractId 300000007914234."
"SOW20241003JP","\\phsabc\root\HSSBC\SupplyChainAutomation\ConsultantContract\consultantcr\SOW20241003JP","300000007912513","LOADED","6","6 document(s) uploaded to ContractId 300000007912513."
"SOW20241004PP","\\phsabc\root\HSSBC\SupplyChainAutomation\ConsultantContract\consultantcr\SOW20241004PP","","CONTRACT NOT FOUND","0","Contract number does not exist in Oracle Fusion."
"SOW20241006eil","\\phsabc\root\HSSBC\SupplyChainAutomation\ConsultantContract\consultantcr\SOW20241006eil","","CONTRACT NOT FOUND","0","Contract number does not exist in Oracle Fusion."
"SOW20241016OD","\\phsabc\root\HSSBC\SupplyChainAutomation\ConsultantContract\consultantcr\SOW20241016OD","300000007913522","LOADED","12","12 document(s) uploaded to ContractId 300000007913522."
"SOW20241022SF","\\phsabc\root\HSSBC\SupplyChainAutomation\ConsultantContract\consultantcr\SOW20241022SF","300000007913537","LOADED","6","6 document(s) uploaded to ContractId 300000007913537."
"SOW20241025MB2","\\phsabc\root\HSSBC\SupplyChainAutomation\ConsultantContract\consultantcr\SOW20241025MB2","","CONTRACT NOT FOUND","0","Contract number does not exist in Oracle Fusion."
"SOW20241031DA","\\phsabc\root\HSSBC\SupplyChainAutomation\ConsultantContract\consultantcr\SOW20241031DA","300000007913546","LOADED","6","6 document(s) uploaded to ContractId 300000007913546."
"SOW20241031MC","\\phsabc\root\HSSBC\SupplyChainAutomation\ConsultantContract\consultantcr\SOW20241031MC","300000007912506","LOADED","12","12 document(s) uploaded to ContractId 300000007912506."
"SOW20241101CJ","\\phsabc\root\HSSBC\SupplyChainAutomation\ConsultantContract\consultantcr\SOW20241101CJ","","CONTRACT NOT FOUND","0","Contract number does not exist in Oracle Fusion."
"SOW20241105","\\phsabc\root\HSSBC\SupplyChainAutomation\ConsultantContract\consultantcr\SOW20241105","","CONTRACT NOT FOUND","0","Contract number does not exist in Oracle Fusion."
"SOW20241108JR","\\phsabc\root\HSSBC\SupplyChainAutomation\ConsultantContract\consultantcr\SOW20241108JR","","CONTRACT NOT FOUND","0","Contract number does not exist in Oracle Fusion."
"SOW20241108MB","\\phsabc\root\HSSBC\SupplyChainAutomation\ConsultantContract\consultantcr\SOW20241108MB","300000007914370","LOADED","9","9 document(s) uploaded to ContractId 300000007914370."
"SOW20241108SS-SDEV-RCH","\\phsabc\root\HSSBC\SupplyChainAutomation\ConsultantContract\consultantcr\SOW20241108SS-SDEV-RCH","300000007914280","LOADED","6","6 document(s) uploaded to ContractId 300000007914280."
"SOW20241113MW","\\phsabc\root\HSSBC\SupplyChainAutomation\ConsultantContract\consultantcr\SOW20241113MW","300000007912565","LOADED","6","6 document(s) uploaded to ContractId 300000007912565."
"SOW20241115BP","\\phsabc\root\HSSBC\SupplyChainAutomation\ConsultantContract\consultantcr\SOW20241115BP","300000007914251","LOADED","6","6 document(s) uploaded to ContractId 300000007914251."
"SOW20241115CDG","\\phsabc\root\HSSBC\SupplyChainAutomation\ConsultantContract\consultantcr\SOW20241115CDG","300000007914297","LOADED","6","6 document(s) uploaded to ContractId 300000007914297."
"SOW20241115JM","\\phsabc\root\HSSBC\SupplyChainAutomation\ConsultantContract\consultantcr\SOW20241115JM","300000007914265","LOADED","6","6 document(s) uploaded to ContractId 300000007914265."
"SOW20241115JM-AMD2","\\phsabc\root\HSSBC\SupplyChainAutomation\ConsultantContract\consultantcr\SOW20241115JM-AMD2","","CONTRACT NOT FOUND","0","Contract number does not exist in Oracle Fusion."
"SOW20241115MC","\\phsabc\root\HSSBC\SupplyChainAutomation\ConsultantContract\consultantcr\SOW20241115MC","300000007912533","LOADED","9","9 document(s) uploaded to ContractId 300000007912533."
"SOW20241115PK","\\phsabc\root\HSSBC\SupplyChainAutomation\ConsultantContract\consultantcr\SOW20241115PK","300000007913555","LOADED","6","6 document(s) uploaded to ContractId 300000007913555."
"SOW20241115RL-1","\\phsabc\root\HSSBC\SupplyChainAutomation\ConsultantContract\consultantcr\SOW20241115RL-1","300000007914273","LOADED","6","6 document(s) uploaded to ContractId 300000007914273."
"SOW20241115SS-EUD-BH","\\phsabc\root\HSSBC\SupplyChainAutomation\ConsultantContract\consultantcr\SOW20241115SS-EUD-BH","300000007914287","LOADED","6","6 document(s) uploaded to ContractId 300000007914287."
"SOW20241115SS-EUD-RCH","\\phsabc\root\HSSBC\SupplyChainAutomation\ConsultantContract\consultantcr\SOW20241115SS-EUD-RCH","300000007912524","LOADED","6","6 document(s) uploaded to ContractId 300000007912524."
"SOW20241115SS-EUD-ST2","\\phsabc\root\HSSBC\SupplyChainAutomation\ConsultantContract\consultantcr\SOW20241115SS-EUD-ST2","300000007913562","LOADED","6","6 document(s) uploaded to ContractId 300000007913562."
"SOW20241118DO","\\phsabc\root\HSSBC\SupplyChainAutomation\ConsultantContract\consultantcr\SOW20241118DO","","CONTRACT NOT FOUND","0","Contract number does not exist in Oracle Fusion."
"SOW20241119SR","\\phsabc\root\HSSBC\SupplyChainAutomation\ConsultantContract\consultantcr\SOW20241119SR","300000007912540","LOADED","12","12 document(s) uploaded to ContractId 300000007912540."
"SOW20241122BB","\\phsabc\root\HSSBC\SupplyChainAutomation\ConsultantContract\consultantcr\SOW20241122BB","300000007914318","LOADED","6","6 document(s) uploaded to ContractId 300000007914318."
"SOW20241122BB-AMD2","\\phsabc\root\HSSBC\SupplyChainAutomation\ConsultantContract\consultantcr\SOW20241122BB-AMD2","","CONTRACT NOT FOUND","0","Contract number does not exist in Oracle Fusion."
"SOW20241122MB1","\\phsabc\root\HSSBC\SupplyChainAutomation\ConsultantContract\consultantcr\SOW20241122MB1","300000007913593","LOADED","6","6 document(s) uploaded to ContractId 300000007913593."
"SOW20241122MB3","\\phsabc\root\HSSBC\SupplyChainAutomation\ConsultantContract\consultantcr\SOW20241122MB3","","CONTRACT NOT FOUND","0","Contract number does not exist in Oracle Fusion."
"SOW20241122MB4","\\phsabc\root\HSSBC\SupplyChainAutomation\ConsultantContract\consultantcr\SOW20241122MB4","","CONTRACT NOT FOUND","0","Contract number does not exist in Oracle Fusion."
"SOW20241122MB5","\\phsabc\root\HSSBC\SupplyChainAutomation\ConsultantContract\consultantcr\SOW20241122MB5","300000007912548","LOADED","6","6 document(s) uploaded to ContractId 300000007912548."
"SOW20241122MB6","\\phsabc\root\HSSBC\SupplyChainAutomation\ConsultantContract\consultantcr\SOW20241122MB6","300000007912558","LOADED","6","6 document(s) uploaded to ContractId 300000007912558."
"SOW20241126CP","\\phsabc\root\HSSBC\SupplyChainAutomation\ConsultantContract\consultantcr\SOW20241126CP","300000007914311","LOADED","9","9 document(s) uploaded to ContractId 300000007914311."
"SOW20241126SV","\\phsabc\root\HSSBC\SupplyChainAutomation\ConsultantContract\consultantcr\SOW20241126SV","300000007911948","LOADED","6","6 document(s) uploaded to ContractId 300000007911948."
"SOW20241127MS","\\phsabc\root\HSSBC\SupplyChainAutomation\ConsultantContract\consultantcr\SOW20241127MS","","CONTRACT NOT FOUND","0","Contract number does not exist in Oracle Fusion."
"SOW202411RL","\\phsabc\root\HSSBC\SupplyChainAutomation\ConsultantContract\consultantcr\SOW202411RL","300000007913569","LOADED","5","5 document(s) uploaded to ContractId 300000007913569."
"SOW20241202MP","\\phsabc\root\HSSBC\SupplyChainAutomation\ConsultantContract\consultantcr\SOW20241202MP","300000007913578","LOADED","6","6 document(s) uploaded to ContractId 300000007913578."
"SOW20241202SF","\\phsabc\root\HSSBC\SupplyChainAutomation\ConsultantContract\consultantcr\SOW20241202SF","300000007913601","LOADED","6","6 document(s) uploaded to ContractId 300000007913601."
"SOW20241204MB1","\\phsabc\root\HSSBC\SupplyChainAutomation\ConsultantContract\consultantcr\SOW20241204MB1","","CONTRACT NOT FOUND","0","Contract number does not exist in Oracle Fusion."
"SOW20241205BC-GAB","\\phsabc\root\HSSBC\SupplyChainAutomation\ConsultantContract\consultantcr\SOW20241205BC-GAB","","CONTRACT NOT FOUND","0","Contract number does not exist in Oracle Fusion."
"SOW20241205SC","\\phsabc\root\HSSBC\SupplyChainAutomation\ConsultantContract\consultantcr\SOW20241205SC","300000007913627","LOADED","6","6 document(s) uploaded to ContractId 300000007913627."
"SOW20241205SC-1","\\phsabc\root\HSSBC\SupplyChainAutomation\ConsultantContract\consultantcr\SOW20241205SC-1","300000007914355","LOADED","6","6 document(s) uploaded to ContractId 300000007914355."
"SOW20241205SC-1-AMD2","\\phsabc\root\HSSBC\SupplyChainAutomation\ConsultantContract\consultantcr\SOW20241205SC-1-AMD2","","CONTRACT NOT FOUND","0","Contract number does not exist in Oracle Fusion."
"SOW20241205SC-AMD1","\\phsabc\root\HSSBC\SupplyChainAutomation\ConsultantContract\consultantcr\SOW20241205SC-AMD1","","CONTRACT NOT FOUND","0","Contract number does not exist in Oracle Fusion."
"SOW20241205SC-AMD2","\\phsabc\root\HSSBC\SupplyChainAutomation\ConsultantContract\consultantcr\SOW20241205SC-AMD2","","CONTRACT NOT FOUND","0","Contract number does not exist in Oracle Fusion."
"SOW20241210JK","\\phsabc\root\HSSBC\SupplyChainAutomation\ConsultantContract\consultantcr\SOW20241210JK","","CONTRACT NOT FOUND","0","Contract number does not exist in Oracle Fusion."
"SOW20241211SB","\\phsabc\root\HSSBC\SupplyChainAutomation\ConsultantContract\consultantcr\SOW20241211SB","300000007912738","LOADED","7","7 document(s) uploaded to ContractId 300000007912738."
"SOW20241212ME","\\phsabc\root\HSSBC\SupplyChainAutomation\ConsultantContract\consultantcr\SOW20241212ME","","CONTRACT NOT FOUND","0","Contract number does not exist in Oracle Fusion."
"SOW20241212PD","\\phsabc\root\HSSBC\SupplyChainAutomation\ConsultantContract\consultantcr\SOW20241212PD","300000007912630","LOADED","6","6 document(s) uploaded to ContractId 300000007912630."
"SOW20241216MB1","\\phsabc\root\HSSBC\SupplyChainAutomation\ConsultantContract\consultantcr\SOW20241216MB1","","CONTRACT NOT FOUND","0","Contract number does not exist in Oracle Fusion."
"SOW20241220CS-10","\\phsabc\root\HSSBC\SupplyChainAutomation\ConsultantContract\consultantcr\SOW20241220CS-10","","CONTRACT NOT FOUND","0","Contract number does not exist in Oracle Fusion."
"SOW20241220CS-11","\\phsabc\root\HSSBC\SupplyChainAutomation\ConsultantContract\consultantcr\SOW20241220CS-11","","CONTRACT NOT FOUND","0","Contract number does not exist in Oracle Fusion."
"SOW20241220CS-12","\\phsabc\root\HSSBC\SupplyChainAutomation\ConsultantContract\consultantcr\SOW20241220CS-12","300000007913611","LOADED","10","10 document(s) uploaded to ContractId 300000007913611."
"SOW20241220CS-14","\\phsabc\root\HSSBC\SupplyChainAutomation\ConsultantContract\consultantcr\SOW20241220CS-14","","CONTRACT NOT FOUND","0","Contract number does not exist in Oracle Fusion."
"SOW20241220CS-15","\\phsabc\root\HSSBC\SupplyChainAutomation\ConsultantContract\consultantcr\SOW20241220CS-15","","CONTRACT NOT FOUND","0","Contract number does not exist in Oracle Fusion."
"SOW20241220CS-2","\\phsabc\root\HSSBC\SupplyChainAutomation\ConsultantContract\consultantcr\SOW20241220CS-2","300000007913620","LOADED","9","9 document(s) uploaded to ContractId 300000007913620."
"SOW20241220CS-3","\\phsabc\root\HSSBC\SupplyChainAutomation\ConsultantContract\consultantcr\SOW20241220CS-3","","CONTRACT NOT FOUND","0","Contract number does not exist in Oracle Fusion."
"SOW20241220CS-4","\\phsabc\root\HSSBC\SupplyChainAutomation\ConsultantContract\consultantcr\SOW20241220CS-4","","CONTRACT NOT FOUND","0","Contract number does not exist in Oracle Fusion."
"SOW20241220CS-8","\\phsabc\root\HSSBC\SupplyChainAutomation\ConsultantContract\consultantcr\SOW20241220CS-8","","CONTRACT NOT FOUND","0","Contract number does not exist in Oracle Fusion."
"SOW20241220CS-9","\\phsabc\root\HSSBC\SupplyChainAutomation\ConsultantContract\consultantcr\SOW20241220CS-9","","CONTRACT NOT FOUND","0","Contract number does not exist in Oracle Fusion."
"SOW20241223","\\phsabc\root\HSSBC\SupplyChainAutomation\ConsultantContract\consultantcr\SOW20241223","","CONTRACT NOT FOUND","0","Contract number does not exist in Oracle Fusion."
"SOW20241223SV","\\phsabc\root\HSSBC\SupplyChainAutomation\ConsultantContract\consultantcr\SOW20241223SV","300000007914326","LOADED","3","3 document(s) uploaded to ContractId 300000007914326."
"SOW20241224DY-CH-Affinity-01","\\phsabc\root\HSSBC\SupplyChainAutomation\ConsultantContract\consultantcr\SOW20241224DY-CH-Affinity-01","","CONTRACT NOT FOUND","0","Contract number does not exist in Oracle Fusion."
"SOW20241224DY-CH-ITIQ-01","\\phsabc\root\HSSBC\SupplyChainAutomation\ConsultantContract\consultantcr\SOW20241224DY-CH-ITIQ-01","","CONTRACT NOT FOUND","0","Contract number does not exist in Oracle Fusion."
"SOW20241224DY-CH-Stellar-01","\\phsabc\root\HSSBC\SupplyChainAutomation\ConsultantContract\consultantcr\SOW20241224DY-CH-Stellar-01","","CONTRACT NOT FOUND","0","Contract number does not exist in Oracle Fusion."
"SOW20241224DY-CH-TEEMA-01","\\phsabc\root\HSSBC\SupplyChainAutomation\ConsultantContract\consultantcr\SOW20241224DY-CH-TEEMA-01","","CONTRACT NOT FOUND","0","Contract number does not exist in Oracle Fusion."
"SOW20241224DY-CH-TEEMA-01-AMD3","\\phsabc\root\HSSBC\SupplyChainAutomation\ConsultantContract\consultantcr\SOW20241224DY-CH-TEEMA-01-AMD3","","CONTRACT NOT FOUND","0","Contract number does not exist in Oracle Fusion."
"SOW20241224DY-CH-TEKsystems-01","\\phsabc\root\HSSBC\SupplyChainAutomation\ConsultantContract\consultantcr\SOW20241224DY-CH-TEKsystems-01","","CONTRACT NOT FOUND","0","Contract number does not exist in Oracle Fusion."
"SOW20241224DY-CH-Workiy-01","\\phsabc\root\HSSBC\SupplyChainAutomation\ConsultantContract\consultantcr\SOW20241224DY-CH-Workiy-01","","CONTRACT NOT FOUND","0","Contract number does not exist in Oracle Fusion."
"SOW202500903AD","\\phsabc\root\HSSBC\SupplyChainAutomation\ConsultantContract\consultantcr\SOW202500903AD","300000007915131","LOADED","3","3 document(s) uploaded to ContractId 300000007915131."
"SOW20250101SKY","\\phsabc\root\HSSBC\SupplyChainAutomation\ConsultantContract\consultantcr\SOW20250101SKY","","CONTRACT NOT FOUND","0","Contract number does not exist in Oracle Fusion."
"SOW20250102CS","\\phsabc\root\HSSBC\SupplyChainAutomation\ConsultantContract\consultantcr\SOW20250102CS","300000007914340","LOADED","6","6 document(s) uploaded to ContractId 300000007914340."
"SOW20250102CS-1","\\phsabc\root\HSSBC\SupplyChainAutomation\ConsultantContract\consultantcr\SOW20250102CS-1","","CONTRACT NOT FOUND","0","Contract number does not exist in Oracle Fusion."
"SOW20250103CS","\\phsabc\root\HSSBC\SupplyChainAutomation\ConsultantContract\consultantcr\SOW20250103CS","300000007914333","LOADED","17","17 document(s) uploaded to ContractId 300000007914333."
"SOW20250103CS-1","\\phsabc\root\HSSBC\SupplyChainAutomation\ConsultantContract\consultantcr\SOW20250103CS-1","300000007914348","LOADED","15","15 document(s) uploaded to ContractId 300000007914348."
"SOW20250103CS-2","\\phsabc\root\HSSBC\SupplyChainAutomation\ConsultantContract\consultantcr\SOW20250103CS-2","300000007912574","LOADED","28","28 document(s) uploaded to ContractId 300000007912574."
"SOW20250107BC-DG","\\phsabc\root\HSSBC\SupplyChainAutomation\ConsultantContract\consultantcr\SOW20250107BC-DG","","CONTRACT NOT FOUND","0","Contract number does not exist in Oracle Fusion."
"SOW20250107BC-SK","\\phsabc\root\HSSBC\SupplyChainAutomation\ConsultantContract\consultantcr\SOW20250107BC-SK","","CONTRACT NOT FOUND","0","Contract number does not exist in Oracle Fusion."
"SOW20250107bdw","\\phsabc\root\HSSBC\SupplyChainAutomation\ConsultantContract\consultantcr\SOW20250107bdw","300000007912614","LOADED","9","9 document(s) uploaded to ContractId 300000007912614."
"SOW20250108IC","\\phsabc\root\HSSBC\SupplyChainAutomation\ConsultantContract\consultantcr\SOW20250108IC","","CONTRACT NOT FOUND","0","Contract number does not exist in Oracle Fusion."
"SOW20250108JM","\\phsabc\root\HSSBC\SupplyChainAutomation\ConsultantContract\consultantcr\SOW20250108JM","","CONTRACT NOT FOUND","0","Contract number does not exist in Oracle Fusion."
"SOW20250109IC","\\phsabc\root\HSSBC\SupplyChainAutomation\ConsultantContract\consultantcr\SOW20250109IC","","CONTRACT NOT FOUND","0","Contract number does not exist in Oracle Fusion."
"SOW20250110SCH","\\phsabc\root\HSSBC\SupplyChainAutomation\ConsultantContract\consultantcr\SOW20250110SCH","","CONTRACT NOT FOUND","0","Contract number does not exist in Oracle Fusion."
"SOW20250113ML","\\phsabc\root\HSSBC\SupplyChainAutomation\ConsultantContract\consultantcr\SOW20250113ML","300000007914378","LOADED","3","3 document(s) uploaded to ContractId 300000007914378."
"SOW20250113ML-AMD1","\\phsabc\root\HSSBC\SupplyChainAutomation\ConsultantContract\consultantcr\SOW20250113ML-AMD1","","CONTRACT NOT FOUND","0","Contract number does not exist in Oracle Fusion."
"SOW20250113SF-1","\\phsabc\root\HSSBC\SupplyChainAutomation\ConsultantContract\consultantcr\SOW20250113SF-1","","CONTRACT NOT FOUND","0","Contract number does not exist in Oracle Fusion."
"SOW20250113SF-2","\\phsabc\root\HSSBC\SupplyChainAutomation\ConsultantContract\consultantcr\SOW20250113SF-2","","CONTRACT NOT FOUND","0","Contract number does not exist in Oracle Fusion."
"SOW20250114CP","\\phsabc\root\HSSBC\SupplyChainAutomation\ConsultantContract\consultantcr\SOW20250114CP","","CONTRACT NOT FOUND","0","Contract number does not exist in Oracle Fusion."
"SOW20250114MB1","\\phsabc\root\HSSBC\SupplyChainAutomation\ConsultantContract\consultantcr\SOW20250114MB1","","CONTRACT NOT FOUND","0","Contract number does not exist in Oracle Fusion."
"SOW20250116BW","\\phsabc\root\HSSBC\SupplyChainAutomation\ConsultantContract\consultantcr\SOW20250116BW","","CONTRACT NOT FOUND","0","Contract number does not exist in Oracle Fusion."
"SOW20250116RT","\\phsabc\root\HSSBC\SupplyChainAutomation\ConsultantContract\consultantcr\SOW20250116RT","","CONTRACT NOT FOUND","0","Contract number does not exist in Oracle Fusion."
"SOW20250117BW-1","\\phsabc\root\HSSBC\SupplyChainAutomation\ConsultantContract\consultantcr\SOW20250117BW-1","","CONTRACT NOT FOUND","0","Contract number does not exist in Oracle Fusion."
"SOW20250117BW-2","\\phsabc\root\HSSBC\SupplyChainAutomation\ConsultantContract\consultantcr\SOW20250117BW-2","","CONTRACT NOT FOUND","0","Contract number does not exist in Oracle Fusion."
"SOW20250117LV","\\phsabc\root\HSSBC\SupplyChainAutomation\ConsultantContract\consultantcr\SOW20250117LV","300000007914362","LOADED","6","6 document(s) uploaded to ContractId 300000007914362."
"SOW20250121KJ","\\phsabc\root\HSSBC\SupplyChainAutomation\ConsultantContract\consultantcr\SOW20250121KJ","300000007913684","LOADED","3","3 document(s) uploaded to ContractId 300000007913684."
"SOW20250121KJ-AMD1","\\phsabc\root\HSSBC\SupplyChainAutomation\ConsultantContract\consultantcr\SOW20250121KJ-AMD1","","CONTRACT NOT FOUND","0","Contract number does not exist in Oracle Fusion."
"SOW20250121VJ","\\phsabc\root\HSSBC\SupplyChainAutomation\ConsultantContract\consultantcr\SOW20250121VJ","","CONTRACT NOT FOUND","0","Contract number does not exist in Oracle Fusion."
"SOW20250124SCH","\\phsabc\root\HSSBC\SupplyChainAutomation\ConsultantContract\consultantcr\SOW20250124SCH","","CONTRACT NOT FOUND","0","Contract number does not exist in Oracle Fusion."
"SOW20250127AD","\\phsabc\root\HSSBC\SupplyChainAutomation\ConsultantContract\consultantcr\SOW20250127AD","300000007913699","LOADED","6","6 document(s) uploaded to ContractId 300000007913699."
"SOW20250127AD-AMD2","\\phsabc\root\HSSBC\SupplyChainAutomation\ConsultantContract\consultantcr\SOW20250127AD-AMD2","","CONTRACT NOT FOUND","0","Contract number does not exist in Oracle Fusion."
"SOW20250127PK","\\phsabc\root\HSSBC\SupplyChainAutomation\ConsultantContract\consultantcr\SOW20250127PK","","CONTRACT NOT FOUND","0","Contract number does not exist in Oracle Fusion."
"SOW20250127PK-1","\\phsabc\root\HSSBC\SupplyChainAutomation\ConsultantContract\consultantcr\SOW20250127PK-1","300000007912584","LOADED","3","3 document(s) uploaded to ContractId 300000007912584."
"SOW20250127PK-1-AMD1","\\phsabc\root\HSSBC\SupplyChainAutomation\ConsultantContract\consultantcr\SOW20250127PK-1-AMD1","","CONTRACT NOT FOUND","0","Contract number does not exist in Oracle Fusion."
"SOW20250127PK-AMD1","\\phsabc\root\HSSBC\SupplyChainAutomation\ConsultantContract\consultantcr\SOW20250127PK-AMD1","","CONTRACT NOT FOUND","0","Contract number does not exist in Oracle Fusion."
"SOW20250129AF","\\phsabc\root\HSSBC\SupplyChainAutomation\ConsultantContract\consultantcr\SOW20250129AF","","CONTRACT NOT FOUND","0","Contract number does not exist in Oracle Fusion."
"SOW20250131AM37ArcGIS","\\phsabc\root\HSSBC\SupplyChainAutomation\ConsultantContract\consultantcr\SOW20250131AM37ArcGIS","","CONTRACT NOT FOUND","0","Contract number does not exist in Oracle Fusion."
"SOW20250131MB1","\\phsabc\root\HSSBC\SupplyChainAutomation\ConsultantContract\consultantcr\SOW20250131MB1","300000007913638","LOADED","6","6 document(s) uploaded to ContractId 300000007913638."
"SOW20250201AM38","\\phsabc\root\HSSBC\SupplyChainAutomation\ConsultantContract\consultantcr\SOW20250201AM38","","CONTRACT NOT FOUND","0","Contract number does not exist in Oracle Fusion."
"SOW20250204JY","\\phsabc\root\HSSBC\SupplyChainAutomation\ConsultantContract\consultantcr\SOW20250204JY","300000007912598","LOADED","3","3 document(s) uploaded to ContractId 300000007912598."
"SOW20250204JY-AMD1","\\phsabc\root\HSSBC\SupplyChainAutomation\ConsultantContract\consultantcr\SOW20250204JY-AMD1","","CONTRACT NOT FOUND","0","Contract number does not exist in Oracle Fusion."
"SOW20250204PK","\\phsabc\root\HSSBC\SupplyChainAutomation\ConsultantContract\consultantcr\SOW20250204PK","300000007913646","LOADED","3","3 document(s) uploaded to ContractId 300000007913646."
"SOW20250204SF-1","\\phsabc\root\HSSBC\SupplyChainAutomation\ConsultantContract\consultantcr\SOW20250204SF-1","","CONTRACT NOT FOUND","0","Contract number does not exist in Oracle Fusion."
"SOW20250205IC","\\phsabc\root\HSSBC\SupplyChainAutomation\ConsultantContract\consultantcr\SOW20250205IC","300000007912924","LOADED","3","3 document(s) uploaded to ContractId 300000007912924."
"SOW20250206JR","\\phsabc\root\HSSBC\SupplyChainAutomation\ConsultantContract\consultantcr\SOW20250206JR","300000007913660","LOADED","3","3 document(s) uploaded to ContractId 300000007913660."
"SOW20250206JR-AMD1","\\phsabc\root\HSSBC\SupplyChainAutomation\ConsultantContract\consultantcr\SOW20250206JR-AMD1","","CONTRACT NOT FOUND","0","Contract number does not exist in Oracle Fusion."
"SOW20250206tw","\\phsabc\root\HSSBC\SupplyChainAutomation\ConsultantContract\consultantcr\SOW20250206tw","","CONTRACT NOT FOUND","0","Contract number does not exist in Oracle Fusion."
"SOW20250210JP","\\phsabc\root\HSSBC\SupplyChainAutomation\ConsultantContract\consultantcr\SOW20250210JP","300000007911958","LOADED","6","6 document(s) uploaded to ContractId 300000007911958."
"SOW20250211CS","\\phsabc\root\HSSBC\SupplyChainAutomation\ConsultantContract\consultantcr\SOW20250211CS","","CONTRACT NOT FOUND","0","Contract number does not exist in Oracle Fusion."
"SOW20250211CS-0","\\phsabc\root\HSSBC\SupplyChainAutomation\ConsultantContract\consultantcr\SOW20250211CS-0","300000007616873","LOADED","3","3 document(s) uploaded to ContractId 300000007616873."
"SOW20250211CS-1","\\phsabc\root\HSSBC\SupplyChainAutomation\ConsultantContract\consultantcr\SOW20250211CS-1","300000007914402","LOADED","15","15 document(s) uploaded to ContractId 300000007914402."
"SOW20250211CS-2","\\phsabc\root\HSSBC\SupplyChainAutomation\ConsultantContract\consultantcr\SOW20250211CS-2","300000007914388","LOADED","9","9 document(s) uploaded to ContractId 300000007914388."
"SOW20250211CS-3","\\phsabc\root\HSSBC\SupplyChainAutomation\ConsultantContract\consultantcr\SOW20250211CS-3","300000007912622","LOADED","12","12 document(s) uploaded to ContractId 300000007912622."
"SOW20250211CS-5","\\phsabc\root\HSSBC\SupplyChainAutomation\ConsultantContract\consultantcr\SOW20250211CS-5","300000007914395","LOADED","16","16 document(s) uploaded to ContractId 300000007914395."
"SOW20250211SCH","\\phsabc\root\HSSBC\SupplyChainAutomation\ConsultantContract\consultantcr\SOW20250211SCH","","CONTRACT NOT FOUND","0","Contract number does not exist in Oracle Fusion."
"SOW20250214BP","\\phsabc\root\HSSBC\SupplyChainAutomation\ConsultantContract\consultantcr\SOW20250214BP","300000007911605","LOADED","3","3 document(s) uploaded to ContractId 300000007911605."
"SOW20250214HC","\\phsabc\root\HSSBC\SupplyChainAutomation\ConsultantContract\consultantcr\SOW20250214HC","","CONTRACT NOT FOUND","0","Contract number does not exist in Oracle Fusion."
"SOW20250214IJ","\\phsabc\root\HSSBC\SupplyChainAutomation\ConsultantContract\consultantcr\SOW20250214IJ","300000007911965","LOADED","3","3 document(s) uploaded to ContractId 300000007911965."
"SOW20250214JM","\\phsabc\root\HSSBC\SupplyChainAutomation\ConsultantContract\consultantcr\SOW20250214JM","300000007912641","LOADED","3","3 document(s) uploaded to ContractId 300000007912641."
"SOW20250214RL","\\phsabc\root\HSSBC\SupplyChainAutomation\ConsultantContract\consultantcr\SOW20250214RL","300000007912278","LOADED","3","3 document(s) uploaded to ContractId 300000007912278."
"SOW20250214RL-1","\\phsabc\root\HSSBC\SupplyChainAutomation\ConsultantContract\consultantcr\SOW20250214RL-1","300000007912708","LOADED","2","2 document(s) uploaded to ContractId 300000007912708."
"SOW20250215MF","\\phsabc\root\HSSBC\SupplyChainAutomation\ConsultantContract\consultantcr\SOW20250215MF","","CONTRACT NOT FOUND","0","Contract number does not exist in Oracle Fusion."
"SOW20250218BG","\\phsabc\root\HSSBC\SupplyChainAutomation\ConsultantContract\consultantcr\SOW20250218BG","300000007913670","LOADED","3","3 document(s) uploaded to ContractId 300000007913670."
"SOW20250218DN","\\phsabc\root\HSSBC\SupplyChainAutomation\ConsultantContract\consultantcr\SOW20250218DN","300000007914410","LOADED","3","3 document(s) uploaded to ContractId 300000007914410."
"SOW20250218DN-AMD1","\\phsabc\root\HSSBC\SupplyChainAutomation\ConsultantContract\consultantcr\SOW20250218DN-AMD1","","CONTRACT NOT FOUND","0","Contract number does not exist in Oracle Fusion."
"SOW20250219BG","\\phsabc\root\HSSBC\SupplyChainAutomation\ConsultantContract\consultantcr\SOW20250219BG","300000007913677","LOADED","3","3 document(s) uploaded to ContractId 300000007913677."
"SOW20250219CA","\\phsabc\root\HSSBC\SupplyChainAutomation\ConsultantContract\consultantcr\SOW20250219CA","300000007913691","LOADED","3","3 document(s) uploaded to ContractId 300000007913691."
"SOW20250219CS-1","\\phsabc\root\HSSBC\SupplyChainAutomation\ConsultantContract\consultantcr\SOW20250219CS-1","300000007914418","LOADED","15","15 document(s) uploaded to ContractId 300000007914418."
"SOW20250219CS-2","\\phsabc\root\HSSBC\SupplyChainAutomation\ConsultantContract\consultantcr\SOW20250219CS-2","","CONTRACT NOT FOUND","0","Contract number does not exist in Oracle Fusion."
"SOW20250219LV-FHA-FD-ME","\\phsabc\root\HSSBC\SupplyChainAutomation\ConsultantContract\consultantcr\SOW20250219LV-FHA-FD-ME","","CONTRACT NOT FOUND","0","Contract number does not exist in Oracle Fusion."
"SOW20250219MC","\\phsabc\root\HSSBC\SupplyChainAutomation\ConsultantContract\consultantcr\SOW20250219MC","300000007912745","LOADED","3","3 document(s) uploaded to ContractId 300000007912745."
"SOW20250220DN","\\phsabc\root\HSSBC\SupplyChainAutomation\ConsultantContract\consultantcr\SOW20250220DN","","CONTRACT NOT FOUND","0","Contract number does not exist in Oracle Fusion."
"SOW20250220MC","\\phsabc\root\HSSBC\SupplyChainAutomation\ConsultantContract\consultantcr\SOW20250220MC","","CONTRACT NOT FOUND","0","Contract number does not exist in Oracle Fusion."
"SOW20250220NSPH","\\phsabc\root\HSSBC\SupplyChainAutomation\ConsultantContract\consultantcr\SOW20250220NSPH","300000007913653","LOADED","3","3 document(s) uploaded to ContractId 300000007913653."
"SOW20250221MD","\\phsabc\root\HSSBC\SupplyChainAutomation\ConsultantContract\consultantcr\SOW20250221MD","","CONTRACT NOT FOUND","0","Contract number does not exist in Oracle Fusion."
"SOW20250221PD","\\phsabc\root\HSSBC\SupplyChainAutomation\ConsultantContract\consultantcr\SOW20250221PD","","CONTRACT NOT FOUND","0","Contract number does not exist in Oracle Fusion."
"SOW20250225SD","\\phsabc\root\HSSBC\SupplyChainAutomation\ConsultantContract\consultantcr\SOW20250225SD","","CONTRACT NOT FOUND","0","Contract number does not exist in Oracle Fusion."
"SOW20250226BM","\\phsabc\root\HSSBC\SupplyChainAutomation\ConsultantContract\consultantcr\SOW20250226BM","","CONTRACT NOT FOUND","0","Contract number does not exist in Oracle Fusion."
"SOW20250228JM","\\phsabc\root\HSSBC\SupplyChainAutomation\ConsultantContract\consultantcr\SOW20250228JM","300000007912256","LOADED","3","3 document(s) uploaded to ContractId 300000007912256."
"SOW20250228RY","\\phsabc\root\HSSBC\SupplyChainAutomation\ConsultantContract\consultantcr\SOW20250228RY","300000007912760","LOADED","3","3 document(s) uploaded to ContractId 300000007912760."
"SOW20250303AL","\\phsabc\root\HSSBC\SupplyChainAutomation\ConsultantContract\consultantcr\SOW20250303AL","","CONTRACT NOT FOUND","0","Contract number does not exist in Oracle Fusion."
"SOW20250303EY-1","\\phsabc\root\HSSBC\SupplyChainAutomation\ConsultantContract\consultantcr\SOW20250303EY-1","","CONTRACT NOT FOUND","0","Contract number does not exist in Oracle Fusion."
"SOW20250303EY-2","\\phsabc\root\HSSBC\SupplyChainAutomation\ConsultantContract\consultantcr\SOW20250303EY-2","","CONTRACT NOT FOUND","0","Contract number does not exist in Oracle Fusion."
"SOW20250303JB","\\phsabc\root\HSSBC\SupplyChainAutomation\ConsultantContract\consultantcr\SOW20250303JB","300000007913181","LOADED","20","20 document(s) uploaded to ContractId 300000007913181."
"SOW20250303JB-AMD7","\\phsabc\root\HSSBC\SupplyChainAutomation\ConsultantContract\consultantcr\SOW20250303JB-AMD7","","CONTRACT NOT FOUND","0","Contract number does not exist in Oracle Fusion."
"SOW20250303JB-AMD8","\\phsabc\root\HSSBC\SupplyChainAutomation\ConsultantContract\consultantcr\SOW20250303JB-AMD8","","CONTRACT NOT FOUND","0","Contract number does not exist in Oracle Fusion."
"SOW20250303JB-AMD9","\\phsabc\root\HSSBC\SupplyChainAutomation\ConsultantContract\consultantcr\SOW20250303JB-AMD9","","CONTRACT NOT FOUND","0","Contract number does not exist in Oracle Fusion."
"SOW20250304MB1","\\phsabc\root\HSSBC\SupplyChainAutomation\ConsultantContract\consultantcr\SOW20250304MB1","300000007914426","LOADED","3","3 document(s) uploaded to ContractId 300000007914426."
"SOW20250304MB2","\\phsabc\root\HSSBC\SupplyChainAutomation\ConsultantContract\consultantcr\SOW20250304MB2","300000007914478","LOADED","3","3 document(s) uploaded to ContractId 300000007914478."
"SOW20250304MB4","\\phsabc\root\HSSBC\SupplyChainAutomation\ConsultantContract\consultantcr\SOW20250304MB4","","CONTRACT NOT FOUND","0","Contract number does not exist in Oracle Fusion."
"SOW20250305MB1","\\phsabc\root\HSSBC\SupplyChainAutomation\ConsultantContract\consultantcr\SOW20250305MB1","300000007912649","LOADED","6","6 document(s) uploaded to ContractId 300000007912649."
"SOW20250305-NWS-BH","\\phsabc\root\HSSBC\SupplyChainAutomation\ConsultantContract\consultantcr\SOW20250305-NWS-BH","","CONTRACT NOT FOUND","0","Contract number does not exist in Oracle Fusion."
"SOW20250305-NWS-RCH","\\phsabc\root\HSSBC\SupplyChainAutomation\ConsultantContract\consultantcr\SOW20250305-NWS-RCH","300000007909973","LOADED","3","3 document(s) uploaded to ContractId 300000007909973."
"SOW20250306SCR","\\phsabc\root\HSSBC\SupplyChainAutomation\ConsultantContract\consultantcr\SOW20250306SCR","","CONTRACT NOT FOUND","0","Contract number does not exist in Oracle Fusion."
"SOW20250307OD","\\phsabc\root\HSSBC\SupplyChainAutomation\ConsultantContract\consultantcr\SOW20250307OD","300000007912229","LOADED","6","6 document(s) uploaded to ContractId 300000007912229."
"SOW20250310BP","\\phsabc\root\HSSBC\SupplyChainAutomation\ConsultantContract\consultantcr\SOW20250310BP","300000007912701","LOADED","3","3 document(s) uploaded to ContractId 300000007912701."
"SOW20250310BP-1","\\phsabc\root\HSSBC\SupplyChainAutomation\ConsultantContract\consultantcr\SOW20250310BP-1","300000007912694","LOADED","3","3 document(s) uploaded to ContractId 300000007912694."
"SOW20250310BP-10","\\phsabc\root\HSSBC\SupplyChainAutomation\ConsultantContract\consultantcr\SOW20250310BP-10","300000007914460","LOADED","3","3 document(s) uploaded to ContractId 300000007914460."
"SOW20250310BP-10-AMD1","\\phsabc\root\HSSBC\SupplyChainAutomation\ConsultantContract\consultantcr\SOW20250310BP-10-AMD1","","CONTRACT NOT FOUND","0","Contract number does not exist in Oracle Fusion."
"SOW20250310BP-11","\\phsabc\root\HSSBC\SupplyChainAutomation\ConsultantContract\consultantcr\SOW20250310BP-11","300000007912670","LOADED","3","3 document(s) uploaded to ContractId 300000007912670."
"SOW20250310BP-11-AMD1","\\phsabc\root\HSSBC\SupplyChainAutomation\ConsultantContract\consultantcr\SOW20250310BP-11-AMD1","","CONTRACT NOT FOUND","0","Contract number does not exist in Oracle Fusion."
"SOW20250310BP-12","\\phsabc\root\HSSBC\SupplyChainAutomation\ConsultantContract\consultantcr\SOW20250310BP-12","300000007912663","LOADED","5","5 document(s) uploaded to ContractId 300000007912663."
"SOW20250310BP-12_AMD1","\\phsabc\root\HSSBC\SupplyChainAutomation\ConsultantContract\consultantcr\SOW20250310BP-12_AMD1","","CONTRACT NOT FOUND","0","Contract number does not exist in Oracle Fusion."
"SOW20250310BP-12-AMD1","\\phsabc\root\HSSBC\SupplyChainAutomation\ConsultantContract\consultantcr\SOW20250310BP-12-AMD1","","CONTRACT NOT FOUND","0","Contract number does not exist in Oracle Fusion."
"SOW20250310BP-2","\\phsabc\root\HSSBC\SupplyChainAutomation\ConsultantContract\consultantcr\SOW20250310BP-2","300000007912678","LOADED","3","3 document(s) uploaded to ContractId 300000007912678."
"SOW20250310BP-2-AMD1","\\phsabc\root\HSSBC\SupplyChainAutomation\ConsultantContract\consultantcr\SOW20250310BP-2-AMD1","","CONTRACT NOT FOUND","0","Contract number does not exist in Oracle Fusion."
"SOW20250310BP-3","\\phsabc\root\HSSBC\SupplyChainAutomation\ConsultantContract\consultantcr\SOW20250310BP-3","300000007912686","LOADED","3","3 document(s) uploaded to ContractId 300000007912686."
"SOW20250310BP-3-AMD1","\\phsabc\root\HSSBC\SupplyChainAutomation\ConsultantContract\consultantcr\SOW20250310BP-3-AMD1","","CONTRACT NOT FOUND","0","Contract number does not exist in Oracle Fusion."
"SOW20250310BP-4","\\phsabc\root\HSSBC\SupplyChainAutomation\ConsultantContract\consultantcr\SOW20250310BP-4","300000007914444","LOADED","3","3 document(s) uploaded to ContractId 300000007914444."
"SOW20250310BP-4-AMD1","\\phsabc\root\HSSBC\SupplyChainAutomation\ConsultantContract\consultantcr\SOW20250310BP-4-AMD1","","CONTRACT NOT FOUND","0","Contract number does not exist in Oracle Fusion."
"SOW20250310BP-5","\\phsabc\root\HSSBC\SupplyChainAutomation\ConsultantContract\consultantcr\SOW20250310BP-5","300000007913724","LOADED","3","3 document(s) uploaded to ContractId 300000007913724."
"SOW20250310BP-5-AMD1","\\phsabc\root\HSSBC\SupplyChainAutomation\ConsultantContract\consultantcr\SOW20250310BP-5-AMD1","","CONTRACT NOT FOUND","0","Contract number does not exist in Oracle Fusion."
"SOW20250310BP-6","\\phsabc\root\HSSBC\SupplyChainAutomation\ConsultantContract\consultantcr\SOW20250310BP-6","300000007913731","LOADED","3","3 document(s) uploaded to ContractId 300000007913731."
"SOW20250310BP-6_AMD1","\\phsabc\root\HSSBC\SupplyChainAutomation\ConsultantContract\consultantcr\SOW20250310BP-6_AMD1","","CONTRACT NOT FOUND","0","Contract number does not exist in Oracle Fusion."
"SOW20250310BP-6-AMD1","\\phsabc\root\HSSBC\SupplyChainAutomation\ConsultantContract\consultantcr\SOW20250310BP-6-AMD1","","CONTRACT NOT FOUND","0","Contract number does not exist in Oracle Fusion."
"SOW20250310BP-7","\\phsabc\root\HSSBC\SupplyChainAutomation\ConsultantContract\consultantcr\SOW20250310BP-7","300000007913716","LOADED","3","3 document(s) uploaded to ContractId 300000007913716."
"SOW20250310BP-7-AMD1","\\phsabc\root\HSSBC\SupplyChainAutomation\ConsultantContract\consultantcr\SOW20250310BP-7-AMD1","","CONTRACT NOT FOUND","0","Contract number does not exist in Oracle Fusion."
"SOW20250310BP-8","\\phsabc\root\HSSBC\SupplyChainAutomation\ConsultantContract\consultantcr\SOW20250310BP-8","300000007914453","LOADED","3","3 document(s) uploaded to ContractId 300000007914453."
"SOW20250310BP-8-AMD1","\\phsabc\root\HSSBC\SupplyChainAutomation\ConsultantContract\consultantcr\SOW20250310BP-8-AMD1","","CONTRACT NOT FOUND","0","Contract number does not exist in Oracle Fusion."
"SOW20250310BP-9","\\phsabc\root\HSSBC\SupplyChainAutomation\ConsultantContract\consultantcr\SOW20250310BP-9","300000007914436","LOADED","3","3 document(s) uploaded to ContractId 300000007914436."
"SOW20250310BP-9-AMD1","\\phsabc\root\HSSBC\SupplyChainAutomation\ConsultantContract\consultantcr\SOW20250310BP-9-AMD1","","CONTRACT NOT FOUND","0","Contract number does not exist in Oracle Fusion."
"SOW20250310JM-1","\\phsabc\root\HSSBC\SupplyChainAutomation\ConsultantContract\consultantcr\SOW20250310JM-1","300000007913707","LOADED","6","6 document(s) uploaded to ContractId 300000007913707."
"SOW20250310JM-2","\\phsabc\root\HSSBC\SupplyChainAutomation\ConsultantContract\consultantcr\SOW20250310JM-2","300000007912656","LOADED","6","6 document(s) uploaded to ContractId 300000007912656."
"SOW20250310NK","\\phsabc\root\HSSBC\SupplyChainAutomation\ConsultantContract\consultantcr\SOW20250310NK","300000007913853","LOADED","3","3 document(s) uploaded to ContractId 300000007913853."
"SOW20250311CP","\\phsabc\root\HSSBC\SupplyChainAutomation\ConsultantContract\consultantcr\SOW20250311CP","","CONTRACT NOT FOUND","0","Contract number does not exist in Oracle Fusion."
"SOW20250311NK","\\phsabc\root\HSSBC\SupplyChainAutomation\ConsultantContract\consultantcr\SOW20250311NK","300000007912828","LOADED","3","3 document(s) uploaded to ContractId 300000007912828."
"SOW20250312IHCCS","\\phsabc\root\HSSBC\SupplyChainAutomation\ConsultantContract\consultantcr\SOW20250312IHCCS","","CONTRACT NOT FOUND","0","Contract number does not exist in Oracle Fusion."
"SOW20250312RE","\\phsabc\root\HSSBC\SupplyChainAutomation\ConsultantContract\consultantcr\SOW20250312RE","300000007912902","LOADED","6","6 document(s) uploaded to ContractId 300000007912902."
"SOW20250312RE-AMD2","\\phsabc\root\HSSBC\SupplyChainAutomation\ConsultantContract\consultantcr\SOW20250312RE-AMD2","","CONTRACT NOT FOUND","0","Contract number does not exist in Oracle Fusion."
"SOW20250314MT","\\phsabc\root\HSSBC\SupplyChainAutomation\ConsultantContract\consultantcr\SOW20250314MT","300000007912715","LOADED","6","6 document(s) uploaded to ContractId 300000007912715."
"SOW20250314MT-AMD2","\\phsabc\root\HSSBC\SupplyChainAutomation\ConsultantContract\consultantcr\SOW20250314MT-AMD2","","CONTRACT NOT FOUND","0","Contract number does not exist in Oracle Fusion."
"SOW20250317BM","\\phsabc\root\HSSBC\SupplyChainAutomation\ConsultantContract\consultantcr\SOW20250317BM","","CONTRACT NOT FOUND","0","Contract number does not exist in Oracle Fusion."
"SOW20250319","\\phsabc\root\HSSBC\SupplyChainAutomation\ConsultantContract\consultantcr\SOW20250319","300000007912722","LOADED","6","6 document(s) uploaded to ContractId 300000007912722."
"SOW20250319VJ","\\phsabc\root\HSSBC\SupplyChainAutomation\ConsultantContract\consultantcr\SOW20250319VJ","","CONTRACT NOT FOUND","0","Contract number does not exist in Oracle Fusion."
"SOW20250320JM","\\phsabc\root\HSSBC\SupplyChainAutomation\ConsultantContract\consultantcr\SOW20250320JM","300000007912768","LOADED","3","3 document(s) uploaded to ContractId 300000007912768."
"SOW20250320JM-1","\\phsabc\root\HSSBC\SupplyChainAutomation\ConsultantContract\consultantcr\SOW20250320JM-1","300000007913233","LOADED","3","3 document(s) uploaded to ContractId 300000007913233."
"SOW20250320JR","\\phsabc\root\HSSBC\SupplyChainAutomation\ConsultantContract\consultantcr\SOW20250320JR","","CONTRACT NOT FOUND","0","Contract number does not exist in Oracle Fusion."
"SOW20250321IJ","\\phsabc\root\HSSBC\SupplyChainAutomation\ConsultantContract\consultantcr\SOW20250321IJ","300000007913797","LOADED","3","3 document(s) uploaded to ContractId 300000007913797."
"SOW20250321JJ","\\phsabc\root\HSSBC\SupplyChainAutomation\ConsultantContract\consultantcr\SOW20250321JJ","","CONTRACT NOT FOUND","0","Contract number does not exist in Oracle Fusion."
"SOW20250321JM","\\phsabc\root\HSSBC\SupplyChainAutomation\ConsultantContract\consultantcr\SOW20250321JM","300000007913780","LOADED","3","3 document(s) uploaded to ContractId 300000007913780."
"SOW20250321KS","\\phsabc\root\HSSBC\SupplyChainAutomation\ConsultantContract\consultantcr\SOW20250321KS","","CONTRACT NOT FOUND","0","Contract number does not exist in Oracle Fusion."
"SOW20250321PK","\\phsabc\root\HSSBC\SupplyChainAutomation\ConsultantContract\consultantcr\SOW20250321PK","300000007914471","LOADED","3","3 document(s) uploaded to ContractId 300000007914471."
"SOW20250324CP","\\phsabc\root\HSSBC\SupplyChainAutomation\ConsultantContract\consultantcr\SOW20250324CP","300000007913226","LOADED","6","6 document(s) uploaded to ContractId 300000007913226."
"SOW20250324CP-AMD2","\\phsabc\root\HSSBC\SupplyChainAutomation\ConsultantContract\consultantcr\SOW20250324CP-AMD2","","CONTRACT NOT FOUND","0","Contract number does not exist in Oracle Fusion."
"SOW20250324JM","\\phsabc\root\HSSBC\SupplyChainAutomation\ConsultantContract\consultantcr\SOW20250324JM","300000007913812","LOADED","3","3 document(s) uploaded to ContractId 300000007913812."
"SOW20250324JM-1","\\phsabc\root\HSSBC\SupplyChainAutomation\ConsultantContract\consultantcr\SOW20250324JM-1","300000007913805","LOADED","3","3 document(s) uploaded to ContractId 300000007913805."
"SOW20250327OD","\\phsabc\root\HSSBC\SupplyChainAutomation\ConsultantContract\consultantcr\SOW20250327OD","300000007912731","LOADED","6","6 document(s) uploaded to ContractId 300000007912731."
"SOW20250327PK","\\phsabc\root\HSSBC\SupplyChainAutomation\ConsultantContract\consultantcr\SOW20250327PK","300000007914505","LOADED","3","3 document(s) uploaded to ContractId 300000007914505."
"SOW20250328CS","\\phsabc\root\HSSBC\SupplyChainAutomation\ConsultantContract\consultantcr\SOW20250328CS","","CONTRACT NOT FOUND","0","Contract number does not exist in Oracle Fusion."
"SOW20250328CS-1","\\phsabc\root\HSSBC\SupplyChainAutomation\ConsultantContract\consultantcr\SOW20250328CS-1","300000007913787","LOADED","3","3 document(s) uploaded to ContractId 300000007913787."
"SOW20250328JR","\\phsabc\root\HSSBC\SupplyChainAutomation\ConsultantContract\consultantcr\SOW20250328JR","","CONTRACT NOT FOUND","0","Contract number does not exist in Oracle Fusion."
"SOW20250328JR-AMD1","\\phsabc\root\HSSBC\SupplyChainAutomation\ConsultantContract\consultantcr\SOW20250328JR-AMD1","","CONTRACT NOT FOUND","0","Contract number does not exist in Oracle Fusion."
"SOW20250331SB","\\phsabc\root\HSSBC\SupplyChainAutomation\ConsultantContract\consultantcr\SOW20250331SB","","CONTRACT NOT FOUND","0","Contract number does not exist in Oracle Fusion."
"SOW20250401DH","\\phsabc\root\HSSBC\SupplyChainAutomation\ConsultantContract\consultantcr\SOW20250401DH","300000007913741","LOADED","3","3 document(s) uploaded to ContractId 300000007913741."
"SOW20250401SB","\\phsabc\root\HSSBC\SupplyChainAutomation\ConsultantContract\consultantcr\SOW20250401SB","","CONTRACT NOT FOUND","0","Contract number does not exist in Oracle Fusion."
"SOW20250402DI","\\phsabc\root\HSSBC\SupplyChainAutomation\ConsultantContract\consultantcr\SOW20250402DI","300000007914498","LOADED","3","3 document(s) uploaded to ContractId 300000007914498."
"SOW20250403OD","\\phsabc\root\HSSBC\SupplyChainAutomation\ConsultantContract\consultantcr\SOW20250403OD","300000007912236","LOADED","6","6 document(s) uploaded to ContractId 300000007912236."
"SOW20250403OD-AMD2","\\phsabc\root\HSSBC\SupplyChainAutomation\ConsultantContract\consultantcr\SOW20250403OD-AMD2","","CONTRACT NOT FOUND","0","Contract number does not exist in Oracle Fusion."
"SOW20250407CP","\\phsabc\root\HSSBC\SupplyChainAutomation\ConsultantContract\consultantcr\SOW20250407CP","","CONTRACT NOT FOUND","0","Contract number does not exist in Oracle Fusion."
"SOW20250407SH","\\phsabc\root\HSSBC\SupplyChainAutomation\ConsultantContract\consultantcr\SOW20250407SH","300000007914520","LOADED","3","3 document(s) uploaded to ContractId 300000007914520."
"SOW20250407SH-AMD2","\\phsabc\root\HSSBC\SupplyChainAutomation\ConsultantContract\consultantcr\SOW20250407SH-AMD2","","CONTRACT NOT FOUND","0","Contract number does not exist in Oracle Fusion."
"SOW20250408DH","\\phsabc\root\HSSBC\SupplyChainAutomation\ConsultantContract\consultantcr\SOW20250408DH","300000007913765","LOADED","3","3 document(s) uploaded to ContractId 300000007913765."
"SOW20250409CDG","\\phsabc\root\HSSBC\SupplyChainAutomation\ConsultantContract\consultantcr\SOW20250409CDG","","CONTRACT NOT FOUND","0","Contract number does not exist in Oracle Fusion."
"SOW20250410ZY","\\phsabc\root\HSSBC\SupplyChainAutomation\ConsultantContract\consultantcr\SOW20250410ZY","","CONTRACT NOT FOUND","0","Contract number does not exist in Oracle Fusion."
"SOW20250411CP","\\phsabc\root\HSSBC\SupplyChainAutomation\ConsultantContract\consultantcr\SOW20250411CP","300000007912776","LOADED","3","3 document(s) uploaded to ContractId 300000007912776."
"SOW20250411UMHCT","\\phsabc\root\HSSBC\SupplyChainAutomation\ConsultantContract\consultantcr\SOW20250411UMHCT","","CONTRACT NOT FOUND","0","Contract number does not exist in Oracle Fusion."
"SOW20250414DK","\\phsabc\root\HSSBC\SupplyChainAutomation\ConsultantContract\consultantcr\SOW20250414DK","300000007913819","LOADED","3","3 document(s) uploaded to ContractId 300000007913819."
"SOW20250414OD","\\phsabc\root\HSSBC\SupplyChainAutomation\ConsultantContract\consultantcr\SOW20250414OD","300000007914528","LOADED","3","3 document(s) uploaded to ContractId 300000007914528."
"SOW20250415CS-02","\\phsabc\root\HSSBC\SupplyChainAutomation\ConsultantContract\consultantcr\SOW20250415CS-02","300000007913826","LOADED","6","6 document(s) uploaded to ContractId 300000007913826."
"SOW20250415SS-BA-SPMS-RCH","\\phsabc\root\HSSBC\SupplyChainAutomation\ConsultantContract\consultantcr\SOW20250415SS-BA-SPMS-RCH","300000007913773","LOADED","6","6 document(s) uploaded to ContractId 300000007913773."
"SOW20250415SS-DAS-RCH","\\phsabc\root\HSSBC\SupplyChainAutomation\ConsultantContract\consultantcr\SOW20250415SS-DAS-RCH","300000007914491","LOADED","3","3 document(s) uploaded to ContractId 300000007914491."
"SOW20250415VA","\\phsabc\root\HSSBC\SupplyChainAutomation\ConsultantContract\consultantcr\SOW20250415VA","100000011768587","LOADED","3","3 document(s) uploaded to ContractId 100000011768587."
"SOW20250416JR","\\phsabc\root\HSSBC\SupplyChainAutomation\ConsultantContract\consultantcr\SOW20250416JR","300000007915019","LOADED","3","3 document(s) uploaded to ContractId 300000007915019."
"SOW20250416MS","\\phsabc\root\HSSBC\SupplyChainAutomation\ConsultantContract\consultantcr\SOW20250416MS","300000007914544","LOADED","3","3 document(s) uploaded to ContractId 300000007914544."
"SOW20250416SS-IEPC-RCH","\\phsabc\root\HSSBC\SupplyChainAutomation\ConsultantContract\consultantcr\SOW20250416SS-IEPC-RCH","300000007914513","LOADED","2","2 document(s) uploaded to ContractId 300000007914513."
"SOW20250417DN","\\phsabc\root\HSSBC\SupplyChainAutomation\ConsultantContract\consultantcr\SOW20250417DN","300000006586977","LOADED","1","1 document(s) uploaded to ContractId 300000006586977."
"SOW20250417ES1","\\phsabc\root\HSSBC\SupplyChainAutomation\ConsultantContract\consultantcr\SOW20250417ES1","300000007914551","LOADED","1","1 document(s) uploaded to ContractId 300000007914551."
"SOW20250417LV","\\phsabc\root\HSSBC\SupplyChainAutomation\ConsultantContract\consultantcr\SOW20250417LV","","CONTRACT NOT FOUND","0","Contract number does not exist in Oracle Fusion."
"SOW20250428OD","\\phsabc\root\HSSBC\SupplyChainAutomation\ConsultantContract\consultantcr\SOW20250428OD","300000007914536","LOADED","6","6 document(s) uploaded to ContractId 300000007914536."
"SOW20250428ST","\\phsabc\root\HSSBC\SupplyChainAutomation\ConsultantContract\consultantcr\SOW20250428ST","300000007914635","LOADED","5","5 document(s) uploaded to ContractId 300000007914635."
"SOW20250429jm","\\phsabc\root\HSSBC\SupplyChainAutomation\ConsultantContract\consultantcr\SOW20250429jm","","CONTRACT NOT FOUND","0","Contract number does not exist in Oracle Fusion."
"SOW20250501HJ","\\phsabc\root\HSSBC\SupplyChainAutomation\ConsultantContract\consultantcr\SOW20250501HJ","300000007913196","LOADED","3","3 document(s) uploaded to ContractId 300000007913196."
"SOW20250501JH","\\phsabc\root\HSSBC\SupplyChainAutomation\ConsultantContract\consultantcr\SOW20250501JH","300000007912804","LOADED","6","6 document(s) uploaded to ContractId 300000007912804."
"SOW20250501MC","\\phsabc\root\HSSBC\SupplyChainAutomation\ConsultantContract\consultantcr\SOW20250501MC","","CONTRACT NOT FOUND","0","Contract number does not exist in Oracle Fusion."
"SOW20250501ZW","\\phsabc\root\HSSBC\SupplyChainAutomation\ConsultantContract\consultantcr\SOW20250501ZW","300000007912795","LOADED","3","3 document(s) uploaded to ContractId 300000007912795."
"SOW20250505UMAV","\\phsabc\root\HSSBC\SupplyChainAutomation\ConsultantContract\consultantcr\SOW20250505UMAV","","CONTRACT NOT FOUND","0","Contract number does not exist in Oracle Fusion."
"SOW20250515-HISL-NSH","\\phsabc\root\HSSBC\SupplyChainAutomation\ConsultantContract\consultantcr\SOW20250515-HISL-NSH","300000007913860","LOADED","3","3 document(s) uploaded to ContractId 300000007913860."
"SOW20250515-HISL-RCH","\\phsabc\root\HSSBC\SupplyChainAutomation\ConsultantContract\consultantcr\SOW20250515-HISL-RCH","300000007913835","LOADED","1","1 document(s) uploaded to ContractId 300000007913835."
"SOW20250515WRP","\\phsabc\root\HSSBC\SupplyChainAutomation\ConsultantContract\consultantcr\SOW20250515WRP","","CONTRACT NOT FOUND","0","Contract number does not exist in Oracle Fusion."
"SOW20250520-SEMI-RCH","\\phsabc\root\HSSBC\SupplyChainAutomation\ConsultantContract\consultantcr\SOW20250520-SEMI-RCH","300000007914574","LOADED","3","3 document(s) uploaded to ContractId 300000007914574."
"SOW20250520-SEMI-RCH-AMD1","\\phsabc\root\HSSBC\SupplyChainAutomation\ConsultantContract\consultantcr\SOW20250520-SEMI-RCH-AMD1","","CONTRACT NOT FOUND","0","Contract number does not exist in Oracle Fusion."
"SOW20250521BIR","\\phsabc\root\HSSBC\SupplyChainAutomation\ConsultantContract\consultantcr\SOW20250521BIR","","CONTRACT NOT FOUND","0","Contract number does not exist in Oracle Fusion."
"SOW20250523CC","\\phsabc\root\HSSBC\SupplyChainAutomation\ConsultantContract\consultantcr\SOW20250523CC","","CONTRACT NOT FOUND","0","Contract number does not exist in Oracle Fusion."
"SOW20250526PH-MSA-Cascadia-CH-04","\\phsabc\root\HSSBC\SupplyChainAutomation\ConsultantContract\consultantcr\SOW20250526PH-MSA-Cascadia-CH-04","","CONTRACT NOT FOUND","0","Contract number does not exist in Oracle Fusion."
"SOW20250529CC","\\phsabc\root\HSSBC\SupplyChainAutomation\ConsultantContract\consultantcr\SOW20250529CC","","CONTRACT NOT FOUND","0","Contract number does not exist in Oracle Fusion."
"SOW20250530","\\phsabc\root\HSSBC\SupplyChainAutomation\ConsultantContract\consultantcr\SOW20250530","100000011768568","LOADED","3","3 document(s) uploaded to ContractId 100000011768568."
"SOW20250530BP","\\phsabc\root\HSSBC\SupplyChainAutomation\ConsultantContract\consultantcr\SOW20250530BP","300000007914558","LOADED","3","3 document(s) uploaded to ContractId 300000007914558."
"SOW20250530CC","\\phsabc\root\HSSBC\SupplyChainAutomation\ConsultantContract\consultantcr\SOW20250530CC","","CONTRACT NOT FOUND","0","Contract number does not exist in Oracle Fusion."
"SOW20250530CS","\\phsabc\root\HSSBC\SupplyChainAutomation\ConsultantContract\consultantcr\SOW20250530CS","300000007910885","LOADED","13","13 document(s) uploaded to ContractId 300000007910885."
"SOW20250530PH","\\phsabc\root\HSSBC\SupplyChainAutomation\ConsultantContract\consultantcr\SOW20250530PH","300000007913877","LOADED","3","3 document(s) uploaded to ContractId 300000007913877."
"SOW20250604BW","\\phsabc\root\HSSBC\SupplyChainAutomation\ConsultantContract\consultantcr\SOW20250604BW","300000007912878","LOADED","6","6 document(s) uploaded to ContractId 300000007912878."
"SOW20250604EY","\\phsabc\root\HSSBC\SupplyChainAutomation\ConsultantContract\consultantcr\SOW20250604EY","300000007914583","LOADED","3","3 document(s) uploaded to ContractId 300000007914583."
"SOW20250604KH","\\phsabc\root\HSSBC\SupplyChainAutomation\ConsultantContract\consultantcr\SOW20250604KH","300000007912811","LOADED","3","3 document(s) uploaded to ContractId 300000007912811."
"SOW20250604PB","\\phsabc\root\HSSBC\SupplyChainAutomation\ConsultantContract\consultantcr\SOW20250604PB","300000007914593","LOADED","6","6 document(s) uploaded to ContractId 300000007914593."
"SOW20250605-PMIWS-RCH","\\phsabc\root\HSSBC\SupplyChainAutomation\ConsultantContract\consultantcr\SOW20250605-PMIWS-RCH","300000007912886","LOADED","3","3 document(s) uploaded to ContractId 300000007912886."
"SOW20250606CS","\\phsabc\root\HSSBC\SupplyChainAutomation\ConsultantContract\consultantcr\SOW20250606CS","300000007913917","LOADED","11","11 document(s) uploaded to ContractId 300000007913917."
"SOW20250606HK","\\phsabc\root\HSSBC\SupplyChainAutomation\ConsultantContract\consultantcr\SOW20250606HK","","CONTRACT NOT FOUND","0","Contract number does not exist in Oracle Fusion."
"SOW20250606LW-1","\\phsabc\root\HSSBC\SupplyChainAutomation\ConsultantContract\consultantcr\SOW20250606LW-1","","CONTRACT NOT FOUND","0","Contract number does not exist in Oracle Fusion."
"SOW20250606LW-2","\\phsabc\root\HSSBC\SupplyChainAutomation\ConsultantContract\consultantcr\SOW20250606LW-2","300000007916068","LOADED","3","3 document(s) uploaded to ContractId 300000007916068."
"SOW20250606-SSPM-RCH","\\phsabc\root\HSSBC\SupplyChainAutomation\ConsultantContract\consultantcr\SOW20250606-SSPM-RCH","300000007913901","LOADED","3","3 document(s) uploaded to ContractId 300000007913901."
"SOW20250606-STL-BH","\\phsabc\root\HSSBC\SupplyChainAutomation\ConsultantContract\consultantcr\SOW20250606-STL-BH","300000007912856","LOADED","3","3 document(s) uploaded to ContractId 300000007912856."
"SOW20250606-STL-NSH","\\phsabc\root\HSSBC\SupplyChainAutomation\ConsultantContract\consultantcr\SOW20250606-STL-NSH","300000007914612","LOADED","3","3 document(s) uploaded to ContractId 300000007914612."
"SOW20250606-STL-RCH","\\phsabc\root\HSSBC\SupplyChainAutomation\ConsultantContract\consultantcr\SOW20250606-STL-RCH","300000007913909","LOADED","4","4 document(s) uploaded to ContractId 300000007913909."
"SOW20250610JG","\\phsabc\root\HSSBC\SupplyChainAutomation\ConsultantContract\consultantcr\SOW20250610JG","300000007912864","LOADED","5","5 document(s) uploaded to ContractId 300000007912864."
"SOW20250610JH-01","\\phsabc\root\HSSBC\SupplyChainAutomation\ConsultantContract\consultantcr\SOW20250610JH-01","300000007912871","LOADED","6","6 document(s) uploaded to ContractId 300000007912871."
"SOW20250610JH-04","\\phsabc\root\HSSBC\SupplyChainAutomation\ConsultantContract\consultantcr\SOW20250610JH-04","300000007913893","LOADED","6","6 document(s) uploaded to ContractId 300000007913893."
"SOW20250610JH-05","\\phsabc\root\HSSBC\SupplyChainAutomation\ConsultantContract\consultantcr\SOW20250610JH-05","300000007913885","LOADED","6","6 document(s) uploaded to ContractId 300000007913885."
"SOW20250610SB","\\phsabc\root\HSSBC\SupplyChainAutomation\ConsultantContract\consultantcr\SOW20250610SB","300000007914603","LOADED","6","6 document(s) uploaded to ContractId 300000007914603."
"SOW20250610VS","\\phsabc\root\HSSBC\SupplyChainAutomation\ConsultantContract\consultantcr\SOW20250610VS","","CONTRACT NOT FOUND","0","Contract number does not exist in Oracle Fusion."
"SOW20250611mp","\\phsabc\root\HSSBC\SupplyChainAutomation\ConsultantContract\consultantcr\SOW20250611mp","300000007913867","LOADED","3","3 document(s) uploaded to ContractId 300000007913867."
"SOW20250611-PMSIS-RCH","\\phsabc\root\HSSBC\SupplyChainAutomation\ConsultantContract\consultantcr\SOW20250611-PMSIS-RCH","300000007912849","LOADED","3","3 document(s) uploaded to ContractId 300000007912849."
"SOW20250613DI","\\phsabc\root\HSSBC\SupplyChainAutomation\ConsultantContract\consultantcr\SOW20250613DI","300000007914619","LOADED","3","3 document(s) uploaded to ContractId 300000007914619."
"SOW20250616CS","\\phsabc\root\HSSBC\SupplyChainAutomation\ConsultantContract\consultantcr\SOW20250616CS","300000007912917","LOADED","11","11 document(s) uploaded to ContractId 300000007912917."
"SOW20250616SR-1","\\phsabc\root\HSSBC\SupplyChainAutomation\ConsultantContract\consultantcr\SOW20250616SR-1","300000007914643","LOADED","7","7 document(s) uploaded to ContractId 300000007914643."
"SOW20250616SR-2","\\phsabc\root\HSSBC\SupplyChainAutomation\ConsultantContract\consultantcr\SOW20250616SR-2","","CONTRACT NOT FOUND","0","Contract number does not exist in Oracle Fusion."
"SOW20250616WS","\\phsabc\root\HSSBC\SupplyChainAutomation\ConsultantContract\consultantcr\SOW20250616WS","300000007912893","LOADED","6","6 document(s) uploaded to ContractId 300000007912893."
"SOW20250619CP","\\phsabc\root\HSSBC\SupplyChainAutomation\ConsultantContract\consultantcr\SOW20250619CP","300000007912271","LOADED","3","3 document(s) uploaded to ContractId 300000007912271."
"SOW20250619CP-2","\\phsabc\root\HSSBC\SupplyChainAutomation\ConsultantContract\consultantcr\SOW20250619CP-2","","CONTRACT NOT FOUND","0","Contract number does not exist in Oracle Fusion."
"SOW20250619CP-AMD1","\\phsabc\root\HSSBC\SupplyChainAutomation\ConsultantContract\consultantcr\SOW20250619CP-AMD1","","CONTRACT NOT FOUND","0","Contract number does not exist in Oracle Fusion."
"SOW20250625ZZ","\\phsabc\root\HSSBC\SupplyChainAutomation\ConsultantContract\consultantcr\SOW20250625ZZ","300000007912932","LOADED","3","3 document(s) uploaded to ContractId 300000007912932."
"SOW20250627BD","\\phsabc\root\HSSBC\SupplyChainAutomation\ConsultantContract\consultantcr\SOW20250627BD","300000007913943","LOADED","3","3 document(s) uploaded to ContractId 300000007913943."
"SOW20250627MT","\\phsabc\root\HSSBC\SupplyChainAutomation\ConsultantContract\consultantcr\SOW20250627MT","300000007911620","LOADED","3","3 document(s) uploaded to ContractId 300000007911620."
"SOW2025070217597","\\phsabc\root\HSSBC\SupplyChainAutomation\ConsultantContract\consultantcr\SOW2025070217597","300000007912909","LOADED","5","5 document(s) uploaded to ContractId 300000007912909."
"SOW2025070217597-AMD2","\\phsabc\root\HSSBC\SupplyChainAutomation\ConsultantContract\consultantcr\SOW2025070217597-AMD2","","CONTRACT NOT FOUND","0","Contract number does not exist in Oracle Fusion."
"SOW20250702-ITSL-RCDD-NSH","\\phsabc\root\HSSBC\SupplyChainAutomation\ConsultantContract\consultantcr\SOW20250702-ITSL-RCDD-NSH","300000007912939","LOADED","3","3 document(s) uploaded to ContractId 300000007912939."
"SOW20250704JM-1","\\phsabc\root\HSSBC\SupplyChainAutomation\ConsultantContract\consultantcr\SOW20250704JM-1","","CONTRACT NOT FOUND","0","Contract number does not exist in Oracle Fusion."
"SOW20250704RS","\\phsabc\root\HSSBC\SupplyChainAutomation\ConsultantContract\consultantcr\SOW20250704RS","300000007913935","LOADED","6","6 document(s) uploaded to ContractId 300000007913935."
"SOW20250707SB","\\phsabc\root\HSSBC\SupplyChainAutomation\ConsultantContract\consultantcr\SOW20250707SB","","CONTRACT NOT FOUND","0","Contract number does not exist in Oracle Fusion."
"SOW20250710og","\\phsabc\root\HSSBC\SupplyChainAutomation\ConsultantContract\consultantcr\SOW20250710og","300000007914627","LOADED","3","3 document(s) uploaded to ContractId 300000007914627."
"SOW20250711VK","\\phsabc\root\HSSBC\SupplyChainAutomation\ConsultantContract\consultantcr\SOW20250711VK","300000007914737","LOADED","3","3 document(s) uploaded to ContractId 300000007914737."
"SOW20250717LC","\\phsabc\root\HSSBC\SupplyChainAutomation\ConsultantContract\consultantcr\SOW20250717LC","","CONTRACT NOT FOUND","0","Contract number does not exist in Oracle Fusion."
"SOW20250718CH","\\phsabc\root\HSSBC\SupplyChainAutomation\ConsultantContract\consultantcr\SOW20250718CH","300000007912264","LOADED","3","3 document(s) uploaded to ContractId 300000007912264."
"SOW20250718SV","\\phsabc\root\HSSBC\SupplyChainAutomation\ConsultantContract\consultantcr\SOW20250718SV","","CONTRACT NOT FOUND","0","Contract number does not exist in Oracle Fusion."
"SOW20250721DP","\\phsabc\root\HSSBC\SupplyChainAutomation\ConsultantContract\consultantcr\SOW20250721DP","","CONTRACT NOT FOUND","0","Contract number does not exist in Oracle Fusion."
"SOW20250721KM","\\phsabc\root\HSSBC\SupplyChainAutomation\ConsultantContract\consultantcr\SOW20250721KM","","CONTRACT NOT FOUND","0","Contract number does not exist in Oracle Fusion."
"SOW20250722SB","\\phsabc\root\HSSBC\SupplyChainAutomation\ConsultantContract\consultantcr\SOW20250722SB","","CONTRACT NOT FOUND","0","Contract number does not exist in Oracle Fusion."
"SOW20250725BG","\\phsabc\root\HSSBC\SupplyChainAutomation\ConsultantContract\consultantcr\SOW20250725BG","300000007914698","LOADED","3","3 document(s) uploaded to ContractId 300000007914698."
"SOW20250725BG-REV1","\\phsabc\root\HSSBC\SupplyChainAutomation\ConsultantContract\consultantcr\SOW20250725BG-REV1","","CONTRACT NOT FOUND","0","Contract number does not exist in Oracle Fusion."
"SOW20250725JH-01","\\phsabc\root\HSSBC\SupplyChainAutomation\ConsultantContract\consultantcr\SOW20250725JH-01","300000007912979","LOADED","3","3 document(s) uploaded to ContractId 300000007912979."
"SOW20250725JH-01-AMD1","\\phsabc\root\HSSBC\SupplyChainAutomation\ConsultantContract\consultantcr\SOW20250725JH-01-AMD1","","CONTRACT NOT FOUND","0","Contract number does not exist in Oracle Fusion."
"SOW20250725JH-02","\\phsabc\root\HSSBC\SupplyChainAutomation\ConsultantContract\consultantcr\SOW20250725JH-02","300000007914684","LOADED","3","3 document(s) uploaded to ContractId 300000007914684."
"SOW20250725JH-02-AMD1","\\phsabc\root\HSSBC\SupplyChainAutomation\ConsultantContract\consultantcr\SOW20250725JH-02-AMD1","","CONTRACT NOT FOUND","0","Contract number does not exist in Oracle Fusion."
"SOW20250725JH-04","\\phsabc\root\HSSBC\SupplyChainAutomation\ConsultantContract\consultantcr\SOW20250725JH-04","300000007914691","LOADED","3","3 document(s) uploaded to ContractId 300000007914691."
"SOW20250725JH-04-AMD1","\\phsabc\root\HSSBC\SupplyChainAutomation\ConsultantContract\consultantcr\SOW20250725JH-04-AMD1","","CONTRACT NOT FOUND","0","Contract number does not exist in Oracle Fusion."
"SOW20250725OD","\\phsabc\root\HSSBC\SupplyChainAutomation\ConsultantContract\consultantcr\SOW20250725OD","300000007913975","LOADED","3","3 document(s) uploaded to ContractId 300000007913975."
"SOW20250725OD-AMD1","\\phsabc\root\HSSBC\SupplyChainAutomation\ConsultantContract\consultantcr\SOW20250725OD-AMD1","","CONTRACT NOT FOUND","0","Contract number does not exist in Oracle Fusion."
"SOW20250728CDG","\\phsabc\root\HSSBC\SupplyChainAutomation\ConsultantContract\consultantcr\SOW20250728CDG","300000007914721","LOADED","3","3 document(s) uploaded to ContractId 300000007914721."
"SOW20250728CDG_AMD1","\\phsabc\root\HSSBC\SupplyChainAutomation\ConsultantContract\consultantcr\SOW20250728CDG_AMD1","","CONTRACT NOT FOUND","0","Contract number does not exist in Oracle Fusion."
"SOW20250728SP","\\phsabc\root\HSSBC\SupplyChainAutomation\ConsultantContract\consultantcr\SOW20250728SP","","CONTRACT NOT FOUND","0","Contract number does not exist in Oracle Fusion."
"SOW20250729","\\phsabc\root\HSSBC\SupplyChainAutomation\ConsultantContract\consultantcr\SOW20250729","300000007914652","LOADED","3","3 document(s) uploaded to ContractId 300000007914652."
"SOW202507292RS","\\phsabc\root\HSSBC\SupplyChainAutomation\ConsultantContract\consultantcr\SOW202507292RS","","CONTRACT NOT FOUND","0","Contract number does not exist in Oracle Fusion."
"SOW20250729-AMD1","\\phsabc\root\HSSBC\SupplyChainAutomation\ConsultantContract\consultantcr\SOW20250729-AMD1","","CONTRACT NOT FOUND","0","Contract number does not exist in Oracle Fusion."
"SOW20250729RS","\\phsabc\root\HSSBC\SupplyChainAutomation\ConsultantContract\consultantcr\SOW20250729RS","300000007915003","LOADED","9","9 document(s) uploaded to ContractId 300000007915003."
"SOW20250729RS-AMD3","\\phsabc\root\HSSBC\SupplyChainAutomation\ConsultantContract\consultantcr\SOW20250729RS-AMD3","","CONTRACT NOT FOUND","0","Contract number does not exist in Oracle Fusion."
"SOW20250730-BA-SPMS-RCH","\\phsabc\root\HSSBC\SupplyChainAutomation\ConsultantContract\consultantcr\SOW20250730-BA-SPMS-RCH","300000007913968","LOADED","6","6 document(s) uploaded to ContractId 300000007913968."
"SOW20250730BCT","\\phsabc\root\HSSBC\SupplyChainAutomation\ConsultantContract\consultantcr\SOW20250730BCT","300000007914760","LOADED","3","3 document(s) uploaded to ContractId 300000007914760."
"SOW20250730LA","\\phsabc\root\HSSBC\SupplyChainAutomation\ConsultantContract\consultantcr\SOW20250730LA","","CONTRACT NOT FOUND","0","Contract number does not exist in Oracle Fusion."
"SOW20250731CS-1","\\phsabc\root\HSSBC\SupplyChainAutomation\ConsultantContract\consultantcr\SOW20250731CS-1","","CONTRACT NOT FOUND","0","Contract number does not exist in Oracle Fusion."
"SOW20250731CS-2","\\phsabc\root\HSSBC\SupplyChainAutomation\ConsultantContract\consultantcr\SOW20250731CS-2","300000007916025","LOADED","8","8 document(s) uploaded to ContractId 300000007916025."
"SOW20250731SF","\\phsabc\root\HSSBC\SupplyChainAutomation\ConsultantContract\consultantcr\SOW20250731SF","300000007916002","LOADED","3","3 document(s) uploaded to ContractId 300000007916002."
"SOW20250801AM","\\phsabc\root\HSSBC\SupplyChainAutomation\ConsultantContract\consultantcr\SOW20250801AM","300000007916147","LOADED","3","3 document(s) uploaded to ContractId 300000007916147."
"SOW20250801EY","\\phsabc\root\HSSBC\SupplyChainAutomation\ConsultantContract\consultantcr\SOW20250801EY","300000007913189","LOADED","6","6 document(s) uploaded to ContractId 300000007913189."
"SOW20250805JP","\\phsabc\root\HSSBC\SupplyChainAutomation\ConsultantContract\consultantcr\SOW20250805JP","300000007914667","LOADED","4","4 document(s) uploaded to ContractId 300000007914667."
"SOW20250805JS","\\phsabc\root\HSSBC\SupplyChainAutomation\ConsultantContract\consultantcr\SOW20250805JS","","CONTRACT NOT FOUND","0","Contract number does not exist in Oracle Fusion."
"SOW20250805KJ","\\phsabc\root\HSSBC\SupplyChainAutomation\ConsultantContract\consultantcr\SOW20250805KJ","","CONTRACT NOT FOUND","0","Contract number does not exist in Oracle Fusion."
"SOW20250805PB","\\phsabc\root\HSSBC\SupplyChainAutomation\ConsultantContract\consultantcr\SOW20250805PB","","CONTRACT NOT FOUND","0","Contract number does not exist in Oracle Fusion."
"SOW20250808MB1","\\phsabc\root\HSSBC\SupplyChainAutomation\ConsultantContract\consultantcr\SOW20250808MB1","300000007913951","LOADED","3","3 document(s) uploaded to ContractId 300000007913951."
"SOW20250808MB1-AMD1","\\phsabc\root\HSSBC\SupplyChainAutomation\ConsultantContract\consultantcr\SOW20250808MB1-AMD1","","CONTRACT NOT FOUND","0","Contract number does not exist in Oracle Fusion."
"SOW20250808MB2","\\phsabc\root\HSSBC\SupplyChainAutomation\ConsultantContract\consultantcr\SOW20250808MB2","300000007912971","LOADED","3","3 document(s) uploaded to ContractId 300000007912971."
"SOW20250808MB3","\\phsabc\root\HSSBC\SupplyChainAutomation\ConsultantContract\consultantcr\SOW20250808MB3","300000007913961","LOADED","3","3 document(s) uploaded to ContractId 300000007913961."
"SOW20250808MB3-AMD1","\\phsabc\root\HSSBC\SupplyChainAutomation\ConsultantContract\consultantcr\SOW20250808MB3-AMD1","","CONTRACT NOT FOUND","0","Contract number does not exist in Oracle Fusion."
"SOW20250808MB4","\\phsabc\root\HSSBC\SupplyChainAutomation\ConsultantContract\consultantcr\SOW20250808MB4","300000007914674","LOADED","6","6 document(s) uploaded to ContractId 300000007914674."
"SOW20250808MT","\\phsabc\root\HSSBC\SupplyChainAutomation\ConsultantContract\consultantcr\SOW20250808MT","300000007914705","LOADED","3","3 document(s) uploaded to ContractId 300000007914705."
"SOW20250808YZ","\\phsabc\root\HSSBC\SupplyChainAutomation\ConsultantContract\consultantcr\SOW20250808YZ","300000007914712","LOADED","3","3 document(s) uploaded to ContractId 300000007914712."
"SOW20250808ZZ","\\phsabc\root\HSSBC\SupplyChainAutomation\ConsultantContract\consultantcr\SOW20250808ZZ","300000007913987","LOADED","3","3 document(s) uploaded to ContractId 300000007913987."
"SOW20250811IJ","\\phsabc\root\HSSBC\SupplyChainAutomation\ConsultantContract\consultantcr\SOW20250811IJ","300000007912987","LOADED","3","3 document(s) uploaded to ContractId 300000007912987."
"SOW20250811MB1","\\phsabc\root\HSSBC\SupplyChainAutomation\ConsultantContract\consultantcr\SOW20250811MB1","300000007912963","LOADED","6","6 document(s) uploaded to ContractId 300000007912963."
"SOW20250811MB2","\\phsabc\root\HSSBC\SupplyChainAutomation\ConsultantContract\consultantcr\SOW20250811MB2","300000007912955","LOADED","3","3 document(s) uploaded to ContractId 300000007912955."
"SOW20250811MB2-AMD1","\\phsabc\root\HSSBC\SupplyChainAutomation\ConsultantContract\consultantcr\SOW20250811MB2-AMD1","","CONTRACT NOT FOUND","0","Contract number does not exist in Oracle Fusion."
"SOW20250811MB3","\\phsabc\root\HSSBC\SupplyChainAutomation\ConsultantContract\consultantcr\SOW20250811MB3","300000007915051","LOADED","3","3 document(s) uploaded to ContractId 300000007915051."
"SOW20250811MB3-AMD1","\\phsabc\root\HSSBC\SupplyChainAutomation\ConsultantContract\consultantcr\SOW20250811MB3-AMD1","","CONTRACT NOT FOUND","0","Contract number does not exist in Oracle Fusion."
"SOW20250811PK","\\phsabc\root\HSSBC\SupplyChainAutomation\ConsultantContract\consultantcr\SOW20250811PK","300000007916009","LOADED","3","3 document(s) uploaded to ContractId 300000007916009."
"SOW20250811RL","\\phsabc\root\HSSBC\SupplyChainAutomation\ConsultantContract\consultantcr\SOW20250811RL","300000007914660","LOADED","3","3 document(s) uploaded to ContractId 300000007914660."
"SOW20250812MB1","\\phsabc\root\HSSBC\SupplyChainAutomation\ConsultantContract\consultantcr\SOW20250812MB1","","CONTRACT NOT FOUND","0","Contract number does not exist in Oracle Fusion."
"SOW20250813","\\phsabc\root\HSSBC\SupplyChainAutomation\ConsultantContract\consultantcr\SOW20250813","300000007916090","LOADED","3","3 document(s) uploaded to ContractId 300000007916090."
"SOW20250814DT","\\phsabc\root\HSSBC\SupplyChainAutomation\ConsultantContract\consultantcr\SOW20250814DT","","CONTRACT NOT FOUND","0","Contract number does not exist in Oracle Fusion."
"SOW20250814DT-AMD1","\\phsabc\root\HSSBC\SupplyChainAutomation\ConsultantContract\consultantcr\SOW20250814DT-AMD1","","CONTRACT NOT FOUND","0","Contract number does not exist in Oracle Fusion."
"SOW20250814MC","\\phsabc\root\HSSBC\SupplyChainAutomation\ConsultantContract\consultantcr\SOW20250814MC","","CONTRACT NOT FOUND","0","Contract number does not exist in Oracle Fusion."
"SOW20250815KJ","\\phsabc\root\HSSBC\SupplyChainAutomation\ConsultantContract\consultantcr\SOW20250815KJ","","CONTRACT NOT FOUND","0","Contract number does not exist in Oracle Fusion."
"SOW20250815KJ2","\\phsabc\root\HSSBC\SupplyChainAutomation\ConsultantContract\consultantcr\SOW20250815KJ2","","CONTRACT NOT FOUND","0","Contract number does not exist in Oracle Fusion."
"SOW20250815KJ3","\\phsabc\root\HSSBC\SupplyChainAutomation\ConsultantContract\consultantcr\SOW20250815KJ3","300000007915044","LOADED","3","3 document(s) uploaded to ContractId 300000007915044."
"SOW20250815RC","\\phsabc\root\HSSBC\SupplyChainAutomation\ConsultantContract\consultantcr\SOW20250815RC","300000007912947","LOADED","3","3 document(s) uploaded to ContractId 300000007912947."
"SOW20250815ZZ","\\phsabc\root\HSSBC\SupplyChainAutomation\ConsultantContract\consultantcr\SOW20250815ZZ","","CONTRACT NOT FOUND","0","Contract number does not exist in Oracle Fusion."
"SOW20250818ZZ","\\phsabc\root\HSSBC\SupplyChainAutomation\ConsultantContract\consultantcr\SOW20250818ZZ","","CONTRACT NOT FOUND","0","Contract number does not exist in Oracle Fusion."
"SOW20250820RL","\\phsabc\root\HSSBC\SupplyChainAutomation\ConsultantContract\consultantcr\SOW20250820RL","300000007914730","LOADED","3","3 document(s) uploaded to ContractId 300000007914730."
"SOW20250820RL-1","\\phsabc\root\HSSBC\SupplyChainAutomation\ConsultantContract\consultantcr\SOW20250820RL-1","300000007915011","LOADED","3","3 document(s) uploaded to ContractId 300000007915011."
"SOW20250821CS-1","\\phsabc\root\HSSBC\SupplyChainAutomation\ConsultantContract\consultantcr\SOW20250821CS-1","300000007914872","LOADED","10","10 document(s) uploaded to ContractId 300000007914872."
"SOW20250821CS-2","\\phsabc\root\HSSBC\SupplyChainAutomation\ConsultantContract\consultantcr\SOW20250821CS-2","300000007914746","LOADED","7","7 document(s) uploaded to ContractId 300000007914746."
"SOW20250821CS-3","\\phsabc\root\HSSBC\SupplyChainAutomation\ConsultantContract\consultantcr\SOW20250821CS-3","","CONTRACT NOT FOUND","0","Contract number does not exist in Oracle Fusion."
"SOW20250821EY","\\phsabc\root\HSSBC\SupplyChainAutomation\ConsultantContract\consultantcr\SOW20250821EY","300000007912995","LOADED","3","3 document(s) uploaded to ContractId 300000007912995."
"SOW20250825JT","\\phsabc\root\HSSBC\SupplyChainAutomation\ConsultantContract\consultantcr\SOW20250825JT","300000007915067","LOADED","3","3 document(s) uploaded to ContractId 300000007915067."
"SOW20250825KS","\\phsabc\root\HSSBC\SupplyChainAutomation\ConsultantContract\consultantcr\SOW20250825KS","","CONTRACT NOT FOUND","0","Contract number does not exist in Oracle Fusion."
"SOW20250828SL","\\phsabc\root\HSSBC\SupplyChainAutomation\ConsultantContract\consultantcr\SOW20250828SL","300000007914839","LOADED","6","6 document(s) uploaded to ContractId 300000007914839."
"SOW20250901LBCO","\\phsabc\root\HSSBC\SupplyChainAutomation\ConsultantContract\consultantcr\SOW20250901LBCO","","CONTRACT NOT FOUND","0","Contract number does not exist in Oracle Fusion."
"SOW20250902MC","\\phsabc\root\HSSBC\SupplyChainAutomation\ConsultantContract\consultantcr\SOW20250902MC","300000007916041","LOADED","3","3 document(s) uploaded to ContractId 300000007916041."
"SOW20250903AZ","\\phsabc\root\HSSBC\SupplyChainAutomation\ConsultantContract\consultantcr\SOW20250903AZ","300000007914809","LOADED","3","3 document(s) uploaded to ContractId 300000007914809."
"SOW20250904am","\\phsabc\root\HSSBC\SupplyChainAutomation\ConsultantContract\consultantcr\SOW20250904am","","CONTRACT NOT FOUND","0","Contract number does not exist in Oracle Fusion."
"SOW20250905AC","\\phsabc\root\HSSBC\SupplyChainAutomation\ConsultantContract\consultantcr\SOW20250905AC","300000007914824","LOADED","3","3 document(s) uploaded to ContractId 300000007914824."
"SOW20250905AC-AMD1","\\phsabc\root\HSSBC\SupplyChainAutomation\ConsultantContract\consultantcr\SOW20250905AC-AMD1","","CONTRACT NOT FOUND","0","Contract number does not exist in Oracle Fusion."
"SOW20250908BM","\\phsabc\root\HSSBC\SupplyChainAutomation\ConsultantContract\consultantcr\SOW20250908BM","300000007916049","LOADED","3","3 document(s) uploaded to ContractId 300000007916049."
"SOW20250908JS","\\phsabc\root\HSSBC\SupplyChainAutomation\ConsultantContract\consultantcr\SOW20250908JS","300000007915163","LOADED","3","3 document(s) uploaded to ContractId 300000007915163."
"SOW20250908VK","\\phsabc\root\HSSBC\SupplyChainAutomation\ConsultantContract\consultantcr\SOW20250908VK","","CONTRACT NOT FOUND","0","Contract number does not exist in Oracle Fusion."
"SOW2025090901CH","\\phsabc\root\HSSBC\SupplyChainAutomation\ConsultantContract\consultantcr\SOW2025090901CH","300000007914817","LOADED","1","1 document(s) uploaded to ContractId 300000007914817."
"SOW2025090901CH-AMD1","\\phsabc\root\HSSBC\SupplyChainAutomation\ConsultantContract\consultantcr\SOW2025090901CH-AMD1","","CONTRACT NOT FOUND","0","Contract number does not exist in Oracle Fusion."
"SOW2025090902CH","\\phsabc\root\HSSBC\SupplyChainAutomation\ConsultantContract\consultantcr\SOW2025090902CH","","CONTRACT NOT FOUND","0","Contract number does not exist in Oracle Fusion."
"SOW20250909AP","\\phsabc\root\HSSBC\SupplyChainAutomation\ConsultantContract\consultantcr\SOW20250909AP","300000007915099","LOADED","3","3 document(s) uploaded to ContractId 300000007915099."
"SOW20250909BM","\\phsabc\root\HSSBC\SupplyChainAutomation\ConsultantContract\consultantcr\SOW20250909BM","300000007914777","LOADED","3","3 document(s) uploaded to ContractId 300000007914777."
"SOW20250909BM-AMD1","\\phsabc\root\HSSBC\SupplyChainAutomation\ConsultantContract\consultantcr\SOW20250909BM-AMD1","","CONTRACT NOT FOUND","0","Contract number does not exist in Oracle Fusion."
"SOW20250909SJ","\\phsabc\root\HSSBC\SupplyChainAutomation\ConsultantContract\consultantcr\SOW20250909SJ","300000007915106","LOADED","3","3 document(s) uploaded to ContractId 300000007915106."
"SOW20250910-01JB","\\phsabc\root\HSSBC\SupplyChainAutomation\ConsultantContract\consultantcr\SOW20250910-01JB","","CONTRACT NOT FOUND","0","Contract number does not exist in Oracle Fusion."
"SOW20250910JB","\\phsabc\root\HSSBC\SupplyChainAutomation\ConsultantContract\consultantcr\SOW20250910JB","300000007916116","LOADED","6","6 document(s) uploaded to ContractId 300000007916116."
"SOW20250911-CCSBA-BH","\\phsabc\root\HSSBC\SupplyChainAutomation\ConsultantContract\consultantcr\SOW20250911-CCSBA-BH","300000007916075","LOADED","3","3 document(s) uploaded to ContractId 300000007916075."
"SOW20250911-CCSBA-RCH","\\phsabc\root\HSSBC\SupplyChainAutomation\ConsultantContract\consultantcr\SOW20250911-CCSBA-RCH","300000007915083","LOADED","3","3 document(s) uploaded to ContractId 300000007915083."
"SOW20250911EY-1","\\phsabc\root\HSSBC\SupplyChainAutomation\ConsultantContract\consultantcr\SOW20250911EY-1","300000007915037","LOADED","3","3 document(s) uploaded to ContractId 300000007915037."
"SOW20250911EY-2","\\phsabc\root\HSSBC\SupplyChainAutomation\ConsultantContract\consultantcr\SOW20250911EY-2","300000007914831","LOADED","3","3 document(s) uploaded to ContractId 300000007914831."
"SOW20250911IJ","\\phsabc\root\HSSBC\SupplyChainAutomation\ConsultantContract\consultantcr\SOW20250911IJ","300000007916033","LOADED","3","3 document(s) uploaded to ContractId 300000007916033."
"SOW20250911IJ-1","\\phsabc\root\HSSBC\SupplyChainAutomation\ConsultantContract\consultantcr\SOW20250911IJ-1","300000007914753","LOADED","3","3 document(s) uploaded to ContractId 300000007914753."
"SOW20250911SL","\\phsabc\root\HSSBC\SupplyChainAutomation\ConsultantContract\consultantcr\SOW20250911SL","300000007914770","LOADED","3","3 document(s) uploaded to ContractId 300000007914770."
"SOW20250912LC","\\phsabc\root\HSSBC\SupplyChainAutomation\ConsultantContract\consultantcr\SOW20250912LC","","CONTRACT NOT FOUND","0","Contract number does not exist in Oracle Fusion."
"SOW20250912MP","\\phsabc\root\HSSBC\SupplyChainAutomation\ConsultantContract\consultantcr\SOW20250912MP","300000007916082","LOADED","3","3 document(s) uploaded to ContractId 300000007916082."
"SOW20250913LC","\\phsabc\root\HSSBC\SupplyChainAutomation\ConsultantContract\consultantcr\SOW20250913LC","","CONTRACT NOT FOUND","0","Contract number does not exist in Oracle Fusion."
"SOW20250915HK","\\phsabc\root\HSSBC\SupplyChainAutomation\ConsultantContract\consultantcr\SOW20250915HK","300000007914799","LOADED","3","3 document(s) uploaded to ContractId 300000007914799."
"SOW20250915NF","\\phsabc\root\HSSBC\SupplyChainAutomation\ConsultantContract\consultantcr\SOW20250915NF","300000007915202","LOADED","3","3 document(s) uploaded to ContractId 300000007915202."
"SOW20250915PD","\\phsabc\root\HSSBC\SupplyChainAutomation\ConsultantContract\consultantcr\SOW20250915PD","300000007915091","LOADED","3","3 document(s) uploaded to ContractId 300000007915091."
"SOW20250915SR","\\phsabc\root\HSSBC\SupplyChainAutomation\ConsultantContract\consultantcr\SOW20250915SR","300000007916268","LOADED","3","3 document(s) uploaded to ContractId 300000007916268."
"SOW20250918BW","\\phsabc\root\HSSBC\SupplyChainAutomation\ConsultantContract\consultantcr\SOW20250918BW","300000007916018","LOADED","3","3 document(s) uploaded to ContractId 300000007916018."
"SOW20250919AA","\\phsabc\root\HSSBC\SupplyChainAutomation\ConsultantContract\consultantcr\SOW20250919AA","","CONTRACT NOT FOUND","0","Contract number does not exist in Oracle Fusion."
"SOW20250919OD","\\phsabc\root\HSSBC\SupplyChainAutomation\ConsultantContract\consultantcr\SOW20250919OD","300000007914792","LOADED","3","3 document(s) uploaded to ContractId 300000007914792."
"SOW20250919OD-AMD1","\\phsabc\root\HSSBC\SupplyChainAutomation\ConsultantContract\consultantcr\SOW20250919OD-AMD1","","CONTRACT NOT FOUND","0","Contract number does not exist in Oracle Fusion."
"SOW20250922MC","\\phsabc\root\HSSBC\SupplyChainAutomation\ConsultantContract\consultantcr\SOW20250922MC","300000007915075","LOADED","3","3 document(s) uploaded to ContractId 300000007915075."
"SOW20250922WB-1","\\phsabc\root\HSSBC\SupplyChainAutomation\ConsultantContract\consultantcr\SOW20250922WB-1","300000007914784","LOADED","3","3 document(s) uploaded to ContractId 300000007914784."
"SOW20250922WB-1-AMD1","\\phsabc\root\HSSBC\SupplyChainAutomation\ConsultantContract\consultantcr\SOW20250922WB-1-AMD1","","CONTRACT NOT FOUND","0","Contract number does not exist in Oracle Fusion."
"SOW20250922WB-2","\\phsabc\root\HSSBC\SupplyChainAutomation\ConsultantContract\consultantcr\SOW20250922WB-2","300000007916059","LOADED","3","3 document(s) uploaded to ContractId 300000007916059."
"SOW20250922WB-2-AMD1","\\phsabc\root\HSSBC\SupplyChainAutomation\ConsultantContract\consultantcr\SOW20250922WB-2-AMD1","","CONTRACT NOT FOUND","0","Contract number does not exist in Oracle Fusion."
"SOW20250923CS","\\phsabc\root\HSSBC\SupplyChainAutomation\ConsultantContract\consultantcr\SOW20250923CS","300000007916181","LOADED","6","6 document(s) uploaded to ContractId 300000007916181."
"SOW20250923CS-AMD1","\\phsabc\root\HSSBC\SupplyChainAutomation\ConsultantContract\consultantcr\SOW20250923CS-AMD1","","CONTRACT NOT FOUND","0","Contract number does not exist in Oracle Fusion."
"SOW20250924WB-1","\\phsabc\root\HSSBC\SupplyChainAutomation\ConsultantContract\consultantcr\SOW20250924WB-1","300000007916109","LOADED","3","3 document(s) uploaded to ContractId 300000007916109."
"SOW20250924WB-1-AMD1","\\phsabc\root\HSSBC\SupplyChainAutomation\ConsultantContract\consultantcr\SOW20250924WB-1-AMD1","","CONTRACT NOT FOUND","0","Contract number does not exist in Oracle Fusion."
"SOW20250924WB-2","\\phsabc\root\HSSBC\SupplyChainAutomation\ConsultantContract\consultantcr\SOW20250924WB-2","300000007915059","LOADED","3","3 document(s) uploaded to ContractId 300000007915059."
"SOW20250924WB-2-AMD1","\\phsabc\root\HSSBC\SupplyChainAutomation\ConsultantContract\consultantcr\SOW20250924WB-2-AMD1","","CONTRACT NOT FOUND","0","Contract number does not exist in Oracle Fusion."
"SOW20250929-LITD-RCH","\\phsabc\root\HSSBC\SupplyChainAutomation\ConsultantContract\consultantcr\SOW20250929-LITD-RCH","300000007915121","LOADED","3","3 document(s) uploaded to ContractId 300000007915121."
"SOW20251001","\\phsabc\root\HSSBC\SupplyChainAutomation\ConsultantContract\consultantcr\SOW20251001","","CONTRACT NOT FOUND","0","Contract number does not exist in Oracle Fusion."
"SOW20251001GA","\\phsabc\root\HSSBC\SupplyChainAutomation\ConsultantContract\consultantcr\SOW20251001GA","","CONTRACT NOT FOUND","0","Contract number does not exist in Oracle Fusion."
"SOW20251002-IMITPD-RCH","\\phsabc\root\HSSBC\SupplyChainAutomation\ConsultantContract\consultantcr\SOW20251002-IMITPD-RCH","300000007913211","LOADED","3","3 document(s) uploaded to ContractId 300000007913211."
"SOW20251002-PIA-BH","\\phsabc\root\HSSBC\SupplyChainAutomation\ConsultantContract\consultantcr\SOW20251002-PIA-BH","","CONTRACT NOT FOUND","0","Contract number does not exist in Oracle Fusion."
"SOW20251002-PIA-NSH","\\phsabc\root\HSSBC\SupplyChainAutomation\ConsultantContract\consultantcr\SOW20251002-PIA-NSH","","CONTRACT NOT FOUND","0","Contract number does not exist in Oracle Fusion."
"SOW20251002-PIA-RCH","\\phsabc\root\HSSBC\SupplyChainAutomation\ConsultantContract\consultantcr\SOW20251002-PIA-RCH","300000007911939","LOADED","3","3 document(s) uploaded to ContractId 300000007911939."
"SOW20251002-PIA-RCH-AMD1","\\phsabc\root\HSSBC\SupplyChainAutomation\ConsultantContract\consultantcr\SOW20251002-PIA-RCH-AMD1","","CONTRACT NOT FOUND","0","Contract number does not exist in Oracle Fusion."
"SOW20251002-PIA-RCH-AMD2","\\phsabc\root\HSSBC\SupplyChainAutomation\ConsultantContract\consultantcr\SOW20251002-PIA-RCH-AMD2","","CONTRACT NOT FOUND","0","Contract number does not exist in Oracle Fusion."
"SOW20251006GM","\\phsabc\root\HSSBC\SupplyChainAutomation\ConsultantContract\consultantcr\SOW20251006GM","","CONTRACT NOT FOUND","0","Contract number does not exist in Oracle Fusion."
"SOW20251007GM","\\phsabc\root\HSSBC\SupplyChainAutomation\ConsultantContract\consultantcr\SOW20251007GM","","CONTRACT NOT FOUND","0","Contract number does not exist in Oracle Fusion."
"SOW20251007-ITCL-RCH","\\phsabc\root\HSSBC\SupplyChainAutomation\ConsultantContract\consultantcr\SOW20251007-ITCL-RCH","","CONTRACT NOT FOUND","0","Contract number does not exist in Oracle Fusion."
"SOW20251008","\\phsabc\root\HSSBC\SupplyChainAutomation\ConsultantContract\consultantcr\SOW20251008","","CONTRACT NOT FOUND","0","Contract number does not exist in Oracle Fusion."
"SOW20251008GM","\\phsabc\root\HSSBC\SupplyChainAutomation\ConsultantContract\consultantcr\SOW20251008GM","","CONTRACT NOT FOUND","0","Contract number does not exist in Oracle Fusion."
"SOW20251008SV","\\phsabc\root\HSSBC\SupplyChainAutomation\ConsultantContract\consultantcr\SOW20251008SV","","CONTRACT NOT FOUND","0","Contract number does not exist in Oracle Fusion."
"SOW20251010-SA-ST2","\\phsabc\root\HSSBC\SupplyChainAutomation\ConsultantContract\consultantcr\SOW20251010-SA-ST2","300000007915113","LOADED","3","3 document(s) uploaded to ContractId 300000007915113."
"SOW20251014CH","\\phsabc\root\HSSBC\SupplyChainAutomation\ConsultantContract\consultantcr\SOW20251014CH","300000007916132","LOADED","3","3 document(s) uploaded to ContractId 300000007916132."
"SOW20251014HP","\\phsabc\root\HSSBC\SupplyChainAutomation\ConsultantContract\consultantcr\SOW20251014HP","300000007916102","LOADED","3","3 document(s) uploaded to ContractId 300000007916102."
"SOW20251014JM","\\phsabc\root\HSSBC\SupplyChainAutomation\ConsultantContract\consultantcr\SOW20251014JM","300000007914928","LOADED","3","3 document(s) uploaded to ContractId 300000007914928."
"SOW20251015CS-2","\\phsabc\root\HSSBC\SupplyChainAutomation\ConsultantContract\consultantcr\SOW20251015CS-2","300000007915234","LOADED","3","3 document(s) uploaded to ContractId 300000007915234."
"SOW20251016","\\phsabc\root\HSSBC\SupplyChainAutomation\ConsultantContract\consultantcr\SOW20251016","300000007914879","LOADED","3","3 document(s) uploaded to ContractId 300000007914879."
"SOW20251016-1","\\phsabc\root\HSSBC\SupplyChainAutomation\ConsultantContract\consultantcr\SOW20251016-1","300000007914920","LOADED","3","3 document(s) uploaded to ContractId 300000007914920."
"SOW20251016AC","\\phsabc\root\HSSBC\SupplyChainAutomation\ConsultantContract\consultantcr\SOW20251016AC","300000007914847","LOADED","3","3 document(s) uploaded to ContractId 300000007914847."
"SOW20251016CS1","\\phsabc\root\HSSBC\SupplyChainAutomation\ConsultantContract\consultantcr\SOW20251016CS1","300000007914953","LOADED","3","3 document(s) uploaded to ContractId 300000007914953."
"SOW20251016-PIA-BH","\\phsabc\root\HSSBC\SupplyChainAutomation\ConsultantContract\consultantcr\SOW20251016-PIA-BH","300000007911857","LOADED","2","2 document(s) uploaded to ContractId 300000007911857."
"SOW20251016-PIA-NSH","\\phsabc\root\HSSBC\SupplyChainAutomation\ConsultantContract\consultantcr\SOW20251016-PIA-NSH","300000007911703","LOADED","2","2 document(s) uploaded to ContractId 300000007911703."
"SOW20251016-PIA-RCH","\\phsabc\root\HSSBC\SupplyChainAutomation\ConsultantContract\consultantcr\SOW20251016-PIA-RCH","300000007911849","LOADED","2","2 document(s) uploaded to ContractId 300000007911849."
"SOW20251017CS","\\phsabc\root\HSSBC\SupplyChainAutomation\ConsultantContract\consultantcr\SOW20251017CS","300000007917087","LOADED","3","3 document(s) uploaded to ContractId 300000007917087."
"SOW20251017HJ","\\phsabc\root\HSSBC\SupplyChainAutomation\ConsultantContract\consultantcr\SOW20251017HJ","300000007914855","LOADED","3","3 document(s) uploaded to ContractId 300000007914855."
"SOW20251020CH","\\phsabc\root\HSSBC\SupplyChainAutomation\ConsultantContract\consultantcr\SOW20251020CH","300000007916220","LOADED","3","3 document(s) uploaded to ContractId 300000007916220."
"SOW20251020CH-AMD1","\\phsabc\root\HSSBC\SupplyChainAutomation\ConsultantContract\consultantcr\SOW20251020CH-AMD1","","CONTRACT NOT FOUND","0","Contract number does not exist in Oracle Fusion."
"SOW20251020EY","\\phsabc\root\HSSBC\SupplyChainAutomation\ConsultantContract\consultantcr\SOW20251020EY","300000007916139","LOADED","3","3 document(s) uploaded to ContractId 300000007916139."
"SOW20251020GM","\\phsabc\root\HSSBC\SupplyChainAutomation\ConsultantContract\consultantcr\SOW20251020GM","","CONTRACT NOT FOUND","0","Contract number does not exist in Oracle Fusion."
"SOW20251020GM_AMD3","\\phsabc\root\HSSBC\SupplyChainAutomation\ConsultantContract\consultantcr\SOW20251020GM_AMD3","","CONTRACT NOT FOUND","0","Contract number does not exist in Oracle Fusion."
"SOW20251020GM-AMD2","\\phsabc\root\HSSBC\SupplyChainAutomation\ConsultantContract\consultantcr\SOW20251020GM-AMD2","","CONTRACT NOT FOUND","0","Contract number does not exist in Oracle Fusion."
"SOW20251020IJ","\\phsabc\root\HSSBC\SupplyChainAutomation\ConsultantContract\consultantcr\SOW20251020IJ","300000007916124","LOADED","3","3 document(s) uploaded to ContractId 300000007916124."
"SOW20251020LW","\\phsabc\root\HSSBC\SupplyChainAutomation\ConsultantContract\consultantcr\SOW20251020LW","300000007915147","LOADED","3","3 document(s) uploaded to ContractId 300000007915147."
"SOW20251020MB1","\\phsabc\root\HSSBC\SupplyChainAutomation\ConsultantContract\consultantcr\SOW20251020MB1","300000007914936","LOADED","3","3 document(s) uploaded to ContractId 300000007914936."
"SOW20251020MB2","\\phsabc\root\HSSBC\SupplyChainAutomation\ConsultantContract\consultantcr\SOW20251020MB2","300000007916212","LOADED","3","3 document(s) uploaded to ContractId 300000007916212."
"SOW20251020PK","\\phsabc\root\HSSBC\SupplyChainAutomation\ConsultantContract\consultantcr\SOW20251020PK","300000007915155","LOADED","3","3 document(s) uploaded to ContractId 300000007915155."
"SOW20251021CS3","\\phsabc\root\HSSBC\SupplyChainAutomation\ConsultantContract\consultantcr\SOW20251021CS3","300000007913109","LOADED","3","3 document(s) uploaded to ContractId 300000007913109."
"SOW20251021CS4","\\phsabc\root\HSSBC\SupplyChainAutomation\ConsultantContract\consultantcr\SOW20251021CS4","300000007916243","LOADED","3","3 document(s) uploaded to ContractId 300000007916243."
"SOW20251022SH","\\phsabc\root\HSSBC\SupplyChainAutomation\ConsultantContract\consultantcr\SOW20251022SH","","CONTRACT NOT FOUND","0","Contract number does not exist in Oracle Fusion."
"SOW20251023AO","\\phsabc\root\HSSBC\SupplyChainAutomation\ConsultantContract\consultantcr\SOW20251023AO","","CONTRACT NOT FOUND","0","Contract number does not exist in Oracle Fusion."
"SOW20251024CS1","\\phsabc\root\HSSBC\SupplyChainAutomation\ConsultantContract\consultantcr\SOW20251024CS1","","CONTRACT NOT FOUND","0","Contract number does not exist in Oracle Fusion."
"SOW20251024CS1-AMD_1","\\phsabc\root\HSSBC\SupplyChainAutomation\ConsultantContract\consultantcr\SOW20251024CS1-AMD_1","","CONTRACT NOT FOUND","0","Contract number does not exist in Oracle Fusion."
"SOW20251024LT","\\phsabc\root\HSSBC\SupplyChainAutomation\ConsultantContract\consultantcr\SOW20251024LT","300000007914864","LOADED","3","3 document(s) uploaded to ContractId 300000007914864."
"SOW20251024MB1","\\phsabc\root\HSSBC\SupplyChainAutomation\ConsultantContract\consultantcr\SOW20251024MB1","300000007916234","LOADED","5","5 document(s) uploaded to ContractId 300000007916234."
"SOW20251024MB3","\\phsabc\root\HSSBC\SupplyChainAutomation\ConsultantContract\consultantcr\SOW20251024MB3","300000007915226","LOADED","3","3 document(s) uploaded to ContractId 300000007915226."
"SOW20251024SB","\\phsabc\root\HSSBC\SupplyChainAutomation\ConsultantContract\consultantcr\SOW20251024SB","","CONTRACT NOT FOUND","0","Contract number does not exist in Oracle Fusion."
"SOW20251024ZZ","\\phsabc\root\HSSBC\SupplyChainAutomation\ConsultantContract\consultantcr\SOW20251024ZZ","300000007915186","LOADED","6","6 document(s) uploaded to ContractId 300000007915186."
"SOW20251027EY","\\phsabc\root\HSSBC\SupplyChainAutomation\ConsultantContract\consultantcr\SOW20251027EY","300000007915139","LOADED","3","3 document(s) uploaded to ContractId 300000007915139."
"SOW20251027JK","\\phsabc\root\HSSBC\SupplyChainAutomation\ConsultantContract\consultantcr\SOW20251027JK","300000007914946","LOADED","3","3 document(s) uploaded to ContractId 300000007914946."
"SOW20251027RF","\\phsabc\root\HSSBC\SupplyChainAutomation\ConsultantContract\consultantcr\SOW20251027RF","","CONTRACT NOT FOUND","0","Contract number does not exist in Oracle Fusion."
"SOW20251028DB-1","\\phsabc\root\HSSBC\SupplyChainAutomation\ConsultantContract\consultantcr\SOW20251028DB-1","300000007915171","LOADED","3","3 document(s) uploaded to ContractId 300000007915171."
"SOW20251028DB-10","\\phsabc\root\HSSBC\SupplyChainAutomation\ConsultantContract\consultantcr\SOW20251028DB-10","300000007916159","LOADED","3","3 document(s) uploaded to ContractId 300000007916159."
"SOW20251028DB-11","\\phsabc\root\HSSBC\SupplyChainAutomation\ConsultantContract\consultantcr\SOW20251028DB-11","300000007914893","LOADED","3","3 document(s) uploaded to ContractId 300000007914893."
"SOW20251028DB-2","\\phsabc\root\HSSBC\SupplyChainAutomation\ConsultantContract\consultantcr\SOW20251028DB-2","300000007916189","LOADED","3","3 document(s) uploaded to ContractId 300000007916189."
"SOW20251028DB-3","\\phsabc\root\HSSBC\SupplyChainAutomation\ConsultantContract\consultantcr\SOW20251028DB-3","300000007914912","LOADED","3","3 document(s) uploaded to ContractId 300000007914912."
"SOW20251028DB-4","\\phsabc\root\HSSBC\SupplyChainAutomation\ConsultantContract\consultantcr\SOW20251028DB-4","300000007915193","LOADED","3","3 document(s) uploaded to ContractId 300000007915193."
"SOW20251028DB-5","\\phsabc\root\HSSBC\SupplyChainAutomation\ConsultantContract\consultantcr\SOW20251028DB-5","300000007914903","LOADED","3","3 document(s) uploaded to ContractId 300000007914903."
"SOW20251028DB-6","\\phsabc\root\HSSBC\SupplyChainAutomation\ConsultantContract\consultantcr\SOW20251028DB-6","300000007916173","LOADED","3","3 document(s) uploaded to ContractId 300000007916173."
"SOW20251028DB-7","\\phsabc\root\HSSBC\SupplyChainAutomation\ConsultantContract\consultantcr\SOW20251028DB-7","300000007916166","LOADED","3","3 document(s) uploaded to ContractId 300000007916166."
"SOW20251028DB-8","\\phsabc\root\HSSBC\SupplyChainAutomation\ConsultantContract\consultantcr\SOW20251028DB-8","300000007916204","LOADED","3","3 document(s) uploaded to ContractId 300000007916204."
"SOW20251028DB-9","\\phsabc\root\HSSBC\SupplyChainAutomation\ConsultantContract\consultantcr\SOW20251028DB-9","300000007915178","LOADED","3","3 document(s) uploaded to ContractId 300000007915178."
"SOW20251028EH","\\phsabc\root\HSSBC\SupplyChainAutomation\ConsultantContract\consultantcr\SOW20251028EH","300000007914886","LOADED","3","3 document(s) uploaded to ContractId 300000007914886."
"SOW20251030SR","\\phsabc\root\HSSBC\SupplyChainAutomation\ConsultantContract\consultantcr\SOW20251030SR","300000007915265","LOADED","3","3 document(s) uploaded to ContractId 300000007915265."
"SOW20251031CP","\\phsabc\root\HSSBC\SupplyChainAutomation\ConsultantContract\consultantcr\SOW20251031CP","300000007916196","LOADED","3","3 document(s) uploaded to ContractId 300000007916196."
"SOW20251031CS","\\phsabc\root\HSSBC\SupplyChainAutomation\ConsultantContract\consultantcr\SOW20251031CS","","CONTRACT NOT FOUND","0","Contract number does not exist in Oracle Fusion."
"SOW20251031MG","\\phsabc\root\HSSBC\SupplyChainAutomation\ConsultantContract\consultantcr\SOW20251031MG","300000007915218","LOADED","3","3 document(s) uploaded to ContractId 300000007915218."
"SOW20251031RC","\\phsabc\root\HSSBC\SupplyChainAutomation\ConsultantContract\consultantcr\SOW20251031RC","300000007915210","LOADED","3","3 document(s) uploaded to ContractId 300000007915210."
"SOW20251031SB","\\phsabc\root\HSSBC\SupplyChainAutomation\ConsultantContract\consultantcr\SOW20251031SB","300000007916227","LOADED","3","3 document(s) uploaded to ContractId 300000007916227."
"SOW20251101SL","\\phsabc\root\HSSBC\SupplyChainAutomation\ConsultantContract\consultantcr\SOW20251101SL","","CONTRACT NOT FOUND","0","Contract number does not exist in Oracle Fusion."
"SOW20251103CH","\\phsabc\root\HSSBC\SupplyChainAutomation\ConsultantContract\consultantcr\SOW20251103CH","300000007913218","LOADED","3","3 document(s) uploaded to ContractId 300000007913218."
"SOW20251103CH-AMD1","\\phsabc\root\HSSBC\SupplyChainAutomation\ConsultantContract\consultantcr\SOW20251103CH-AMD1","","CONTRACT NOT FOUND","0","Contract number does not exist in Oracle Fusion."
"SOW20251104SP","\\phsabc\root\HSSBC\SupplyChainAutomation\ConsultantContract\consultantcr\SOW20251104SP","","CONTRACT NOT FOUND","0","Contract number does not exist in Oracle Fusion."
"SOW20251104WB","\\phsabc\root\HSSBC\SupplyChainAutomation\ConsultantContract\consultantcr\SOW20251104WB","300000007915243","LOADED","3","3 document(s) uploaded to ContractId 300000007915243."
"SOW20251105CL","\\phsabc\root\HSSBC\SupplyChainAutomation\ConsultantContract\consultantcr\SOW20251105CL","300000007912101","LOADED","1","1 document(s) uploaded to ContractId 300000007912101."
"SOW20251106MB1","\\phsabc\root\HSSBC\SupplyChainAutomation\ConsultantContract\consultantcr\SOW20251106MB1","300000007915289","LOADED","3","3 document(s) uploaded to ContractId 300000007915289."
"SOW20251106SJ","\\phsabc\root\HSSBC\SupplyChainAutomation\ConsultantContract\consultantcr\SOW20251106SJ","300000007916315","LOADED","3","3 document(s) uploaded to ContractId 300000007916315."
"SOW20251110-IMITPD-BH","\\phsabc\root\HSSBC\SupplyChainAutomation\ConsultantContract\consultantcr\SOW20251110-IMITPD-BH","","CONTRACT NOT FOUND","0","Contract number does not exist in Oracle Fusion."
"SOW20251115SD","\\phsabc\root\HSSBC\SupplyChainAutomation\ConsultantContract\consultantcr\SOW20251115SD","300000007915257","LOADED","3","3 document(s) uploaded to ContractId 300000007915257."
"SOW20251117BW","\\phsabc\root\HSSBC\SupplyChainAutomation\ConsultantContract\consultantcr\SOW20251117BW","300000007912248","LOADED","3","3 document(s) uploaded to ContractId 300000007912248."
"SOW20251117-PMSPMS-RCH","\\phsabc\root\HSSBC\SupplyChainAutomation\ConsultantContract\consultantcr\SOW20251117-PMSPMS-RCH","300000007916275","LOADED","3","3 document(s) uploaded to ContractId 300000007916275."
"SOW20251117TFC","\\phsabc\root\HSSBC\SupplyChainAutomation\ConsultantContract\consultantcr\SOW20251117TFC","","CONTRACT NOT FOUND","0","Contract number does not exist in Oracle Fusion."
"SOW20251119GM","\\phsabc\root\HSSBC\SupplyChainAutomation\ConsultantContract\consultantcr\SOW20251119GM","","CONTRACT NOT FOUND","0","Contract number does not exist in Oracle Fusion."
"SOW20251119SB","\\phsabc\root\HSSBC\SupplyChainAutomation\ConsultantContract\consultantcr\SOW20251119SB","","CONTRACT NOT FOUND","0","Contract number does not exist in Oracle Fusion."
"SOW20251121RL","\\phsabc\root\HSSBC\SupplyChainAutomation\ConsultantContract\consultantcr\SOW20251121RL","300000007917095","LOADED","3","3 document(s) uploaded to ContractId 300000007917095."
"SOW20251124ZZ","\\phsabc\root\HSSBC\SupplyChainAutomation\ConsultantContract\consultantcr\SOW20251124ZZ","300000007914960","LOADED","3","3 document(s) uploaded to ContractId 300000007914960."
"SOW20251125CH","\\phsabc\root\HSSBC\SupplyChainAutomation\ConsultantContract\consultantcr\SOW20251125CH","","CONTRACT NOT FOUND","0","Contract number does not exist in Oracle Fusion."
"SOW20251125CS1","\\phsabc\root\HSSBC\SupplyChainAutomation\ConsultantContract\consultantcr\SOW20251125CS1","300000007916259","LOADED","3","3 document(s) uploaded to ContractId 300000007916259."
"SOW20251125CS1-AMD1","\\phsabc\root\HSSBC\SupplyChainAutomation\ConsultantContract\consultantcr\SOW20251125CS1-AMD1","","CONTRACT NOT FOUND","0","Contract number does not exist in Oracle Fusion."
"SOW20251125CS2","\\phsabc\root\HSSBC\SupplyChainAutomation\ConsultantContract\consultantcr\SOW20251125CS2","300000007914978","LOADED","3","3 document(s) uploaded to ContractId 300000007914978."
"SOW20251125CS3","\\phsabc\root\HSSBC\SupplyChainAutomation\ConsultantContract\consultantcr\SOW20251125CS3","300000007914995","LOADED","3","3 document(s) uploaded to ContractId 300000007914995."
"SOW20251125CS4","\\phsabc\root\HSSBC\SupplyChainAutomation\ConsultantContract\consultantcr\SOW20251125CS4","300000007916290","LOADED","3","3 document(s) uploaded to ContractId 300000007916290."
"SOW20251125CS5","\\phsabc\root\HSSBC\SupplyChainAutomation\ConsultantContract\consultantcr\SOW20251125CS5","300000007915297","LOADED","3","3 document(s) uploaded to ContractId 300000007915297."
"SOW20251125CS6","\\phsabc\root\HSSBC\SupplyChainAutomation\ConsultantContract\consultantcr\SOW20251125CS6","300000007915273","LOADED","3","3 document(s) uploaded to ContractId 300000007915273."
"SOW20251125KM","\\phsabc\root\HSSBC\SupplyChainAutomation\ConsultantContract\consultantcr\SOW20251125KM","300000007916433","LOADED","2","2 document(s) uploaded to ContractId 300000007916433."
"SOW20251125LW1","\\phsabc\root\HSSBC\SupplyChainAutomation\ConsultantContract\consultantcr\SOW20251125LW1","300000007917118","LOADED","3","3 document(s) uploaded to ContractId 300000007917118."
"SOW20251125LW2","\\phsabc\root\HSSBC\SupplyChainAutomation\ConsultantContract\consultantcr\SOW20251125LW2","300000007917019","LOADED","3","3 document(s) uploaded to ContractId 300000007917019."
"SOW20251125-NWS-RCH","\\phsabc\root\HSSBC\SupplyChainAutomation\ConsultantContract\consultantcr\SOW20251125-NWS-RCH","300000007915281","LOADED","3","3 document(s) uploaded to ContractId 300000007915281."
"SOW20251125SR1","\\phsabc\root\HSSBC\SupplyChainAutomation\ConsultantContract\consultantcr\SOW20251125SR1","300000007917042","LOADED","3","3 document(s) uploaded to ContractId 300000007917042."
"SOW20251125SR2","\\phsabc\root\HSSBC\SupplyChainAutomation\ConsultantContract\consultantcr\SOW20251125SR2","300000007914985","LOADED","3","3 document(s) uploaded to ContractId 300000007914985."
"SOW20251126SB","\\phsabc\root\HSSBC\SupplyChainAutomation\ConsultantContract\consultantcr\SOW20251126SB","","CONTRACT NOT FOUND","0","Contract number does not exist in Oracle Fusion."
"SOW20251128AF","\\phsabc\root\HSSBC\SupplyChainAutomation\ConsultantContract\consultantcr\SOW20251128AF","300000007914970","LOADED","3","3 document(s) uploaded to ContractId 300000007914970."
"SOW20251128AF-AMD1","\\phsabc\root\HSSBC\SupplyChainAutomation\ConsultantContract\consultantcr\SOW20251128AF-AMD1","","CONTRACT NOT FOUND","0","Contract number does not exist in Oracle Fusion."
"SOW20251128BP","\\phsabc\root\HSSBC\SupplyChainAutomation\ConsultantContract\consultantcr\SOW20251128BP","300000007917003","LOADED","3","3 document(s) uploaded to ContractId 300000007917003."
"SOW20251128CD","\\phsabc\root\HSSBC\SupplyChainAutomation\ConsultantContract\consultantcr\SOW20251128CD","300000007915366","LOADED","3","3 document(s) uploaded to ContractId 300000007915366."
"SOW20251128JH","\\phsabc\root\HSSBC\SupplyChainAutomation\ConsultantContract\consultantcr\SOW20251128JH","300000007916282","LOADED","3","3 document(s) uploaded to ContractId 300000007916282."
"SOW20251128RC","\\phsabc\root\HSSBC\SupplyChainAutomation\ConsultantContract\consultantcr\SOW20251128RC","","CONTRACT NOT FOUND","0","Contract number does not exist in Oracle Fusion."
"SOW20251201AB","\\phsabc\root\HSSBC\SupplyChainAutomation\ConsultantContract\consultantcr\SOW20251201AB","300000007909958","LOADED","2","2 document(s) uploaded to ContractId 300000007909958."
"SOW20251201CS1","\\phsabc\root\HSSBC\SupplyChainAutomation\ConsultantContract\consultantcr\SOW20251201CS1","300000007916307","LOADED","3","3 document(s) uploaded to ContractId 300000007916307."
"SOW20251201CS2","\\phsabc\root\HSSBC\SupplyChainAutomation\ConsultantContract\consultantcr\SOW20251201CS2","300000007916323","LOADED","3","3 document(s) uploaded to ContractId 300000007916323."
"SOW20251201CS3","\\phsabc\root\HSSBC\SupplyChainAutomation\ConsultantContract\consultantcr\SOW20251201CS3","300000007917028","LOADED","3","3 document(s) uploaded to ContractId 300000007917028."
"SOW20251201CS4","\\phsabc\root\HSSBC\SupplyChainAutomation\ConsultantContract\consultantcr\SOW20251201CS4","300000007915320","LOADED","3","3 document(s) uploaded to ContractId 300000007915320."
"SOW20251201CS5","\\phsabc\root\HSSBC\SupplyChainAutomation\ConsultantContract\consultantcr\SOW20251201CS5","300000007915327","LOADED","3","3 document(s) uploaded to ContractId 300000007915327."
"SOW20251201CS6","\\phsabc\root\HSSBC\SupplyChainAutomation\ConsultantContract\consultantcr\SOW20251201CS6","300000007916299","LOADED","3","3 document(s) uploaded to ContractId 300000007916299."
"SOW20251201CS7","\\phsabc\root\HSSBC\SupplyChainAutomation\ConsultantContract\consultantcr\SOW20251201CS7","300000007917010","LOADED","3","3 document(s) uploaded to ContractId 300000007917010."
"SOW20251201EY","\\phsabc\root\HSSBC\SupplyChainAutomation\ConsultantContract\consultantcr\SOW20251201EY","300000007917035","LOADED","3","3 document(s) uploaded to ContractId 300000007917035."
"SOW20251201SR1","\\phsabc\root\HSSBC\SupplyChainAutomation\ConsultantContract\consultantcr\SOW20251201SR1","300000007915312","LOADED","3","3 document(s) uploaded to ContractId 300000007915312."
"SOW20251201SR2","\\phsabc\root\HSSBC\SupplyChainAutomation\ConsultantContract\consultantcr\SOW20251201SR2","300000007915305","LOADED","3","3 document(s) uploaded to ContractId 300000007915305."
"SOW20251202JM","\\phsabc\root\HSSBC\SupplyChainAutomation\ConsultantContract\consultantcr\SOW20251202JM","300000007915359","LOADED","3","3 document(s) uploaded to ContractId 300000007915359."
"SOW20251202MC","\\phsabc\root\HSSBC\SupplyChainAutomation\ConsultantContract\consultantcr\SOW20251202MC","300000007916251","LOADED","3","3 document(s) uploaded to ContractId 300000007916251."
"SOW20251203NA","\\phsabc\root\HSSBC\SupplyChainAutomation\ConsultantContract\consultantcr\SOW20251203NA","","CONTRACT NOT FOUND","0","Contract number does not exist in Oracle Fusion."
"SOW20251204AN","\\phsabc\root\HSSBC\SupplyChainAutomation\ConsultantContract\consultantcr\SOW20251204AN","","CONTRACT NOT FOUND","0","Contract number does not exist in Oracle Fusion."
"SOW20251205KW","\\phsabc\root\HSSBC\SupplyChainAutomation\ConsultantContract\consultantcr\SOW20251205KW","","CONTRACT NOT FOUND","0","Contract number does not exist in Oracle Fusion."
"SOW20251205SAK","\\phsabc\root\HSSBC\SupplyChainAutomation\ConsultantContract\consultantcr\SOW20251205SAK","300000007911666","LOADED","6","6 document(s) uploaded to ContractId 300000007911666."
"SOW20251208TW","\\phsabc\root\HSSBC\SupplyChainAutomation\ConsultantContract\consultantcr\SOW20251208TW","","CONTRACT NOT FOUND","0","Contract number does not exist in Oracle Fusion."
"SOW20251209BP-1","\\phsabc\root\HSSBC\SupplyChainAutomation\ConsultantContract\consultantcr\SOW20251209BP-1","300000007917056","LOADED","3","3 document(s) uploaded to ContractId 300000007917056."
"SOW20251209PK-1","\\phsabc\root\HSSBC\SupplyChainAutomation\ConsultantContract\consultantcr\SOW20251209PK-1","300000007917063","LOADED","3","3 document(s) uploaded to ContractId 300000007917063."
"SOW20251209RL-1","\\phsabc\root\HSSBC\SupplyChainAutomation\ConsultantContract\consultantcr\SOW20251209RL-1","300000007916346","LOADED","3","3 document(s) uploaded to ContractId 300000007916346."
"SOW20251210IJ","\\phsabc\root\HSSBC\SupplyChainAutomation\ConsultantContract\consultantcr\SOW20251210IJ","300000007917049","LOADED","3","3 document(s) uploaded to ContractId 300000007917049."
"SOW20251210JK","\\phsabc\root\HSSBC\SupplyChainAutomation\ConsultantContract\consultantcr\SOW20251210JK","300000007915445","LOADED","2","2 document(s) uploaded to ContractId 300000007915445."
"SOW20251210MC","\\phsabc\root\HSSBC\SupplyChainAutomation\ConsultantContract\consultantcr\SOW20251210MC","300000007915351","LOADED","3","3 document(s) uploaded to ContractId 300000007915351."
"SOW20251210PK","\\phsabc\root\HSSBC\SupplyChainAutomation\ConsultantContract\consultantcr\SOW20251210PK","300000007916339","LOADED","3","3 document(s) uploaded to ContractId 300000007916339."
"SOW20251210RL","\\phsabc\root\HSSBC\SupplyChainAutomation\ConsultantContract\consultantcr\SOW20251210RL","300000007916331","LOADED","3","3 document(s) uploaded to ContractId 300000007916331."
"SOW20251211-POSPF-BH","\\phsabc\root\HSSBC\SupplyChainAutomation\ConsultantContract\consultantcr\SOW20251211-POSPF-BH","300000007911000","NO DOCUMENTS FOUND","0","Contract found (ContractId 300000007911000) but no ContractDoc/SupportingDoc/PO*/SOW* files under this path."
"SOW20251211-POSPF-RCH","\\phsabc\root\HSSBC\SupplyChainAutomation\ConsultantContract\consultantcr\SOW20251211-POSPF-RCH","300000007911874","LOADED","2","2 document(s) uploaded to ContractId 300000007911874."
"SOW20251212MB2","\\phsabc\root\HSSBC\SupplyChainAutomation\ConsultantContract\consultantcr\SOW20251212MB2","300000007916353","LOADED","3","3 document(s) uploaded to ContractId 300000007916353."
"SOW20251212MB2-AMD1","\\phsabc\root\HSSBC\SupplyChainAutomation\ConsultantContract\consultantcr\SOW20251212MB2-AMD1","","CONTRACT NOT FOUND","0","Contract number does not exist in Oracle Fusion."
"SOW20251212MB3","\\phsabc\root\HSSBC\SupplyChainAutomation\ConsultantContract\consultantcr\SOW20251212MB3","300000007917071","LOADED","3","3 document(s) uploaded to ContractId 300000007917071."
"SOW20251212MB3-AMD1","\\phsabc\root\HSSBC\SupplyChainAutomation\ConsultantContract\consultantcr\SOW20251212MB3-AMD1","","CONTRACT NOT FOUND","0","Contract number does not exist in Oracle Fusion."
"SOW20251215SF","\\phsabc\root\HSSBC\SupplyChainAutomation\ConsultantContract\consultantcr\SOW20251215SF","300000007916417","LOADED","2","2 document(s) uploaded to ContractId 300000007916417."
"SOW20251216AD","\\phsabc\root\HSSBC\SupplyChainAutomation\ConsultantContract\consultantcr\SOW20251216AD","300000007916464","LOADED","2","2 document(s) uploaded to ContractId 300000007916464."
"SOW20251216LC","\\phsabc\root\HSSBC\SupplyChainAutomation\ConsultantContract\consultantcr\SOW20251216LC","300000007916376","LOADED","3","3 document(s) uploaded to ContractId 300000007916376."
"SOW20251217CL","\\phsabc\root\HSSBC\SupplyChainAutomation\ConsultantContract\consultantcr\SOW20251217CL","300000007917142","LOADED","2","2 document(s) uploaded to ContractId 300000007917142."
"SOW20251217MB","\\phsabc\root\HSSBC\SupplyChainAutomation\ConsultantContract\consultantcr\SOW20251217MB","300000007915407","LOADED","2","2 document(s) uploaded to ContractId 300000007915407."
"SOW20251217SJ","\\phsabc\root\HSSBC\SupplyChainAutomation\ConsultantContract\consultantcr\SOW20251217SJ","300000007916394","LOADED","3","3 document(s) uploaded to ContractId 300000007916394."
"SOW20251218CS1","\\phsabc\root\HSSBC\SupplyChainAutomation\ConsultantContract\consultantcr\SOW20251218CS1","300000007916360","LOADED","3","3 document(s) uploaded to ContractId 300000007916360."
"SOW20251218CS2","\\phsabc\root\HSSBC\SupplyChainAutomation\ConsultantContract\consultantcr\SOW20251218CS2","300000007916368","LOADED","3","3 document(s) uploaded to ContractId 300000007916368."
"SOW20251218CS3","\\phsabc\root\HSSBC\SupplyChainAutomation\ConsultantContract\consultantcr\SOW20251218CS3","300000007915343","LOADED","3","3 document(s) uploaded to ContractId 300000007915343."
"SOW20251218CS4","\\phsabc\root\HSSBC\SupplyChainAutomation\ConsultantContract\consultantcr\SOW20251218CS4","300000007917079","LOADED","3","3 document(s) uploaded to ContractId 300000007917079."
"SOW20251223BM","\\phsabc\root\HSSBC\SupplyChainAutomation\ConsultantContract\consultantcr\SOW20251223BM","300000007911924","LOADED","3","3 document(s) uploaded to ContractId 300000007911924."
"SOW20260102MB","\\phsabc\root\HSSBC\SupplyChainAutomation\ConsultantContract\consultantcr\SOW20260102MB","","CONTRACT NOT FOUND","0","Contract number does not exist in Oracle Fusion."
"SOW20260102MB-1","\\phsabc\root\HSSBC\SupplyChainAutomation\ConsultantContract\consultantcr\SOW20260102MB-1","300000007916425","LOADED","2","2 document(s) uploaded to ContractId 300000007916425."
"SOW20260102MB-2","\\phsabc\root\HSSBC\SupplyChainAutomation\ConsultantContract\consultantcr\SOW20260102MB-2","300000007915414","LOADED","2","2 document(s) uploaded to ContractId 300000007915414."
"SOW20260106GM","\\phsabc\root\HSSBC\SupplyChainAutomation\ConsultantContract\consultantcr\SOW20260106GM","","CONTRACT NOT FOUND","0","Contract number does not exist in Oracle Fusion."
"SOW20260106GM-AMD1","\\phsabc\root\HSSBC\SupplyChainAutomation\ConsultantContract\consultantcr\SOW20260106GM-AMD1","","CONTRACT NOT FOUND","0","Contract number does not exist in Oracle Fusion."
"SOW20260107BP","\\phsabc\root\HSSBC\SupplyChainAutomation\ConsultantContract\consultantcr\SOW20260107BP","300000007915390","LOADED","2","2 document(s) uploaded to ContractId 300000007915390."
"SOW20260107MB","\\phsabc\root\HSSBC\SupplyChainAutomation\ConsultantContract\consultantcr\SOW20260107MB","300000007916440","LOADED","2","2 document(s) uploaded to ContractId 300000007916440."
"SOW20260107MP","\\phsabc\root\HSSBC\SupplyChainAutomation\ConsultantContract\consultantcr\SOW20260107MP","300000007917103","LOADED","3","3 document(s) uploaded to ContractId 300000007917103."
"SOW20260107RL","\\phsabc\root\HSSBC\SupplyChainAutomation\ConsultantContract\consultantcr\SOW20260107RL","300000007917161","LOADED","2","2 document(s) uploaded to ContractId 300000007917161."
"SOW20260108SF","\\phsabc\root\HSSBC\SupplyChainAutomation\ConsultantContract\consultantcr\SOW20260108SF","","CONTRACT NOT FOUND","0","Contract number does not exist in Oracle Fusion."
"SOW20260109IC","\\phsabc\root\HSSBC\SupplyChainAutomation\ConsultantContract\consultantcr\SOW20260109IC","300000007911770","LOADED","2","2 document(s) uploaded to ContractId 300000007911770."
"SOW20260109ML","\\phsabc\root\HSSBC\SupplyChainAutomation\ConsultantContract\consultantcr\SOW20260109ML","300000007917176","LOADED","2","2 document(s) uploaded to ContractId 300000007917176."
"SOW20260109SF","\\phsabc\root\HSSBC\SupplyChainAutomation\ConsultantContract\consultantcr\SOW20260109SF","","CONTRACT NOT FOUND","0","Contract number does not exist in Oracle Fusion."
"SOW20260112HA-1","\\phsabc\root\HSSBC\SupplyChainAutomation\ConsultantContract\consultantcr\SOW20260112HA-1","300000007912084","LOADED","2","2 document(s) uploaded to ContractId 300000007912084."
"SOW20260115AL","\\phsabc\root\HSSBC\SupplyChainAutomation\ConsultantContract\consultantcr\SOW20260115AL","300000007917110","LOADED","3","3 document(s) uploaded to ContractId 300000007917110."
"SOW20260115WB-2","\\phsabc\root\HSSBC\SupplyChainAutomation\ConsultantContract\consultantcr\SOW20260115WB-2","300000007912160","LOADED","2","2 document(s) uploaded to ContractId 300000007912160."
"SOW20260116ES","\\phsabc\root\HSSBC\SupplyChainAutomation\ConsultantContract\consultantcr\SOW20260116ES","300000007917134","LOADED","2","2 document(s) uploaded to ContractId 300000007917134."
"SOW20260119DC-AMD1","\\phsabc\root\HSSBC\SupplyChainAutomation\ConsultantContract\consultantcr\SOW20260119DC-AMD1","","CONTRACT NOT FOUND","0","Contract number does not exist in Oracle Fusion."
"SOW20260120CL","\\phsabc\root\HSSBC\SupplyChainAutomation\ConsultantContract\consultantcr\SOW20260120CL","300000007915438","LOADED","2","2 document(s) uploaded to ContractId 300000007915438."
"SOW20260120ZZ","\\phsabc\root\HSSBC\SupplyChainAutomation\ConsultantContract\consultantcr\SOW20260120ZZ","300000007916385","LOADED","3","3 document(s) uploaded to ContractId 300000007916385."
"SOW20260123CM","\\phsabc\root\HSSBC\SupplyChainAutomation\ConsultantContract\consultantcr\SOW20260123CM","300000007917154","LOADED","2","2 document(s) uploaded to ContractId 300000007917154."
"SOW20260127SV","\\phsabc\root\HSSBC\SupplyChainAutomation\ConsultantContract\consultantcr\SOW20260127SV","300000007916409","LOADED","1","1 document(s) uploaded to ContractId 300000007916409."
"SOW20260127SV-AMD1","\\phsabc\root\HSSBC\SupplyChainAutomation\ConsultantContract\consultantcr\SOW20260127SV-AMD1","","CONTRACT NOT FOUND","0","Contract number does not exist in Oracle Fusion."
"SOW20260129AM","\\phsabc\root\HSSBC\SupplyChainAutomation\ConsultantContract\consultantcr\SOW20260129AM","300000007913102","LOADED","2","2 document(s) uploaded to ContractId 300000007913102."
"SOW20260130CS","\\phsabc\root\HSSBC\SupplyChainAutomation\ConsultantContract\consultantcr\SOW20260130CS","300000007915399","LOADED","2","2 document(s) uploaded to ContractId 300000007915399."
"SOW20260130ES-DELOITTE","\\phsabc\root\HSSBC\SupplyChainAutomation\ConsultantContract\consultantcr\SOW20260130ES-DELOITTE","","CONTRACT NOT FOUND","0","Contract number does not exist in Oracle Fusion."
"SOW20260130PL","\\phsabc\root\HSSBC\SupplyChainAutomation\ConsultantContract\consultantcr\SOW20260130PL","300000007916454","LOADED","2","2 document(s) uploaded to ContractId 300000007916454."
"SOW20260131RC","\\phsabc\root\HSSBC\SupplyChainAutomation\ConsultantContract\consultantcr\SOW20260131RC","300000007911673","LOADED","2","2 document(s) uploaded to ContractId 300000007911673."
"SOW20260202GM","\\phsabc\root\HSSBC\SupplyChainAutomation\ConsultantContract\consultantcr\SOW20260202GM","","CONTRACT NOT FOUND","0","Contract number does not exist in Oracle Fusion."
"SOW20260202JM","\\phsabc\root\HSSBC\SupplyChainAutomation\ConsultantContract\consultantcr\SOW20260202JM","300000007912191","LOADED","2","2 document(s) uploaded to ContractId 300000007912191."
"SOW20260202MB-1","\\phsabc\root\HSSBC\SupplyChainAutomation\ConsultantContract\consultantcr\SOW20260202MB-1","300000007913023","LOADED","2","2 document(s) uploaded to ContractId 300000007913023."
"SOW20260202MH","\\phsabc\root\HSSBC\SupplyChainAutomation\ConsultantContract\consultantcr\SOW20260202MH","300000007913117","LOADED","2","2 document(s) uploaded to ContractId 300000007913117."
"SOW20260202MH-1","\\phsabc\root\HSSBC\SupplyChainAutomation\ConsultantContract\consultantcr\SOW20260202MH-1","300000007911778","LOADED","2","2 document(s) uploaded to ContractId 300000007911778."
"SOW20260202MM","\\phsabc\root\HSSBC\SupplyChainAutomation\ConsultantContract\consultantcr\SOW20260202MM","300000007912069","LOADED","2","2 document(s) uploaded to ContractId 300000007912069."
"SOW20260203EM","\\phsabc\root\HSSBC\SupplyChainAutomation\ConsultantContract\consultantcr\SOW20260203EM","300000007911763","LOADED","2","2 document(s) uploaded to ContractId 300000007911763."
"SOW20260204DB","\\phsabc\root\HSSBC\SupplyChainAutomation\ConsultantContract\consultantcr\SOW20260204DB","300000007916471","LOADED","2","2 document(s) uploaded to ContractId 300000007916471."
"SOW20260204KW","\\phsabc\root\HSSBC\SupplyChainAutomation\ConsultantContract\consultantcr\SOW20260204KW","300000007913141","LOADED","2","2 document(s) uploaded to ContractId 300000007913141."
"SOW20260206MB","\\phsabc\root\HSSBC\SupplyChainAutomation\ConsultantContract\consultantcr\SOW20260206MB","300000007915422","LOADED","2","2 document(s) uploaded to ContractId 300000007915422."
"SOW20260209dm","\\phsabc\root\HSSBC\SupplyChainAutomation\ConsultantContract\consultantcr\SOW20260209dm","300000007916447","LOADED","2","2 document(s) uploaded to ContractId 300000007916447."
"SOW20260209PH","\\phsabc\root\HSSBC\SupplyChainAutomation\ConsultantContract\consultantcr\SOW20260209PH","300000007911802","LOADED","2","2 document(s) uploaded to ContractId 300000007911802."
"SOW20260209SP","\\phsabc\root\HSSBC\SupplyChainAutomation\ConsultantContract\consultantcr\SOW20260209SP","300000007911748","LOADED","2","2 document(s) uploaded to ContractId 300000007911748."
"SOW20260211-CC-RCH","\\phsabc\root\HSSBC\SupplyChainAutomation\ConsultantContract\consultantcr\SOW20260211-CC-RCH","","CONTRACT NOT FOUND","0","Contract number does not exist in Oracle Fusion."
"SOW20260211-SIIDS-RCH","\\phsabc\root\HSSBC\SupplyChainAutomation\ConsultantContract\consultantcr\SOW20260211-SIIDS-RCH","300000007912198","LOADED","2","2 document(s) uploaded to ContractId 300000007912198."
"SOW20260213CH","\\phsabc\root\HSSBC\SupplyChainAutomation\ConsultantContract\consultantcr\SOW20260213CH","","CONTRACT NOT FOUND","0","Contract number does not exist in Oracle Fusion."
"SOW20260213CSA","\\phsabc\root\HSSBC\SupplyChainAutomation\ConsultantContract\consultantcr\SOW20260213CSA","","CONTRACT NOT FOUND","0","Contract number does not exist in Oracle Fusion."
"SOW20260213PLL","\\phsabc\root\HSSBC\SupplyChainAutomation\ConsultantContract\consultantcr\SOW20260213PLL","","CONTRACT NOT FOUND","0","Contract number does not exist in Oracle Fusion."
"SOW20260213RS","\\phsabc\root\HSSBC\SupplyChainAutomation\ConsultantContract\consultantcr\SOW20260213RS","","CONTRACT NOT FOUND","0","Contract number does not exist in Oracle Fusion."
"SOW20260217CS","\\phsabc\root\HSSBC\SupplyChainAutomation\ConsultantContract\consultantcr\SOW20260217CS","300000007910982","LOADED","2","2 document(s) uploaded to ContractId 300000007910982."
"SOW20260220DK","\\phsabc\root\HSSBC\SupplyChainAutomation\ConsultantContract\consultantcr\SOW20260220DK","300000007917169","LOADED","2","2 document(s) uploaded to ContractId 300000007917169."
"SOW20260220PLL","\\phsabc\root\HSSBC\SupplyChainAutomation\ConsultantContract\consultantcr\SOW20260220PLL","","CONTRACT NOT FOUND","0","Contract number does not exist in Oracle Fusion."
"SOW20260220SH","\\phsabc\root\HSSBC\SupplyChainAutomation\ConsultantContract\consultantcr\SOW20260220SH","300000007915430","LOADED","2","2 document(s) uploaded to ContractId 300000007915430."
"SOW20260225GM","\\phsabc\root\HSSBC\SupplyChainAutomation\ConsultantContract\consultantcr\SOW20260225GM","","CONTRACT NOT FOUND","0","Contract number does not exist in Oracle Fusion."
"SOW20260227DT","\\phsabc\root\HSSBC\SupplyChainAutomation\ConsultantContract\consultantcr\SOW20260227DT","300000007912205","LOADED","2","2 document(s) uploaded to ContractId 300000007912205."
"SOW20260227PLL","\\phsabc\root\HSSBC\SupplyChainAutomation\ConsultantContract\consultantcr\SOW20260227PLL","","CONTRACT NOT FOUND","0","Contract number does not exist in Oracle Fusion."
"SOW20260227RS","\\phsabc\root\HSSBC\SupplyChainAutomation\ConsultantContract\consultantcr\SOW20260227RS","300000007913125","LOADED","2","2 document(s) uploaded to ContractId 300000007913125."
"SOW20260301AM","\\phsabc\root\HSSBC\SupplyChainAutomation\ConsultantContract\consultantcr\SOW20260301AM","","CONTRACT NOT FOUND","0","Contract number does not exist in Oracle Fusion."
"SOW20260301LD","\\phsabc\root\HSSBC\SupplyChainAutomation\ConsultantContract\consultantcr\SOW20260301LD","300000007911786","LOADED","2","2 document(s) uploaded to ContractId 300000007911786."
"SOW20260302MB-1","\\phsabc\root\HSSBC\SupplyChainAutomation\ConsultantContract\consultantcr\SOW20260302MB-1","300000007912152","LOADED","2","2 document(s) uploaded to ContractId 300000007912152."
"SOW20260303CS-2","\\phsabc\root\HSSBC\SupplyChainAutomation\ConsultantContract\consultantcr\SOW20260303CS-2","300000007911756","LOADED","2","2 document(s) uploaded to ContractId 300000007911756."
"SOW20260303CS-3","\\phsabc\root\HSSBC\SupplyChainAutomation\ConsultantContract\consultantcr\SOW20260303CS-3","300000007911865","LOADED","2","2 document(s) uploaded to ContractId 300000007911865."
"SOW20260303CS-4","\\phsabc\root\HSSBC\SupplyChainAutomation\ConsultantContract\consultantcr\SOW20260303CS-4","300000007911892","LOADED","2","2 document(s) uploaded to ContractId 300000007911892."
"SOW20260303SV","\\phsabc\root\HSSBC\SupplyChainAutomation\ConsultantContract\consultantcr\SOW20260303SV","","CONTRACT NOT FOUND","0","Contract number does not exist in Oracle Fusion."
"SOW20260304JR","\\phsabc\root\HSSBC\SupplyChainAutomation\ConsultantContract\consultantcr\SOW20260304JR","300000007912052","LOADED","2","2 document(s) uploaded to ContractId 300000007912052."
"SOW20260305CS-1","\\phsabc\root\HSSBC\SupplyChainAutomation\ConsultantContract\consultantcr\SOW20260305CS-1","300000007911687","LOADED","2","2 document(s) uploaded to ContractId 300000007911687."
"SOW20260306SJ","\\phsabc\root\HSSBC\SupplyChainAutomation\ConsultantContract\consultantcr\SOW20260306SJ","300000007911635","LOADED","2","2 document(s) uploaded to ContractId 300000007911635."
"SOW20260311RT","\\phsabc\root\HSSBC\SupplyChainAutomation\ConsultantContract\consultantcr\SOW20260311RT","","CONTRACT NOT FOUND","0","Contract number does not exist in Oracle Fusion."
"SOW20260312CH","\\phsabc\root\HSSBC\SupplyChainAutomation\ConsultantContract\consultantcr\SOW20260312CH","300000007912059","LOADED","2","2 document(s) uploaded to ContractId 300000007912059."
"SOW20260312RL-1","\\phsabc\root\HSSBC\SupplyChainAutomation\ConsultantContract\consultantcr\SOW20260312RL-1","300000007910944","LOADED","2","2 document(s) uploaded to ContractId 300000007910944."
"SOW20260312RL-2","\\phsabc\root\HSSBC\SupplyChainAutomation\ConsultantContract\consultantcr\SOW20260312RL-2","300000007912031","LOADED","2","2 document(s) uploaded to ContractId 300000007912031."
"SOW20260313EL","\\phsabc\root\HSSBC\SupplyChainAutomation\ConsultantContract\consultantcr\SOW20260313EL","300000007912093","LOADED","2","2 document(s) uploaded to ContractId 300000007912093."
"SOW20260316BC","\\phsabc\root\HSSBC\SupplyChainAutomation\ConsultantContract\consultantcr\SOW20260316BC","300000007909988","LOADED","2","2 document(s) uploaded to ContractId 300000007909988."
"SOW20260317JP","\\phsabc\root\HSSBC\SupplyChainAutomation\ConsultantContract\consultantcr\SOW20260317JP","300000007911794","LOADED","2","2 document(s) uploaded to ContractId 300000007911794."
"SOW20260401MM","\\phsabc\root\HSSBC\SupplyChainAutomation\ConsultantContract\consultantcr\SOW20260401MM","300000007910975","LOADED","2","2 document(s) uploaded to ContractId 300000007910975."
"SOW2026123LV","\\phsabc\root\HSSBC\SupplyChainAutomation\ConsultantContract\consultantcr\SOW2026123LV","300000007910991","LOADED","1","1 document(s) uploaded to ContractId 300000007910991."
"SOW20240205MB CH Procom-01","\\phsabc\root\HSSBC\SupplyChainAutomation\ConsultantContract\consultantcr\SOW20240205MB CH Procom-01","","CONTRACT NOT FOUND","0","Contract number does not exist in Oracle Fusion."
"SOW20240216TG-01-Apex Systems-AMD6","\\phsabc\root\HSSBC\SupplyChainAutomation\ConsultantContract\consultantcr\Feb2026\SOW20240216TG-01-Apex Systems-AMD6","","CONTRACT NOT FOUND","0","Contract number does not exist in Oracle Fusion."
"SOW20240306PH-MSA-Cascadia-CH-04-AMD2","\\phsabc\root\HSSBC\SupplyChainAutomation\ConsultantContract\consultantcr\Feb2026\SOW20240306PH-MSA-Cascadia-CH-04-AMD2","","CONTRACT NOT FOUND","0","Contract number does not exist in Oracle Fusion."
"SOW20240308MH-AMD13","\\phsabc\root\HSSBC\SupplyChainAutomation\ConsultantContract\consultantcr\Feb2026\SOW20240308MH-AMD13","","CONTRACT NOT FOUND","0","Contract number does not exist in Oracle Fusion."
"SOW20240611MB-CH-CGI-03","\\phsabc\root\HSSBC\SupplyChainAutomation\ConsultantContract\consultantcr\Feb2026\SOW20240611MB-CH-CGI-03","","CONTRACT NOT FOUND","0","Contract number does not exist in Oracle Fusion."
"SOW20240619MB-1-AMD4","\\phsabc\root\HSSBC\SupplyChainAutomation\ConsultantContract\consultantcr\Feb2026\SOW20240619MB-1-AMD4","","CONTRACT NOT FOUND","0","Contract number does not exist in Oracle Fusion."
"SOW20240624SS-HADS-MSA-Procom-CH-01-SSVBA-RCH","\\phsabc\root\HSSBC\SupplyChainAutomation\ConsultantContract\consultantcr\Feb2026\SOW20240624SS-HADS-MSA-Procom-CH-01-SSVBA-RCH","300000007913926","LOADED","2","2 document(s) uploaded to ContractId 300000007913926."
"SOW20240624SS-HADS-MSA-Procom-CH03ITDM-NSH","\\phsabc\root\HSSBC\SupplyChainAutomation\ConsultantContract\consultantcr\Feb2026\SOW20240624SS-HADS-MSA-Procom-CH03ITDM-NSH","","CONTRACT NOT FOUND","0","Contract number does not exist in Oracle Fusion."
"SOW20240624SS-HADS-MSA-SI System-CH-01-PCEM-RCH","\\phsabc\root\HSSBC\SupplyChainAutomation\ConsultantContract\consultantcr\Feb2026\SOW20240624SS-HADS-MSA-SI System-CH-01-PCEM-RCH","","CONTRACT NOT FOUND","0","Contract number does not exist in Oracle Fusion."
"SOW20240624SS-HADS-MSA-SiSystems-CH-02-PMEUD-RCH","\\phsabc\root\HSSBC\SupplyChainAutomation\ConsultantContract\consultantcr\Feb2026\SOW20240624SS-HADS-MSA-SiSystems-CH-02-PMEUD-RCH","","CONTRACT NOT FOUND","0","Contract number does not exist in Oracle Fusion."
"SOW20240729KF-AMD2","\\phsabc\root\HSSBC\SupplyChainAutomation\ConsultantContract\consultantcr\Feb2026\SOW20240729KF-AMD2","","CONTRACT NOT FOUND","0","Contract number does not exist in Oracle Fusion."
"SOW20240731JM-AMD2","\\phsabc\root\HSSBC\SupplyChainAutomation\ConsultantContract\consultantcr\Feb2026\SOW20240731JM-AMD2","","CONTRACT NOT FOUND","0","Contract number does not exist in Oracle Fusion."
"SOW20241115JM-AMD2","\\phsabc\root\HSSBC\SupplyChainAutomation\ConsultantContract\consultantcr\Feb2026\SOW20241115JM-AMD2","","CONTRACT NOT FOUND","0","Contract number does not exist in Oracle Fusion."
"SOW20241122BB-AMD2","\\phsabc\root\HSSBC\SupplyChainAutomation\ConsultantContract\consultantcr\Feb2026\SOW20241122BB-AMD2","","CONTRACT NOT FOUND","0","Contract number does not exist in Oracle Fusion."
"SOW20241205SC-1-AMD2","\\phsabc\root\HSSBC\SupplyChainAutomation\ConsultantContract\consultantcr\Feb2026\SOW20241205SC-1-AMD2","","CONTRACT NOT FOUND","0","Contract number does not exist in Oracle Fusion."
"SOW20241205SC-AMD1","\\phsabc\root\HSSBC\SupplyChainAutomation\ConsultantContract\consultantcr\Feb2026\SOW20241205SC-AMD1","","CONTRACT NOT FOUND","0","Contract number does not exist in Oracle Fusion."
"SOW20241205SC-AMD2","\\phsabc\root\HSSBC\SupplyChainAutomation\ConsultantContract\consultantcr\Feb2026\SOW20241205SC-AMD2","","CONTRACT NOT FOUND","0","Contract number does not exist in Oracle Fusion."
"SOW20241224DY-CH-TEEMA-01-AMD3","\\phsabc\root\HSSBC\SupplyChainAutomation\ConsultantContract\consultantcr\Feb2026\SOW20241224DY-CH-TEEMA-01-AMD3","","CONTRACT NOT FOUND","0","Contract number does not exist in Oracle Fusion."
"SOW20250113ML-AMD1","\\phsabc\root\HSSBC\SupplyChainAutomation\ConsultantContract\consultantcr\Feb2026\SOW20250113ML-AMD1","","CONTRACT NOT FOUND","0","Contract number does not exist in Oracle Fusion."
"SOW20250121KJ-AMD1","\\phsabc\root\HSSBC\SupplyChainAutomation\ConsultantContract\consultantcr\Feb2026\SOW20250121KJ-AMD1","","CONTRACT NOT FOUND","0","Contract number does not exist in Oracle Fusion."
"SOW20250127AD-AMD2","\\phsabc\root\HSSBC\SupplyChainAutomation\ConsultantContract\consultantcr\Feb2026\SOW20250127AD-AMD2","","CONTRACT NOT FOUND","0","Contract number does not exist in Oracle Fusion."
"SOW20250127PK-1-AMD1","\\phsabc\root\HSSBC\SupplyChainAutomation\ConsultantContract\consultantcr\Feb2026\SOW20250127PK-1-AMD1","","CONTRACT NOT FOUND","0","Contract number does not exist in Oracle Fusion."
"SOW20250127PK-AMD1","\\phsabc\root\HSSBC\SupplyChainAutomation\ConsultantContract\consultantcr\Feb2026\SOW20250127PK-AMD1","","CONTRACT NOT FOUND","0","Contract number does not exist in Oracle Fusion."
"SOW20250204JY-AMD1","\\phsabc\root\HSSBC\SupplyChainAutomation\ConsultantContract\consultantcr\Feb2026\SOW20250204JY-AMD1","","CONTRACT NOT FOUND","0","Contract number does not exist in Oracle Fusion."
"SOW20250206JR","\\phsabc\root\HSSBC\SupplyChainAutomation\ConsultantContract\consultantcr\Feb2026\SOW20250206JR","300000007913660","LOADED","2","2 document(s) uploaded to ContractId 300000007913660."
"SOW20250206JR-AMD1","\\phsabc\root\HSSBC\SupplyChainAutomation\ConsultantContract\consultantcr\Feb2026\SOW20250206JR-AMD1","","CONTRACT NOT FOUND","0","Contract number does not exist in Oracle Fusion."
"SOW20250218DN-AMD1","\\phsabc\root\HSSBC\SupplyChainAutomation\ConsultantContract\consultantcr\Feb2026\SOW20250218DN-AMD1","","CONTRACT NOT FOUND","0","Contract number does not exist in Oracle Fusion."
"SOW20250303JB-AMD7","\\phsabc\root\HSSBC\SupplyChainAutomation\ConsultantContract\consultantcr\Feb2026\SOW20250303JB-AMD7","","CONTRACT NOT FOUND","0","Contract number does not exist in Oracle Fusion."
"SOW20250303JB-AMD8","\\phsabc\root\HSSBC\SupplyChainAutomation\ConsultantContract\consultantcr\Feb2026\SOW20250303JB-AMD8","","CONTRACT NOT FOUND","0","Contract number does not exist in Oracle Fusion."
"SOW20250303JB-AMD9","\\phsabc\root\HSSBC\SupplyChainAutomation\ConsultantContract\consultantcr\Feb2026\SOW20250303JB-AMD9","","CONTRACT NOT FOUND","0","Contract number does not exist in Oracle Fusion."
"SOW20250328JR-AMD1","\\phsabc\root\HSSBC\SupplyChainAutomation\ConsultantContract\consultantcr\Feb2026\SOW20250328JR-AMD1","","CONTRACT NOT FOUND","0","Contract number does not exist in Oracle Fusion."
"SOW20250520-SEMI-RCH-AMD1","\\phsabc\root\HSSBC\SupplyChainAutomation\ConsultantContract\consultantcr\Feb2026\SOW20250520-SEMI-RCH-AMD1","","CONTRACT NOT FOUND","0","Contract number does not exist in Oracle Fusion."
"SOW20250526PH-MSA-Cascadia-CH-04","\\phsabc\root\HSSBC\SupplyChainAutomation\ConsultantContract\consultantcr\Feb2026\SOW20250526PH-MSA-Cascadia-CH-04","","CONTRACT NOT FOUND","0","Contract number does not exist in Oracle Fusion."
"SOW2025070217597-AMD2","\\phsabc\root\HSSBC\SupplyChainAutomation\ConsultantContract\consultantcr\Feb2026\SOW2025070217597-AMD2","","CONTRACT NOT FOUND","0","Contract number does not exist in Oracle Fusion."
"SOW20250725BG-REV1","\\phsabc\root\HSSBC\SupplyChainAutomation\ConsultantContract\consultantcr\Feb2026\SOW20250725BG-REV1","","CONTRACT NOT FOUND","0","Contract number does not exist in Oracle Fusion."
"SOW20250728CDG","\\phsabc\root\HSSBC\SupplyChainAutomation\ConsultantContract\consultantcr\Feb2026\SOW20250728CDG","300000007914721","LOADED","2","2 document(s) uploaded to ContractId 300000007914721."
"SOW20250923CS","\\phsabc\root\HSSBC\SupplyChainAutomation\ConsultantContract\consultantcr\Feb2026\SOW20250923CS","300000007916181","LOADED","2","2 document(s) uploaded to ContractId 300000007916181."
"SOW20250923CS-AMD1","\\phsabc\root\HSSBC\SupplyChainAutomation\ConsultantContract\consultantcr\Feb2026\SOW20250923CS-AMD1","","CONTRACT NOT FOUND","0","Contract number does not exist in Oracle Fusion."
"SOW20251002-PIA-RCH-AMD1","\\phsabc\root\HSSBC\SupplyChainAutomation\ConsultantContract\consultantcr\Feb2026\SOW20251002-PIA-RCH-AMD1","","CONTRACT NOT FOUND","0","Contract number does not exist in Oracle Fusion."
"SOW20251020GM_AMD3","\\phsabc\root\HSSBC\SupplyChainAutomation\ConsultantContract\consultantcr\Feb2026\SOW20251020GM_AMD3","","CONTRACT NOT FOUND","0","Contract number does not exist in Oracle Fusion."
"SOW20251105CL","\\phsabc\root\HSSBC\SupplyChainAutomation\ConsultantContract\consultantcr\Feb2026\SOW20251105CL","300000007912101","LOADED","2","2 document(s) uploaded to ContractId 300000007912101."
"SOW20251110-IMITPD-BH","\\phsabc\root\HSSBC\SupplyChainAutomation\ConsultantContract\consultantcr\Feb2026\SOW20251110-IMITPD-BH","","CONTRACT NOT FOUND","0","Contract number does not exist in Oracle Fusion."
"SOW20251125CS1-AMD1","\\phsabc\root\HSSBC\SupplyChainAutomation\ConsultantContract\consultantcr\Feb2026\SOW20251125CS1-AMD1","","CONTRACT NOT FOUND","0","Contract number does not exist in Oracle Fusion."
"SOW20251125KM","\\phsabc\root\HSSBC\SupplyChainAutomation\ConsultantContract\consultantcr\Feb2026\SOW20251125KM","300000007916433","LOADED","2","2 document(s) uploaded to ContractId 300000007916433."
"SOW20251128AF-AMD1","\\phsabc\root\HSSBC\SupplyChainAutomation\ConsultantContract\consultantcr\Feb2026\SOW20251128AF-AMD1","","CONTRACT NOT FOUND","0","Contract number does not exist in Oracle Fusion."
"SOW20251201AB","\\phsabc\root\HSSBC\SupplyChainAutomation\ConsultantContract\consultantcr\Feb2026\SOW20251201AB","300000007909958","LOADED","2","2 document(s) uploaded to ContractId 300000007909958."
"SOW20251201CS7","\\phsabc\root\HSSBC\SupplyChainAutomation\ConsultantContract\consultantcr\Feb2026\SOW20251201CS7","300000007917010","LOADED","2","2 document(s) uploaded to ContractId 300000007917010."
"SOW20251205SAK","\\phsabc\root\HSSBC\SupplyChainAutomation\ConsultantContract\consultantcr\Feb2026\SOW20251205SAK","300000007911666","LOADED","6","6 document(s) uploaded to ContractId 300000007911666."
"SOW20251210JK","\\phsabc\root\HSSBC\SupplyChainAutomation\ConsultantContract\consultantcr\Feb2026\SOW20251210JK","300000007915445","LOADED","2","2 document(s) uploaded to ContractId 300000007915445."
"SOW20251215SF","\\phsabc\root\HSSBC\SupplyChainAutomation\ConsultantContract\consultantcr\Feb2026\SOW20251215SF","300000007916417","LOADED","2","2 document(s) uploaded to ContractId 300000007916417."
"SOW20251216AD","\\phsabc\root\HSSBC\SupplyChainAutomation\ConsultantContract\consultantcr\Feb2026\SOW20251216AD","300000007916464","LOADED","2","2 document(s) uploaded to ContractId 300000007916464."
"SOW20251217CL","\\phsabc\root\HSSBC\SupplyChainAutomation\ConsultantContract\consultantcr\Feb2026\SOW20251217CL","300000007917142","LOADED","2","2 document(s) uploaded to ContractId 300000007917142."
"SOW20251217MB","\\phsabc\root\HSSBC\SupplyChainAutomation\ConsultantContract\consultantcr\Feb2026\SOW20251217MB","300000007915407","LOADED","2","2 document(s) uploaded to ContractId 300000007915407."
"SOW20260102MB","\\phsabc\root\HSSBC\SupplyChainAutomation\ConsultantContract\consultantcr\Feb2026\SOW20260102MB","","CONTRACT NOT FOUND","0","Contract number does not exist in Oracle Fusion."
"SOW20260102MB-1","\\phsabc\root\HSSBC\SupplyChainAutomation\ConsultantContract\consultantcr\Feb2026\SOW20260102MB-1","300000007916425","LOADED","2","2 document(s) uploaded to ContractId 300000007916425."
"SOW20260102MB-2","\\phsabc\root\HSSBC\SupplyChainAutomation\ConsultantContract\consultantcr\Feb2026\SOW20260102MB-2","300000007915414","LOADED","2","2 document(s) uploaded to ContractId 300000007915414."
"SOW20260107BP","\\phsabc\root\HSSBC\SupplyChainAutomation\ConsultantContract\consultantcr\Feb2026\SOW20260107BP","300000007915390","LOADED","2","2 document(s) uploaded to ContractId 300000007915390."
"SOW20260107MB","\\phsabc\root\HSSBC\SupplyChainAutomation\ConsultantContract\consultantcr\Feb2026\SOW20260107MB","300000007916440","LOADED","2","2 document(s) uploaded to ContractId 300000007916440."
"SOW20260107RL","\\phsabc\root\HSSBC\SupplyChainAutomation\ConsultantContract\consultantcr\Feb2026\SOW20260107RL","300000007917161","LOADED","2","2 document(s) uploaded to ContractId 300000007917161."
"SOW20260108SF","\\phsabc\root\HSSBC\SupplyChainAutomation\ConsultantContract\consultantcr\Feb2026\SOW20260108SF","","CONTRACT NOT FOUND","0","Contract number does not exist in Oracle Fusion."
"SOW20260109IC","\\phsabc\root\HSSBC\SupplyChainAutomation\ConsultantContract\consultantcr\Feb2026\SOW20260109IC","300000007911770","LOADED","2","2 document(s) uploaded to ContractId 300000007911770."
"SOW20260109ML","\\phsabc\root\HSSBC\SupplyChainAutomation\ConsultantContract\consultantcr\Feb2026\SOW20260109ML","300000007917176","LOADED","2","2 document(s) uploaded to ContractId 300000007917176."
"SOW20260116ES","\\phsabc\root\HSSBC\SupplyChainAutomation\ConsultantContract\consultantcr\Feb2026\SOW20260116ES","300000007917134","LOADED","2","2 document(s) uploaded to ContractId 300000007917134."
"SOW20260119DC-AMD1","\\phsabc\root\HSSBC\SupplyChainAutomation\ConsultantContract\consultantcr\Feb2026\SOW20260119DC-AMD1","","CONTRACT NOT FOUND","0","Contract number does not exist in Oracle Fusion."
"SOW20260120CL","\\phsabc\root\HSSBC\SupplyChainAutomation\ConsultantContract\consultantcr\Feb2026\SOW20260120CL","300000007915438","LOADED","2","2 document(s) uploaded to ContractId 300000007915438."
"SOW20260123CM","\\phsabc\root\HSSBC\SupplyChainAutomation\ConsultantContract\consultantcr\Feb2026\SOW20260123CM","300000007917154","LOADED","2","2 document(s) uploaded to ContractId 300000007917154."
"SOW20260127SV","\\phsabc\root\HSSBC\SupplyChainAutomation\ConsultantContract\consultantcr\Feb2026\SOW20260127SV","300000007916409","LOADED","1","1 document(s) uploaded to ContractId 300000007916409."
"SOW20260129AM","\\phsabc\root\HSSBC\SupplyChainAutomation\ConsultantContract\consultantcr\Feb2026\SOW20260129AM","300000007913102","LOADED","2","2 document(s) uploaded to ContractId 300000007913102."
"SOW20260130CS","\\phsabc\root\HSSBC\SupplyChainAutomation\ConsultantContract\consultantcr\Feb2026\SOW20260130CS","300000007915399","LOADED","2","2 document(s) uploaded to ContractId 300000007915399."
"SOW20260130ES-DELOITTE","\\phsabc\root\HSSBC\SupplyChainAutomation\ConsultantContract\consultantcr\Feb2026\SOW20260130ES-DELOITTE","","CONTRACT NOT FOUND","0","Contract number does not exist in Oracle Fusion."
"SOW20260130PL","\\phsabc\root\HSSBC\SupplyChainAutomation\ConsultantContract\consultantcr\Feb2026\SOW20260130PL","300000007916454","LOADED","2","2 document(s) uploaded to ContractId 300000007916454."
"SOW20260202GM","\\phsabc\root\HSSBC\SupplyChainAutomation\ConsultantContract\consultantcr\Feb2026\SOW20260202GM","","CONTRACT NOT FOUND","0","Contract number does not exist in Oracle Fusion."
"SOW20260206MB","\\phsabc\root\HSSBC\SupplyChainAutomation\ConsultantContract\consultantcr\Feb2026\SOW20260206MB","300000007915422","LOADED","2","2 document(s) uploaded to ContractId 300000007915422."
"SOW20260209dm","\\phsabc\root\HSSBC\SupplyChainAutomation\ConsultantContract\consultantcr\Feb2026\SOW20260209dm","300000007916447","LOADED","2","2 document(s) uploaded to ContractId 300000007916447."
"SOW20260220DK","\\phsabc\root\HSSBC\SupplyChainAutomation\ConsultantContract\consultantcr\Feb2026\SOW20260220DK","300000007917169","LOADED","2","2 document(s) uploaded to ContractId 300000007917169."
"SOW20260220SH","\\phsabc\root\HSSBC\SupplyChainAutomation\ConsultantContract\consultantcr\Feb2026\SOW20260220SH","300000007915430","LOADED","2","2 document(s) uploaded to ContractId 300000007915430."
"SOW20260225GM","\\phsabc\root\HSSBC\SupplyChainAutomation\ConsultantContract\consultantcr\Feb2026\SOW20260225GM","","CONTRACT NOT FOUND","0","Contract number does not exist in Oracle Fusion."
"SOW2026123LV","\\phsabc\root\HSSBC\SupplyChainAutomation\ConsultantContract\consultantcr\Feb2026\SOW2026123LV","300000007910991","LOADED","1","1 document(s) uploaded to ContractId 300000007910991."
"SOW20230222SS-CCPM-RCH-AMD7","\\phsabc\root\HSSBC\SupplyChainAutomation\ConsultantContract\consultantcr\March2026\SOW20230222SS-CCPM-RCH-AMD7","","CONTRACT NOT FOUND","0","Contract number does not exist in Oracle Fusion."
"SOW20230324SS-BA-EIP-RCH-AMD7","\\phsabc\root\HSSBC\SupplyChainAutomation\ConsultantContract\consultantcr\March2026\SOW20230324SS-BA-EIP-RCH-AMD7","","CONTRACT NOT FOUND","0","Contract number does not exist in Oracle Fusion."
"SOW20240126SL-AMD2","\\phsabc\root\HSSBC\SupplyChainAutomation\ConsultantContract\consultantcr\March2026\SOW20240126SL-AMD2","","CONTRACT NOT FOUND","0","Contract number does not exist in Oracle Fusion."
"SOW20240306PH-MSA-Cascadia-CH-02-AMD4","\\phsabc\root\HSSBC\SupplyChainAutomation\ConsultantContract\consultantcr\March2026\SOW20240306PH-MSA-Cascadia-CH-02-AMD4","","CONTRACT NOT FOUND","0","Contract number does not exist in Oracle Fusion."
"SOW20240306PH-MSA-Cascadia-CH-03-AMD5","\\phsabc\root\HSSBC\SupplyChainAutomation\ConsultantContract\consultantcr\March2026\SOW20240306PH-MSA-Cascadia-CH-03-AMD5","","CONTRACT NOT FOUND","0","Contract number does not exist in Oracle Fusion."
"SOW20240306PH-MSA-KPMG-CH-02_AMD3","\\phsabc\root\HSSBC\SupplyChainAutomation\ConsultantContract\consultantcr\March2026\SOW20240306PH-MSA-KPMG-CH-02_AMD3","","CONTRACT NOT FOUND","0","Contract number does not exist in Oracle Fusion."
"SOW20240306PH-MSA-KPMG-CH-03-AMD1","\\phsabc\root\HSSBC\SupplyChainAutomation\ConsultantContract\consultantcr\March2026\SOW20240306PH-MSA-KPMG-CH-03-AMD1","","CONTRACT NOT FOUND","0","Contract number does not exist in Oracle Fusion."
"SOW20240311AM-AMD6","\\phsabc\root\HSSBC\SupplyChainAutomation\ConsultantContract\consultantcr\March2026\SOW20240311AM-AMD6","","CONTRACT NOT FOUND","0","Contract number does not exist in Oracle Fusion."
"SOW20240412SS-MMITS-RCH-AMD1","\\phsabc\root\HSSBC\SupplyChainAutomation\ConsultantContract\consultantcr\March2026\SOW20240412SS-MMITS-RCH-AMD1","","CONTRACT NOT FOUND","0","Contract number does not exist in Oracle Fusion."
"SOW20240523MS-AMD2","\\phsabc\root\HSSBC\SupplyChainAutomation\ConsultantContract\consultantcr\March2026\SOW20240523MS-AMD2","","CONTRACT NOT FOUND","0","Contract number does not exist in Oracle Fusion."
"SOW20240611MB-CH-TEEMA-04","\\phsabc\root\HSSBC\SupplyChainAutomation\ConsultantContract\consultantcr\March2026\SOW20240611MB-CH-TEEMA-04","300000007874379","LOADED","2","2 document(s) uploaded to ContractId 300000007874379."
"SOW20240719KF-AMD2","\\phsabc\root\HSSBC\SupplyChainAutomation\ConsultantContract\consultantcr\March2026\SOW20240719KF-AMD2","","CONTRACT NOT FOUND","0","Contract number does not exist in Oracle Fusion."
"SOW20240726VK-AMD3","\\phsabc\root\HSSBC\SupplyChainAutomation\ConsultantContract\consultantcr\March2026\SOW20240726VK-AMD3","","CONTRACT NOT FOUND","0","Contract number does not exist in Oracle Fusion."
"SOW20241016OD-AMD4","\\phsabc\root\HSSBC\SupplyChainAutomation\ConsultantContract\consultantcr\March2026\SOW20241016OD-AMD4","","CONTRACT NOT FOUND","0","Contract number does not exist in Oracle Fusion."
"SOW20241212PD-AMD2","\\phsabc\root\HSSBC\SupplyChainAutomation\ConsultantContract\consultantcr\March2026\SOW20241212PD-AMD2","","CONTRACT NOT FOUND","0","Contract number does not exist in Oracle Fusion."
"SOW20241223SV_AMD1","\\phsabc\root\HSSBC\SupplyChainAutomation\ConsultantContract\consultantcr\March2026\SOW20241223SV_AMD1","","CONTRACT NOT FOUND","0","Contract number does not exist in Oracle Fusion."
"SOW20241224DY-CH-ITIQ-01-AMD2","\\phsabc\root\HSSBC\SupplyChainAutomation\ConsultantContract\consultantcr\March2026\SOW20241224DY-CH-ITIQ-01-AMD2","","CONTRACT NOT FOUND","0","Contract number does not exist in Oracle Fusion."
"SOW20241224DY-CH-STELLAR-01-AMD3","\\phsabc\root\HSSBC\SupplyChainAutomation\ConsultantContract\consultantcr\March2026\SOW20241224DY-CH-STELLAR-01-AMD3","","CONTRACT NOT FOUND","0","Contract number does not exist in Oracle Fusion."
"SOW20241224DY-CH-TEEMA-01-AMD4","\\phsabc\root\HSSBC\SupplyChainAutomation\ConsultantContract\consultantcr\March2026\SOW20241224DY-CH-TEEMA-01-AMD4","","CONTRACT NOT FOUND","0","Contract number does not exist in Oracle Fusion."
"SOW20250124BP-AMD1","\\phsabc\root\HSSBC\SupplyChainAutomation\ConsultantContract\consultantcr\March2026\SOW20250124BP-AMD1","","CONTRACT NOT FOUND","0","Contract number does not exist in Oracle Fusion."
"SOW20250131MB1_AMD2","\\phsabc\root\HSSBC\SupplyChainAutomation\ConsultantContract\consultantcr\March2026\SOW20250131MB1_AMD2","","CONTRACT NOT FOUND","0","Contract number does not exist in Oracle Fusion."
"SOW20250131MB1-AMD2","\\phsabc\root\HSSBC\SupplyChainAutomation\ConsultantContract\consultantcr\March2026\SOW20250131MB1-AMD2","","CONTRACT NOT FOUND","0","Contract number does not exist in Oracle Fusion."
"SOW20250214IJ-AMD1","\\phsabc\root\HSSBC\SupplyChainAutomation\ConsultantContract\consultantcr\March2026\SOW20250214IJ-AMD1","","CONTRACT NOT FOUND","0","Contract number does not exist in Oracle Fusion."
"SOW20250214RL-1-AMD1","\\phsabc\root\HSSBC\SupplyChainAutomation\ConsultantContract\consultantcr\March2026\SOW20250214RL-1-AMD1","","CONTRACT NOT FOUND","0","Contract number does not exist in Oracle Fusion."
"SOW20250214RL-AMD1","\\phsabc\root\HSSBC\SupplyChainAutomation\ConsultantContract\consultantcr\March2026\SOW20250214RL-AMD1","","CONTRACT NOT FOUND","0","Contract number does not exist in Oracle Fusion."
"SOW20250218BG-AMD1","\\phsabc\root\HSSBC\SupplyChainAutomation\ConsultantContract\consultantcr\March2026\SOW20250218BG-AMD1","","CONTRACT NOT FOUND","0","Contract number does not exist in Oracle Fusion."
"SOW20250219BG-AMD1","\\phsabc\root\HSSBC\SupplyChainAutomation\ConsultantContract\consultantcr\March2026\SOW20250219BG-AMD1","","CONTRACT NOT FOUND","0","Contract number does not exist in Oracle Fusion."
"SOW20250219CA_AMD1","\\phsabc\root\HSSBC\SupplyChainAutomation\ConsultantContract\consultantcr\March2026\SOW20250219CA_AMD1","","CONTRACT NOT FOUND","0","Contract number does not exist in Oracle Fusion."
"SOW20250219CA-AMD1","\\phsabc\root\HSSBC\SupplyChainAutomation\ConsultantContract\consultantcr\March2026\SOW20250219CA-AMD1","","CONTRACT NOT FOUND","0","Contract number does not exist in Oracle Fusion."
"SOW20250303JB-AMD10","\\phsabc\root\HSSBC\SupplyChainAutomation\ConsultantContract\consultantcr\March2026\SOW20250303JB-AMD10","","CONTRACT NOT FOUND","0","Contract number does not exist in Oracle Fusion."
"SOW20250303JB-AMD11","\\phsabc\root\HSSBC\SupplyChainAutomation\ConsultantContract\consultantcr\March2026\SOW20250303JB-AMD11","","CONTRACT NOT FOUND","0","Contract number does not exist in Oracle Fusion."
"SOW20250305MB1-AMD2","\\phsabc\root\HSSBC\SupplyChainAutomation\ConsultantContract\consultantcr\March2026\SOW20250305MB1-AMD2","","CONTRACT NOT FOUND","0","Contract number does not exist in Oracle Fusion."
"SOW20250310BP-10-AMD1","\\phsabc\root\HSSBC\SupplyChainAutomation\ConsultantContract\consultantcr\March2026\SOW20250310BP-10-AMD1","","CONTRACT NOT FOUND","0","Contract number does not exist in Oracle Fusion."
"SOW20250310BP-11-AMD1","\\phsabc\root\HSSBC\SupplyChainAutomation\ConsultantContract\consultantcr\March2026\SOW20250310BP-11-AMD1","","CONTRACT NOT FOUND","0","Contract number does not exist in Oracle Fusion."
"SOW20250310BP-12_AMD1","\\phsabc\root\HSSBC\SupplyChainAutomation\ConsultantContract\consultantcr\March2026\SOW20250310BP-12_AMD1","","CONTRACT NOT FOUND","0","Contract number does not exist in Oracle Fusion."
"SOW20250310BP-12-AMD1","\\phsabc\root\HSSBC\SupplyChainAutomation\ConsultantContract\consultantcr\March2026\SOW20250310BP-12-AMD1","","CONTRACT NOT FOUND","0","Contract number does not exist in Oracle Fusion."
"SOW20250310BP-1-AMD1","\\phsabc\root\HSSBC\SupplyChainAutomation\ConsultantContract\consultantcr\March2026\SOW20250310BP-1-AMD1","","CONTRACT NOT FOUND","0","Contract number does not exist in Oracle Fusion."
"SOW20250310BP-2-AMD1","\\phsabc\root\HSSBC\SupplyChainAutomation\ConsultantContract\consultantcr\March2026\SOW20250310BP-2-AMD1","","CONTRACT NOT FOUND","0","Contract number does not exist in Oracle Fusion."
"SOW20250310BP-4-AMD1","\\phsabc\root\HSSBC\SupplyChainAutomation\ConsultantContract\consultantcr\March2026\SOW20250310BP-4-AMD1","","CONTRACT NOT FOUND","0","Contract number does not exist in Oracle Fusion."
"SOW20250310BP-5-AMD1","\\phsabc\root\HSSBC\SupplyChainAutomation\ConsultantContract\consultantcr\March2026\SOW20250310BP-5-AMD1","","CONTRACT NOT FOUND","0","Contract number does not exist in Oracle Fusion."
"SOW20250310BP-6_AMD1","\\phsabc\root\HSSBC\SupplyChainAutomation\ConsultantContract\consultantcr\March2026\SOW20250310BP-6_AMD1","","CONTRACT NOT FOUND","0","Contract number does not exist in Oracle Fusion."
"SOW20250310BP-6-AMD1","\\phsabc\root\HSSBC\SupplyChainAutomation\ConsultantContract\consultantcr\March2026\SOW20250310BP-6-AMD1","","CONTRACT NOT FOUND","0","Contract number does not exist in Oracle Fusion."
"SOW20250310BP-7-AMD1","\\phsabc\root\HSSBC\SupplyChainAutomation\ConsultantContract\consultantcr\March2026\SOW20250310BP-7-AMD1","","CONTRACT NOT FOUND","0","Contract number does not exist in Oracle Fusion."
"SOW20250310BP-9-AMD1","\\phsabc\root\HSSBC\SupplyChainAutomation\ConsultantContract\consultantcr\March2026\SOW20250310BP-9-AMD1","","CONTRACT NOT FOUND","0","Contract number does not exist in Oracle Fusion."
"SOW20250312RE-AMD2","\\phsabc\root\HSSBC\SupplyChainAutomation\ConsultantContract\consultantcr\March2026\SOW20250312RE-AMD2","","CONTRACT NOT FOUND","0","Contract number does not exist in Oracle Fusion."
"SOW20250314MT-AMD2","\\phsabc\root\HSSBC\SupplyChainAutomation\ConsultantContract\consultantcr\March2026\SOW20250314MT-AMD2","","CONTRACT NOT FOUND","0","Contract number does not exist in Oracle Fusion."
"SOW20250324CP-AMD2","\\phsabc\root\HSSBC\SupplyChainAutomation\ConsultantContract\consultantcr\March2026\SOW20250324CP-AMD2","","CONTRACT NOT FOUND","0","Contract number does not exist in Oracle Fusion."
"SOW20250407SH-AMD2","\\phsabc\root\HSSBC\SupplyChainAutomation\ConsultantContract\consultantcr\March2026\SOW20250407SH-AMD2","","CONTRACT NOT FOUND","0","Contract number does not exist in Oracle Fusion."
"SOW20250725JH-01-AMD1","\\phsabc\root\HSSBC\SupplyChainAutomation\ConsultantContract\consultantcr\March2026\SOW20250725JH-01-AMD1","","CONTRACT NOT FOUND","0","Contract number does not exist in Oracle Fusion."
"SOW20250725JH-02-AMD1","\\phsabc\root\HSSBC\SupplyChainAutomation\ConsultantContract\consultantcr\March2026\SOW20250725JH-02-AMD1","","CONTRACT NOT FOUND","0","Contract number does not exist in Oracle Fusion."
"SOW20250725JH-04-AMD1","\\phsabc\root\HSSBC\SupplyChainAutomation\ConsultantContract\consultantcr\March2026\SOW20250725JH-04-AMD1","","CONTRACT NOT FOUND","0","Contract number does not exist in Oracle Fusion."
"SOW20250725OD-AMD1","\\phsabc\root\HSSBC\SupplyChainAutomation\ConsultantContract\consultantcr\March2026\SOW20250725OD-AMD1","","CONTRACT NOT FOUND","0","Contract number does not exist in Oracle Fusion."
"SOW20250728CDG_AMD1","\\phsabc\root\HSSBC\SupplyChainAutomation\ConsultantContract\consultantcr\March2026\SOW20250728CDG_AMD1","","CONTRACT NOT FOUND","0","Contract number does not exist in Oracle Fusion."
"SOW20250729-AMD1","\\phsabc\root\HSSBC\SupplyChainAutomation\ConsultantContract\consultantcr\March2026\SOW20250729-AMD1","","CONTRACT NOT FOUND","0","Contract number does not exist in Oracle Fusion."
"SOW20250729RS-AMD3","\\phsabc\root\HSSBC\SupplyChainAutomation\ConsultantContract\consultantcr\March2026\SOW20250729RS-AMD3","","CONTRACT NOT FOUND","0","Contract number does not exist in Oracle Fusion."
"SOW20250808MB1-AMD1","\\phsabc\root\HSSBC\SupplyChainAutomation\ConsultantContract\consultantcr\March2026\SOW20250808MB1-AMD1","","CONTRACT NOT FOUND","0","Contract number does not exist in Oracle Fusion."
"SOW20250808MB3-AMD1","\\phsabc\root\HSSBC\SupplyChainAutomation\ConsultantContract\consultantcr\March2026\SOW20250808MB3-AMD1","","CONTRACT NOT FOUND","0","Contract number does not exist in Oracle Fusion."
"SOW20250811MB2-AMD1","\\phsabc\root\HSSBC\SupplyChainAutomation\ConsultantContract\consultantcr\March2026\SOW20250811MB2-AMD1","","CONTRACT NOT FOUND","0","Contract number does not exist in Oracle Fusion."
"SOW20250811MB3-AMD1","\\phsabc\root\HSSBC\SupplyChainAutomation\ConsultantContract\consultantcr\March2026\SOW20250811MB3-AMD1","","CONTRACT NOT FOUND","0","Contract number does not exist in Oracle Fusion."
"SOW20250814DT-AMD1","\\phsabc\root\HSSBC\SupplyChainAutomation\ConsultantContract\consultantcr\March2026\SOW20250814DT-AMD1","","CONTRACT NOT FOUND","0","Contract number does not exist in Oracle Fusion."
"SOW2025090901CH-AMD1","\\phsabc\root\HSSBC\SupplyChainAutomation\ConsultantContract\consultantcr\March2026\SOW2025090901CH-AMD1","","CONTRACT NOT FOUND","0","Contract number does not exist in Oracle Fusion."
"SOW20250909BM-AMD1","\\phsabc\root\HSSBC\SupplyChainAutomation\ConsultantContract\consultantcr\March2026\SOW20250909BM-AMD1","","CONTRACT NOT FOUND","0","Contract number does not exist in Oracle Fusion."
"SOW20250919OD-AMD1","\\phsabc\root\HSSBC\SupplyChainAutomation\ConsultantContract\consultantcr\March2026\SOW20250919OD-AMD1","","CONTRACT NOT FOUND","0","Contract number does not exist in Oracle Fusion."
"SOW20250922WB-2-AMD1","\\phsabc\root\HSSBC\SupplyChainAutomation\ConsultantContract\consultantcr\March2026\SOW20250922WB-2-AMD1","","CONTRACT NOT FOUND","0","Contract number does not exist in Oracle Fusion."
"SOW20250924WB-1-AMD1","\\phsabc\root\HSSBC\SupplyChainAutomation\ConsultantContract\consultantcr\March2026\SOW20250924WB-1-AMD1","","CONTRACT NOT FOUND","0","Contract number does not exist in Oracle Fusion."
"SOW20250924WB-2-AMD1","\\phsabc\root\HSSBC\SupplyChainAutomation\ConsultantContract\consultantcr\March2026\SOW20250924WB-2-AMD1","","CONTRACT NOT FOUND","0","Contract number does not exist in Oracle Fusion."
"SOW20251016-PIA-BH","\\phsabc\root\HSSBC\SupplyChainAutomation\ConsultantContract\consultantcr\March2026\SOW20251016-PIA-BH","300000007911857","LOADED","2","2 document(s) uploaded to ContractId 300000007911857."
"SOW20251016-PIA-RCH","\\phsabc\root\HSSBC\SupplyChainAutomation\ConsultantContract\consultantcr\March2026\SOW20251016-PIA-RCH","300000007911849","LOADED","2","2 document(s) uploaded to ContractId 300000007911849."
"SOW20251020CH-AMD1","\\phsabc\root\HSSBC\SupplyChainAutomation\ConsultantContract\consultantcr\March2026\SOW20251020CH-AMD1","","CONTRACT NOT FOUND","0","Contract number does not exist in Oracle Fusion."
"SOW20251020GM-AMD2","\\phsabc\root\HSSBC\SupplyChainAutomation\ConsultantContract\consultantcr\March2026\SOW20251020GM-AMD2","","CONTRACT NOT FOUND","0","Contract number does not exist in Oracle Fusion."
"SOW20251103CH-AMD1","\\phsabc\root\HSSBC\SupplyChainAutomation\ConsultantContract\consultantcr\March2026\SOW20251103CH-AMD1","","CONTRACT NOT FOUND","0","Contract number does not exist in Oracle Fusion."
"SOW20251211-POSPF-BH","\\phsabc\root\HSSBC\SupplyChainAutomation\ConsultantContract\consultantcr\March2026\SOW20251211-POSPF-BH","300000007911000","NO DOCUMENTS FOUND","0","Contract found (ContractId 300000007911000) but no ContractDoc/SupportingDoc/PO*/SOW* files under this path."
"SOW20251211-POSPF-RCH","\\phsabc\root\HSSBC\SupplyChainAutomation\ConsultantContract\consultantcr\March2026\SOW20251211-POSPF-RCH","300000007911874","LOADED","2","2 document(s) uploaded to ContractId 300000007911874."
"SOW20251212MB3-AMD1","\\phsabc\root\HSSBC\SupplyChainAutomation\ConsultantContract\consultantcr\March2026\SOW20251212MB3-AMD1","","CONTRACT NOT FOUND","0","Contract number does not exist in Oracle Fusion."
"SOW20260106GM-AMD1","\\phsabc\root\HSSBC\SupplyChainAutomation\ConsultantContract\consultantcr\March2026\SOW20260106GM-AMD1","","CONTRACT NOT FOUND","0","Contract number does not exist in Oracle Fusion."
"SOW20260109SF","\\phsabc\root\HSSBC\SupplyChainAutomation\ConsultantContract\consultantcr\March2026\SOW20260109SF","","CONTRACT NOT FOUND","0","Contract number does not exist in Oracle Fusion."
"SOW20260112HA-1","\\phsabc\root\HSSBC\SupplyChainAutomation\ConsultantContract\consultantcr\March2026\SOW20260112HA-1","300000007912084","LOADED","2","2 document(s) uploaded to ContractId 300000007912084."
"SOW20260115WB-2","\\phsabc\root\HSSBC\SupplyChainAutomation\ConsultantContract\consultantcr\March2026\SOW20260115WB-2","300000007912160","LOADED","2","2 document(s) uploaded to ContractId 300000007912160."
"SOW20260127SV-AMD1","\\phsabc\root\HSSBC\SupplyChainAutomation\ConsultantContract\consultantcr\March2026\SOW20260127SV-AMD1","","CONTRACT NOT FOUND","0","Contract number does not exist in Oracle Fusion."
"SOW20260202JM","\\phsabc\root\HSSBC\SupplyChainAutomation\ConsultantContract\consultantcr\March2026\SOW20260202JM","300000007912191","LOADED","2","2 document(s) uploaded to ContractId 300000007912191."
"SOW20260202MH","\\phsabc\root\HSSBC\SupplyChainAutomation\ConsultantContract\consultantcr\March2026\SOW20260202MH","300000007913117","LOADED","2","2 document(s) uploaded to ContractId 300000007913117."
"SOW20260202MH-1","\\phsabc\root\HSSBC\SupplyChainAutomation\ConsultantContract\consultantcr\March2026\SOW20260202MH-1","300000007911778","LOADED","2","2 document(s) uploaded to ContractId 300000007911778."
"SOW20260202MM","\\phsabc\root\HSSBC\SupplyChainAutomation\ConsultantContract\consultantcr\March2026\SOW20260202MM","300000007912069","LOADED","2","2 document(s) uploaded to ContractId 300000007912069."
"SOW20260203EM","\\phsabc\root\HSSBC\SupplyChainAutomation\ConsultantContract\consultantcr\March2026\SOW20260203EM","300000007911763","LOADED","2","2 document(s) uploaded to ContractId 300000007911763."
"SOW20260204DB","\\phsabc\root\HSSBC\SupplyChainAutomation\ConsultantContract\consultantcr\March2026\SOW20260204DB","300000007916471","LOADED","2","2 document(s) uploaded to ContractId 300000007916471."
"SOW20260204KW","\\phsabc\root\HSSBC\SupplyChainAutomation\ConsultantContract\consultantcr\March2026\SOW20260204KW","300000007913141","LOADED","2","2 document(s) uploaded to ContractId 300000007913141."
"SOW20260209PH","\\phsabc\root\HSSBC\SupplyChainAutomation\ConsultantContract\consultantcr\March2026\SOW20260209PH","300000007911802","LOADED","2","2 document(s) uploaded to ContractId 300000007911802."
"SOW20260211-CC-RCH","\\phsabc\root\HSSBC\SupplyChainAutomation\ConsultantContract\consultantcr\March2026\SOW20260211-CC-RCH","","CONTRACT NOT FOUND","0","Contract number does not exist in Oracle Fusion."
"SOW20260211-SIIDS-RCH","\\phsabc\root\HSSBC\SupplyChainAutomation\ConsultantContract\consultantcr\March2026\SOW20260211-SIIDS-RCH","300000007912198","LOADED","2","2 document(s) uploaded to ContractId 300000007912198."
"SOW20260213CH","\\phsabc\root\HSSBC\SupplyChainAutomation\ConsultantContract\consultantcr\March2026\SOW20260213CH","","CONTRACT NOT FOUND","0","Contract number does not exist in Oracle Fusion."
"SOW20260213CSA","\\phsabc\root\HSSBC\SupplyChainAutomation\ConsultantContract\consultantcr\March2026\SOW20260213CSA","","CONTRACT NOT FOUND","0","Contract number does not exist in Oracle Fusion."
"SOW20260213RS","\\phsabc\root\HSSBC\SupplyChainAutomation\ConsultantContract\consultantcr\March2026\SOW20260213RS","","CONTRACT NOT FOUND","0","Contract number does not exist in Oracle Fusion."
"SOW20260227DT","\\phsabc\root\HSSBC\SupplyChainAutomation\ConsultantContract\consultantcr\March2026\SOW20260227DT","300000007912205","LOADED","2","2 document(s) uploaded to ContractId 300000007912205."
"SOW20260301AM","\\phsabc\root\HSSBC\SupplyChainAutomation\ConsultantContract\consultantcr\March2026\SOW20260301AM","","CONTRACT NOT FOUND","0","Contract number does not exist in Oracle Fusion."
"SOW20260301LD","\\phsabc\root\HSSBC\SupplyChainAutomation\ConsultantContract\consultantcr\March2026\SOW20260301LD","300000007911786","LOADED","2","2 document(s) uploaded to ContractId 300000007911786."
"SOW20260303CS-2","\\phsabc\root\HSSBC\SupplyChainAutomation\ConsultantContract\consultantcr\March2026\SOW20260303CS-2","300000007911756","LOADED","2","2 document(s) uploaded to ContractId 300000007911756."
"SOW20260303CS-3","\\phsabc\root\HSSBC\SupplyChainAutomation\ConsultantContract\consultantcr\March2026\SOW20260303CS-3","300000007911865","LOADED","2","2 document(s) uploaded to ContractId 300000007911865."
"SOW20260303SV","\\phsabc\root\HSSBC\SupplyChainAutomation\ConsultantContract\consultantcr\March2026\SOW20260303SV","","CONTRACT NOT FOUND","0","Contract number does not exist in Oracle Fusion."
"SOW20260304JR","\\phsabc\root\HSSBC\SupplyChainAutomation\ConsultantContract\consultantcr\March2026\SOW20260304JR","300000007912052","LOADED","2","2 document(s) uploaded to ContractId 300000007912052."
"SOW20260306SJ","\\phsabc\root\HSSBC\SupplyChainAutomation\ConsultantContract\consultantcr\March2026\SOW20260306SJ","300000007911635","LOADED","2","2 document(s) uploaded to ContractId 300000007911635."
"SOW2026030CE","\\phsabc\root\HSSBC\SupplyChainAutomation\ConsultantContract\consultantcr\March2026\SOW2026030CE","300000007910905","LOADED","2","2 document(s) uploaded to ContractId 300000007910905."
"SOW2026030DG","\\phsabc\root\HSSBC\SupplyChainAutomation\ConsultantContract\consultantcr\March2026\SOW2026030DG","300000007912214","LOADED","2","2 document(s) uploaded to ContractId 300000007912214."
"SOW2026030JJ","\\phsabc\root\HSSBC\SupplyChainAutomation\ConsultantContract\consultantcr\March2026\SOW2026030JJ","300000007913007","LOADED","2","2 document(s) uploaded to ContractId 300000007913007."
"SOW2026030JS","\\phsabc\root\HSSBC\SupplyChainAutomation\ConsultantContract\consultantcr\March2026\SOW2026030JS","300000007917191","LOADED","2","2 document(s) uploaded to ContractId 300000007917191."
"SOW2026030KB","\\phsabc\root\HSSBC\SupplyChainAutomation\ConsultantContract\consultantcr\March2026\SOW2026030KB","300000007911649","LOADED","2","2 document(s) uploaded to ContractId 300000007911649."
"SOW2026030KM","\\phsabc\root\HSSBC\SupplyChainAutomation\ConsultantContract\consultantcr\March2026\SOW2026030KM","300000007917184","LOADED","2","2 document(s) uploaded to ContractId 300000007917184."
"SOW2026030MFL","\\phsabc\root\HSSBC\SupplyChainAutomation\ConsultantContract\consultantcr\March2026\SOW2026030MFL","300000007913148","LOADED","2","2 document(s) uploaded to ContractId 300000007913148."
"SOW2026030RP","\\phsabc\root\HSSBC\SupplyChainAutomation\ConsultantContract\consultantcr\March2026\SOW2026030RP","300000007911656","LOADED","2","2 document(s) uploaded to ContractId 300000007911656."
"SOW2026030SK","\\phsabc\root\HSSBC\SupplyChainAutomation\ConsultantContract\consultantcr\March2026\SOW2026030SK","","CONTRACT NOT FOUND","0","Contract number does not exist in Oracle Fusion."
"SOW2026030TZ","\\phsabc\root\HSSBC\SupplyChainAutomation\ConsultantContract\consultantcr\March2026\SOW2026030TZ","300000007916479","LOADED","2","2 document(s) uploaded to ContractId 300000007916479."
"SOW20260311RT","\\phsabc\root\HSSBC\SupplyChainAutomation\ConsultantContract\consultantcr\March2026\SOW20260311RT","","CONTRACT NOT FOUND","0","Contract number does not exist in Oracle Fusion."
"SOW20260313EL","\\phsabc\root\HSSBC\SupplyChainAutomation\ConsultantContract\consultantcr\March2026\SOW20260313EL","300000007912093","LOADED","2","2 document(s) uploaded to ContractId 300000007912093."
"SOW20260316BC","\\phsabc\root\HSSBC\SupplyChainAutomation\ConsultantContract\consultantcr\March2026\SOW20260316BC","300000007909988","LOADED","2","2 document(s) uploaded to ContractId 300000007909988."
"SOW20260401MM","\\phsabc\root\HSSBC\SupplyChainAutomation\ConsultantContract\consultantcr\March2026\SOW20260401MM","300000007910975","LOADED","2","2 document(s) uploaded to ContractId 300000007910975."